﻿line_number,content,category,character
1,{{面包屑|版本更新}}[[分类:版本更新]],default,
2,[[文件:1.2版本「仙骸有终」更新专题.png|900px|center]],default,
3,{{提示消息|黄色|,default,
4,万物终有尽头，毋论仙凡。这绝非不仁的天罚，而是宽赦。<br>,default,
5,亲爱的开拓者：<br>,content,亲爱的开拓者
6,欢迎来到1.2版本「仙骸有终」！<br><br>,default,
7,<big>'''更新时间'''</big><br>,default,
8,2023/07/19 06:00 (UTC+8)开始，预计需要5个小时。<br>,default,
9,{{计时|2023|07|19|6|00|编号=1}},default,
10,更新时间可能会根据实际情况有所调整，请开拓者以实际能够进入游戏的时间为准。<br><br>,default,
11,<big>'''更新方式'''</big><br>,default,
12,版本更新维护开始后，开拓者可依照游戏内指引进行更新。<br>,default,
13,*PC端：关闭游戏后，重启启动器并点击更新<br>,content,端
14,*安卓端：进入游戏后，按照游戏内弹窗提示完成更新<br>,content,安卓端
15,*iOS端：进入App Store，点击更新<br><br>,content,端
16,<big>'''补偿说明'''</big><br>,default,
17,■停服更新补偿<br>,default,
18,补偿内容：{{图标|星琼|300}}<br>,content,补偿内容
19,补偿对象：2023/07/19 06:00 (UTC+8)前，开拓等级≥4级的开拓者<br>,content,补偿对象
20,※领取时间截至1.3版本停服维护前。<br><br>,default,
21,■问题修复补偿<br>,default,
22,补偿内容：{{图标|星琼|300}}<br>,content,补偿内容
23,补偿对象：2023/07/19 06:00 (UTC+8)前，开拓等级≥4级的开拓者<br>,content,补偿对象
24,※请开拓者于2023/08/18 23:59前上线收取邮件。,default,
25,以上补偿列车组将在更新完成后的5小时内，以游戏内邮件的形式为开拓者发放补偿，请及时领取补偿。<br><br>,default,
26,<big>'''版本内容前瞻'''</big><br>,default,
27,开拓者可点击前往1.2版本「仙骸有终」专题展示页了解详情。<br>,default,
28,点击前往：https://mhyurl.cn/19aSDBAd<br><br>,content,点击前往
29,<big>'''设备要求'''</big><br>,default,
30,■推荐配置如下：<br>,content,推荐配置如下
31,*PC端：<br>,content,端
32,设备：i7/8G内存/独立显卡、GTX1060及以上配置<br>,content,设备
33,系统：win10 64位或以上系统<br>,content,系统
34,*安卓端：<br>,content,安卓端
35,设备：CPU为骁龙855、天玑1000、麒麟990及以上性能处理器安卓设备<br>,content,设备
36,内存：6G及以上内存<br>,content,内存
37,系统：Android 9或以上系统<br>,content,系统
38,*iOS端：<br>,content,端
39,设备：iPhoneX、iPhoneXR及以上机型；搭载A12及以上型号处理器的iPad<br>,content,设备
40,系统：iOS 11.0或以上系统<br>,content,系统
41,<br>,default,
42,■支持配置如下：<br>,content,支持配置如下
43,*PC端：<br>,content,端
44,设备：i3/6G内存/独立显卡、GTX650及以上配置<br>,content,设备
45,系统：win7 64位或以上系统<br>,content,系统
46,*安卓端：<br>,content,安卓端
47,设备：CPU为骁龙835、天玑720、麒麟810及以上性能处理器安卓设备<br>,content,设备
48,内存：4G及以上内存<br>,content,内存
49,系统：Android 8或以上系统<br>,content,系统
50,*iOS端：<br>,content,端
51,设备：iPhone 8 Plus及以上机型；搭载A10及以上型号处理器的iPad<br>,content,设备
52,系统：iOS 10.0或以上系统<br>,content,系统
53,}},default,
54,==版本全新内容==,default,
55,=== 1、全新场景 ===,default,
56,'''■丹鼎司''',default,
57,,default,
58,「丹鼎司」曾是阐演仙道之所在。然而随着建木毁弃，其地位一落千丈，再也不能左右仙舟权力。,default,
59,,default,
60,,default,
61,'''■鳞渊境''',default,
62,,default,
63,波月古海，持明胜境。数千年前，为遏制建木生长，持眀族以此洞天为容器，封印了建木玄根。,default,
64,,default,
65,===2、全新角色===,default,
66,{{图标/角色|刃}},default,
67,'''■5星「刃（毁灭•风）」''',default,
68,,default,
69,刃是一名毁灭命途的风属性角色，他在多次生命值降低后自动对敌方全体造成伤害，也可以通过消耗生命值施放强力技能。,default,
70,,default,
71,可通过角色活动跃迁「业途游魂」获得。,default,
72,,default,
73,,default,
74,{{图标/角色|卡芙卡}},default,
75,'''■5星「卡芙卡（虚无•雷）」''',default,
76,,default,
77,卡芙卡是一名虚无命途的雷属性角色，她可以使敌方的持续伤害立刻额外触发1次，并有多种方式使敌方陷入触电状态。,default,
78,,default,
79,可通过角色活动跃迁「夜将不眠」获得。,default,
80,,default,
81,,default,
82,{{图标/角色|卢卡}},default,
83,'''■4星「卢卡（虚无•物理）」''',default,
84,,default,
85,卢卡是一名虚无命途的物理属性角色，他在多次攻击后可获得强力技能，使敌方的裂伤状态立刻额外触发1次，战技可使敌方陷入裂伤状态。,default,
86,,default,
87,可通过角色活动跃迁「夜将不眠」获得。,default,
88,,default,
89,=== 3、全新光锥 ===,default,
90,{{图标/光锥|到不了的彼岸}},default,
91,'''■5星「到不了的彼岸（毁灭）」''',default,
92,,default,
93,可通过光锥活动跃迁「流光定影」获得。,default,
94,,default,
95,,default,
96,{{图标/光锥|只需等待}},default,
97,'''■5星「只需等待（虚无）」''',default,
98,,default,
99,可通过光锥活动跃迁「流光定影」获得。,default,
100,,default,
101,=== 4、全新剧情 ===,branch_content,
102,==== ■开拓任务 ====,default,
103,*「仙舟『罗浮』」-「[[云树百丈蔽重楼]]」,default,
104,,default,
105,「将星核带入仙舟并启动的另有其人，这其中既有内忧，也有外患。」,default,
106,,default,
107,此刻，枯朽死灭的神木开始重新生长，星核猎手将你们引至仙舟的用意渐渐崭露……,default,
108,,default,
109,开放时间：1.2版本更新后永久开放,content,开放时间
110,,default,
111,开放条件：完成开拓任务「仙舟『罗浮』」-「[[茸客鸣呦，玉角盘虬]]」。,content,开放条件
112,,default,
113,==== ■同行任务 ====,default,
114,*「[[因为我已触碰过天空]]」,default,
115,,default,
116,想要进一步了解驭空的过去，果然还是应该去司辰宫找找看。陪晴霓到处找找吧，她在这里见证的过去，也许会改变她的人生。,default,
117,,default,
118,开放时间：1.2版本更新后永久开放,content,开放时间
119,,default,
120,开放条件：完成开拓任务「仙舟『罗浮』」-「[[有龙矫矫，其渊渺渺]]」，且在场景「迴星港」阅读指定短信后开放。,content,开放条件
121,,default,
122,,default,
123,*「[[陌生女人的来信]]」,default,
124,,default,
125,开放时间：2023/08/09 12:00后永久开放,content,开放时间
126,,default,
127,开放条件：完成开拓任务「仙舟『罗浮』」-「[[有龙矫矫，其渊渺渺]]」，且阅读指定短信后开放。,content,开放条件
128,,default,
129,=== 5、全新活动 ===,default,
130,,default,
131,'''■[[「评书奇谭」]]''',default,
132,,default,
133,2023/07/21 12:00 - 2023/08/07 03:59,default,
134,,default,
135,罗浮的危机暂时平息，无名客的功绩广为流传。星槎海那位说书的西衍先生似乎对你们的冒险很感兴趣，还打算改编成一折评书……,default,
136,,default,
137,开拓等级≥21级，且完成开拓任务「仙舟『罗浮』」-「[[有龙矫矫，其渊渺渺]]」后开启。,default,
138,,default,
139,,default,
140,'''■[[「地城探宝」]]''',default,
141,,default,
142,2023/08/09 12:00 - 2023/08/28 03:59,default,
143,,default,
144,最近的贝洛伯格兴起了「寻宝」的热潮，大量古代遗物出现在了下层区中，而这一切似乎都与大矿区的古代遗迹有关……,default,
145,,default,
146,开拓等级≥21级，且完成开拓任务「雅利洛-VI」-「[[静静的星河]]」后开启。,default,
147,,default,
148,,default,
149,'''■[[「巡星之礼」第二期]]''',default,
150,,default,
151,活动期间，每日登录游戏即可获得签到奖励。完成7日签到累计可领取星轨专票*10！,default,
152,,default,
153,※其他活动请关注后续官方公告。,default,
154,,default,
155,=== 6、其他内容 ===,default,
156,==== ■敌方 ====,default,
157,*{{图标|不死神实•幻胧}}、{{图标|承露天人}}、{{图标|丰饶灵兽•长右}}、{{图标|「药王秘传」器元士}}、{{图标|丰饶灵兽•娄金}}、{{图标|丰饶灵兽•奎木}}、{{图标|云骑骁卫•彦卿}}；,default,
158,,default,
159,*「模拟宇宙」中新增敌方「{{图标|丰饶玄鹿（完整）}}」「{{图标|金人司阍（错误）}}」「{{图标|「药王秘传」炼形者（错误）}}」 。,default,
160,,default,
161,==== ■玩法 ====,default,
162,,default,
163,*[[第七世界•模拟宇宙]],default,
164,,default,
165,挑战「第七世界•模拟宇宙」，开拓者可使用开拓力或沉浸器，在「沉浸奖励」处兑换全新位面饰品。,default,
166,,default,
167,完成开拓任务「仙舟『罗浮』」-「茸客鸣呦，玉角盘虬」并通关「第六世界•「模拟宇宙」」,default,
168,,default,
169,后，「模拟宇宙」中将开启「第七世界」。,default,
170,,default,
171,,default,
172,*忘却之庭•天艟求仙迷航录,default,
173,,default,
174,忘却之庭收集了关于仙舟的回忆，新的挑战等待开启……,default,
175,,default,
176,完成开拓任务「仙舟『罗浮』」-「[[有龙矫矫，其渊渺渺]]」后，「忘却之庭」中将开启新回忆「天艟求仙迷航录」。,default,
177,,default,
178,通关「忘却之庭•仙舟回忆其一」后可获取4星角色「{{图标|驭空}}（同谐•虚数）」。,default,
179,,default,
180,,default,
181,*'''「忘却之庭•混沌回忆」中的记忆紊流及敌方配置更新，详情请参考如下说明：''',content,详情请参考如下说明
182,,default,
183,孤航天海,default,
184,,default,
185,2023/07/24  04:00 - 2023/08/07 04:00,default,
186,,default,
187,我方目标受到攻击或消耗生命值时，获得1层【记忆印记】。每层【记忆印记】使目标受到的伤害降低12%，该效果最多叠加3层。每个轮开始时，依据我方目标当前最高的【记忆印记】层数对敌方全体造成固定数值的伤害，并解除我方全体所有的【记忆印记】。,default,
188,,default,
189,,default,
190,泪雨长战,default,
191,,default,
192,2023/08/07 04:00 - 2023/08/21 04:00,default,
193,,default,
194,我方角色施放追加攻击后，使受到攻击的敌方目标全属性抗性降低30%，持续2回合。,default,
195,,default,
196,,default,
197,药王垂迹,default,
198,,default,
199,2023/08/21 04:00 - 2023/09/04 04:00,default,
200,,default,
201,每个轮开始时，使敌方全体当前承受的所有持续伤害立即产生相当于原伤害200%的伤害。,default,
202,,default,
203,,default,
204,*[[天空之眼•历战探游]],default,
205,,default,
206,于同行任务「[[因为我已触碰过天空]]」完成后开启。,default,
207,,default,
208,==== ■关卡 ====,default,
209,,default,
210,*[[天人之形•凝滞虚影]],default,
211,,default,
212,开启条件：完成开拓任务「仙舟『罗浮』」-「[[金鼎灵树，穷途梼杌]]」,content,开启条件
213,,default,
214,所在场景：仙舟「罗浮」- 丹鼎司,content,所在场景
215,,default,
216,关卡说明：成功挑战关卡可获得风属性角色的晋升材料「{{图标|天人遗垢}}」与信用点奖励。,content,关卡说明
217,,default,
218,,default,
219,*[[药使之径•侵蚀隧洞]],default,
220,,default,
221,开启条件：完成冒险任务「侵蚀隧洞」并解锁场景 仙舟「罗浮」- 丹鼎司,content,开启条件
222,,default,
223,所在场景：仙舟「罗浮」- 丹鼎司,content,所在场景
224,,default,
225,关卡说明：成功挑战关卡可获得隧洞遗器「{{图标|宝命长存的莳者}}」「{{图标|骇域漫游的信使}}」与信用点奖励。,content,关卡说明
226,,default,
227,,default,
228,*[[不死的神实•历战余响]],default,
229,,default,
230,开启条件：完成开拓任务「仙舟『罗浮』」-「[[有龙矫矫，其渊渺渺]]」,content,开启条件
231,,default,
232,所在场景：仙舟「罗浮」- 鳞渊境,content,所在场景
233,,default,
234,关卡说明：成功挑战关卡可获得行迹升级的高阶素材「{{图标|无穷假身的遗恨}}」与流光余晖、信用点等奖励。,content,关卡说明
235,,default,
236,,default,
237,*勠力偕行,default,
238,,default,
239,开放时间：1.2版本更新后 - 永久,content,开放时间
240,,default,
241,关卡内容：可试用角色「{{图标|姬子}}（智识•火）」「{{图标|瓦尔特}}（虚无•虚数）」「{{图标|布洛妮娅}}（同谐•风）」「{{图标|杰帕德}}（存护•冰）」「{{图标|克拉拉}}（毁灭•物理）」「{{图标|彦卿}}（巡猎•冰）」「{{图标|白露}}（丰饶•雷）」体验关卡，达成挑战后，可获得星琼、冒险记录、通用培养材料奖励。,content,关卡内容
242,,default,
243,==== ■遗器 ====,default,
244,*位面饰品「{{图标|繁星竞技场}}」,default,
245,,default,
246,*位面饰品「{{图标|折断的龙骨}}」,default,
247,,default,
248,*隧洞遗器「{{图标|宝命长存的莳者}}」,default,
249,,default,
250,*隧洞遗器「{{图标|骇域漫游的信使}}」,default,
251,,default,
252,==== ■任务 ====,default,
253,,default,
254,*系列冒险任务「[[陶德•雷奥登的学术研究]]」,default,
255,,default,
256,*冒险任务「[[动物凶猛]]」,default,
257,,default,
258,*冒险任务「[[诗仙机器人]]」,default,
259,,default,
260,==== ■系统 ====,default,
261,,default,
262,*新增了【护眼模式】，可在“手机-设置”界面进行设置。,default,
263,,default,
264,*新增了聊天气泡框，开拓者替换气泡框后，短信及好友聊天界面中由开拓者发出的气泡将会替换样式。当前版本可通过完成[[「地城探宝」]]活动获取聊天气泡框「{{图标|兔子在哪里？}}」。,default,
265,,default,
266,*新增了【账户设置】快捷入口，可点击/ESC打开手机界面查看。,default,
267,,default,
268,*新增了当开拓等级达到70级（满级）时，将溢出的里程转化为信用点的功能。,default,
269,,default,
270,*新增了材料销毁功能。,default,
271,,default,
272,*漫游签证中新增了有关【生日】的展示设置，开拓者可选择是否将生日展示给其他开拓者。,default,
273,,default,
274,*战斗中新增有关通关条件、额外战斗目标的提示。,default,
275,,default,
276,*新增了材料「{{图标|遗失晶块}}」的描述说明。,default,
277,,default,
278,*新增了无名勋礼星海宝藏界面中光锥的星级展示。,default,
279,,default,
280,==== ■其他 ====,default,
281,,default,
282,*新增了敌方在被添加弱点时，生命值UI上的动效表现。,default,
283,,default,
284,*场景「三月七的房间」的照片墙中新增了部分照片，开拓者可在完成对应开拓任务后前往查看。,default,
285,,default,
286,*新增了部分唱片。,default,
287,,default,
288,*新增了可获取的阅读物。,default,
289,,default,
290,*移动端新增了当开拓力全部恢复时和委托全部完成的提醒推送。,default,
291,,default,
292,*新增了使用非好友的支援角色时，回到主界面时推荐好友的弹窗提示音效。,default,
293,,default,
294,*新增了部分地形的脚步音效。,default,
295,,default,
296,*新增了部分敌方在战斗中悬浮后跌落的音效。,default,
297,,default,
298,==调整及优化 ==,default,
299,,default,
300,=== ■角色及敌方 ===,default,
301,,default,
302,*调整了角色「{{图标|彦卿}}（巡猎•冰）」施放秘技时的提示文字，由「攻击提高」调整为「伤害提高」，与生效效果和描述保持一致。,default,
303,,default,
304,*调整了角色「{{图标|丹恒}}（巡猎•风）」在场景中施放普攻时武器出现的表现。,default,
305,,default,
306,*优化了部分角色的部分动作，如角色「{{图标|娜塔莎}}」「{{图标|驭空}}」「{{图标|银狼}}」。,default,
307,,default,
308,*调整了部分敌方生命值显示的时机。,default,
309,,default,
310,*优化了部分敌方在场景中的动作表现。,default,
311,,default,
312,*优化了部分敌方被冻结时的表现。,default,
313,,default,
314,*优化了战斗内部分敌方的提示样式。,default,
315,,default,
316,*优化了部分敌方被击飞时的表现。,default,
317,,default,
318,=== ■系统 ===,default,
319,,default,
320,*调整了部分关卡的传送点范围，传送后可以直接与关卡交互。,default,
321,,default,
322,*调整了「地球周」连续登录成就中显示当天连续登录天数的文本。,default,
323,,default,
324,*优化了角色详情中行迹界面的表现形式。开拓者可查看部分行迹的等级及等级上限。,default,
325,,default,
326,*优化了「忘却之庭」的界面展示。,default,
327,,default,
328,*优化了部分任务流程中，提交道具时的UI界面，优化后部分任务中可在提交界面看到各个道具的名称。,default,
329,,default,
330,*优化了历战探游模式中的部分UI界面，详情如下：,content,详情如下
331,,default,
332,1）探游模式中点击ESC/左上角退出按键时，详情界面中的挑战目标显示更明晰。,default,
333,,default,
334,2）选择【直接退出】时新增二次确认。,default,
335,,default,
336,3）通关任意难度的历战探游后，将为开拓者跳转至下一难度的探游模式界面。,default,
337,,default,
338,*优化了部分提示的展示效果。,default,
339,,default,
340,*优化了【导航】界面中，追踪任务时的体验。,default,
341,,default,
342,*优化了使用【推荐装配】为角色装备遗器时的推荐体验。,default,
343,,default,
344,*优化了部分材料的获取途径，现已支持直接点击材料跳转商店「余烬兑换」兑换。,default,
345,,default,
346,*优化了敌方在智库中的展示效果。,default,
347,,default,
348,*优化了「每日实训」中，有关合成材料相关任务的跳转逻辑。,default,
349,,default,
350,*优化了将好友加入黑名单后历史聊天展示。,default,
351,,default,
352,=== ■战斗 ===,default,
353,,default,
354,*优化了从「星际和平指南」跳转至「模拟宇宙」的显示。,default,
355,,default,
356,*优化了战斗中开启自动战斗时，角色「{{图标|布洛妮娅}}（同谐•风）」和「{{图标|停云}}（同谐•雷）」的自动施放技能的逻辑。,default,
357,,default,
358,*优化了战斗中「弱点击破」效果的表现。,default,
359,,default,
360,*优化了角色持有护盾被击破时的特效表现。,default,
361,,default,
362,*优化了战斗时网络环境不佳时的提示。,default,
363,,default,
364,*优化了持续伤害的UI动效表现。,default,
365,,default,
366,*优化了敌方获得屏障效果时的表现。,default,
367,,default,
368,*优化了通过特殊方式获得和消耗战技点时的提示。,default,
369,,default,
370,*优化了持续伤害易伤效果的图标。,default,
371,,default,
372,*优化了敌方首领敌人受到攻击时的UI动效表现。,default,
373,,default,
374,*优化了战斗中回复生命值时的图标显示，对应图标的显示更加清晰。,default,
375,,default,
376,=== ■任务 ===,default,
377,,default,
378,*调整了「[[蝮蛇鸩鸟，万寿迢迢]]」和「[[以盲为明，天之僇民]]」的任务类型，由【开拓任务】调整为【冒险任务】，并调整了任务接取流程。,default,
379,,default,
380,*上述任务过程中可获得的成就类型，将同步由【[[通往群星的轨道]]】调整至【[[与你同行的回忆]]】分类下。已完成对应任务的开拓者任务进度不受影响，但任务成就类型将发生改变。,default,
381,,default,
382,=== ■场景 ===,default,
383,,default,
384,*优化了部分场景中的光照表现。,default,
385,,default,
386,*优化了部分场景表现。,default,
387,,default,
388,*优化了在移动端设备部分画质设置下，场景「历史文化博物馆」的灯光表现。,default,
389,,default,
390,*优化了安卓端在场景「残响回廊」的场景表现。,default,
391,,default,
392,=== ■音频 ===,default,
393,,default,
394,*优化了「雅利洛-Ⅵ」的雪地场景中的脚步音效。,default,
395,,default,
396,*优化了白露同行任务中部分背景音乐。,default,
397,,default,
398,*优化了窗口切换时候NPC语音的表现。,default,
399,,default,
400,=== ■其他 ===,default,
401,,default,
402,*调整了跃迁界面断线重连后的流程，调整后跃迁界面断线重连将会回到当前场景。,default,
403,,default,
404,*更新了「模拟宇宙」中奇物「{{图标|信标着色剂}}」的背景文本描述。,default,
405,,default,
406,*优化了PC端游戏内指针的大小逻辑，优化后当Windows系统鼠标指针放大时，游戏内指针大小不会随之变化。,default,
407,,default,
408,*优化了使用PC端体验部分剧情动画时，动画的清晰度。,branch_content,
409,,default,
410,*优化了折叠屏设备的游戏画面适配表现。,default,
411,,default,
412,*优化了部分界面的字体表现。,default,
413,,default,
414,== 问题修复 ==,default,
415,,default,
416,=== ■角色及敌方 ===,default,
417,,default,
418,*修复了角色「{{图标|银狼}}（虚无•量子）」战技特效在对战部分体积较大的敌方时出现位置过低的问题。,default,
419,,default,
420,*修复了角色「{{图标|银狼}}（虚无•量子）」施放普攻击破弱点时，特效有概率异常的问题。,default,
421,,default,
422,*修复了角色「{{图标|银狼}}（虚无•量子）」的星魂2「僵尸网络」的效果在特定情况下异常消失的问题。,default,
423,,default,
424,*修复了特定情况下，角色「{{图标|罗刹}}（丰饶•虚数）」战技自动治疗触发时，若被治疗目标处于无法战斗状态，本场战斗内「罗刹」战技的自动治疗效果无法继续触发的问题。,default,
425,,default,
426,*修复了角色「{{图标|克拉拉}}（毁灭•物理）」施放秘技同时打开导航界面，传送后秘技点表现异常的问题。,default,
427,,default,
428,*修复了特殊情况下，角色「{{图标|克拉拉}}（毁灭•物理）」施放普攻时的视角表现异常的问题。,default,
429,,default,
430,*修复了角色「{{图标|布洛妮娅}}（同谐•风）」行迹「阵地」效果在特定情况下会异常出现提示的问题。,default,
431,,default,
432,*修复了角色「{{图标|彦卿}}（巡猎•冰）」终结技效果文字提示在一倍速时异常不显示的问题。,default,
433,,default,
434,*修复了在战斗实况界面中，角色「{{图标|景元}}（智识•雷）」武器模型动效异常的问题。,default,
435,,default,
436,*修复了角色「{{图标|景元}}（智识•雷）」待机动作中瞳孔表现异常的问题。,default,
437,,default,
438,*修复了角色「{{图标|小|开拓者•存护}}[[开拓者•存护|开拓者]]（存护•火）」有概率出现待机音效异常的问题。,default,
439,,default,
440,*修复了角色「{{图标|佩拉}}（虚无•冰）」星魂4「完全剖析」的图标错误的问题。,default,
441,,default,
442,*修复了角色「{{图标|驭空}}（同谐•虚数）」在特定情况下无法战斗后，会导致队友的「鸣弦号令」效果未及时消失的问题。,default,
443,,default,
444,*修复了在特定情况下，角色「{{图标|驭空}}（同谐•虚数）」的秘技效果异常生效的问题。,default,
445,,default,
446,*修复了在特定情况下，战斗实况中角色「{{图标|驭空}}（同谐•虚数）」的战技效果将异常显示在敌方上的问题。,default,
447,,default,
448,*修复了部分角色的穿模问题。,default,
449,,default,
450,*修复了特定敌方被角色「{{图标|希儿}}（巡猎•量子）」触发的量子击破纠缠伤害或「乱蝶」附加伤害消灭时插入终结技「乱蝶」，将异常触发「再现」效果的问题。,default,
451,,default,
452,*修复了敌方「{{图标|外宇宙之冰}}」在特定情况下被消灭时，特效异常的问题。,default,
453,,default,
454,=== ■系统 ===,default,
455,,default,
456,*修复了邮件列表翻页滑动时，邮件标题会异常变化的问题。,default,
457,,default,
458,*修复了在网络环境不佳时，聊天功能将出现异常表现的问题。,default,
459,,default,
460,*修复了头像「{{图标|垃圾桶}}」实际获取途径与描述不符的问题。,default,
461,,default,
462,*修复聊天输入字符过多时将超出输入框的问题。,default,
463,,default,
464,*修复了游戏在竖屏设置下启动，分辨率显示可能异常的问题。,default,
465,,default,
466,*修复了属性详情界面部分数值取整错误的问题。,default,
467,,default,
468,*修复了单次跃迁后分享结果时，图片中缺少UID等信息的问题。,default,
469,,default,
470,*修复了角色「{{图标|克拉拉}}」「{{图标|白露}}」「{{图标|素裳}}」与奇物「定分枪」交互无法获得打分的问题。,default,
471,,default,
472,*修复了「模拟宇宙」图鉴中的部分文本错误。,default,
473,,default,
474,*修复了开启导航界面时同时按方向键下键，选中光标将异常下移的问题。,default,
475,,default,
476,*修复了使用手柄时，委托界面有概率丢失选中框的问题。,default,
477,,default,
478,*修复了手柄完成星魂引导后，部分按键失效的问题。,default,
479,,default,
480,*修正了手柄打开部分道具购买界面时有多余的键位引导的问题。,default,
481,,default,
482,*修正了活动界面手柄按钮切换的引导说明。,default,
483,,default,
484,*修复了在「模拟宇宙」界面中，使用手柄无法通过十字键切换世界的问题。,default,
485,,default,
486,*修复了特殊分辨率下，画面有概率异常出现黑色色块的问题。,default,
487,,default,
488,*修复了来自NPC「{{图标|埃美丽}}」等人的短信错误被分配到了角色短信分类的问题。,default,
489,,default,
490,=== ■战斗 ===,default,
491,,default,
492,*修复了光锥「{{图标|记一位星神的陨落}}（毁灭）」效果在战斗中首次攻击的第一段伤害计算时未能正常生效的问题。,default,
493,,default,
494,*修复了部分敌方被消灭时的特效不会随战斗内镜头缩放的问题。,default,
495,,default,
496,*修复了部分秘技施放后，秘技点显示已被消耗但实际并未被消耗的问题。,default,
497,,default,
498,*修复了游戏内部分镜头模糊效果持续时间异常的问题。,default,
499,,default,
500,*修复了战斗实况中敌方「{{图标|末日兽}}」韧性条异常展示的问题。,default,
501,,default,
502,*修复了特定情况下，护盾特效异常消失的问题。,default,
503,,default,
504,*修复了敌方「{{图标|小|杰帕德（敌方）}}[[杰帕德（敌方）|杰帕德]]」在战斗中受击时的异常动画效果。,default,
505,,default,
506,*修复了开拓任务流程中，与敌方「{{图标|小|可可利亚（敌方）}}[[可可利亚（敌方）|可可利亚]]」交战前，特定操作下将导致战技点图标异常出现的问题。,default,
507,,default,
508,*修复了进入战斗同时打开游戏内手机界面，会导致手机界面异常重叠在进入战斗特效上方的问题。,default,
509,,default,
510,=== ■场景 ===,default,
511,,default,
512,*修复了活动[[「冬城博物珍奇簿」]]中，获取展品「流星碎片」后有概率不显示的问题。,default,
513,,default,
514,*修复了在部分场景中，角色有概率异常卡住的问题。,default,
515,,default,
516,*修复了场景「磐岩镇」中部分海报被裁切的问题，及部分物件穿模的问题。,default,
517,,default,
518,*修复了使用移动端时，场景「历史文化博物馆」地面过亮的问题。,default,
519,,default,
520,*修复了「模拟宇宙」中部分场景可异常穿过光栅、交互物浮空及摆放位置异常的问题。,default,
521,,default,
522,*修复了场景「太卜司」「工造司」地图中，战斗环境表现异常的问题。,default,
523,,default,
524,*修复了远程攻击无法一次性击破聚合的可破坏物的问题。,default,
525,,default,
526,*修复了部分机型上，场景「迴星港」表现异常的问题。,default,
527,,default,
528,*修复了场景「观景车厢」中部分镜面反射显示效果异常的问题。,default,
529,,default,
530,*修复了场景「历史文化博物馆」中部分NPC角色阴影显示异常的问题。,default,
531,,default,
532,*修复了场景「收容舱段」中部分角色阴影效果显示异常的问题,default,
533,,default,
534,*修复了场景「历史文化博物馆」投影仪播放的图片中，开拓者角色性别显示错误的问题。,default,
535,,default,
536,*修复了场景「工造司」，角色可穿过部分场景物件的问题。,default,
537,,default,
538,*修复了使用PC端并在特定画质质量下，部分场景内植物模型未能正常显示的问题。,default,
539,,default,
540,*修复了历战探游「[[历战探游•以眼还眼|以眼还眼]]」中部分难度下场景中无人机道具无法正常触发的问题。,default,
541,,default,
542,*修复了场景「支援舱段」部分物件有概率阻碍场景内移动的问题。,default,
543,,default,
544,*修复了部分场景中NPC模型陷入地面的问题。,default,
545,,default,
546,*修复了同行任务「[[譬如朝露]]」中，场景「流云渡」的大门有概率异常开启2次的问题。,default,
547,,default,
548,=== ■活动及玩法 ===,default,
549,,default,
550,*修复了「模拟宇宙」部分区域的可破坏物会出现在无法攻击的位置的问题。,default,
551,,default,
552,*修复了「模拟宇宙」中的奇物「{{图标|换境桂冠}}」在遇到事件触发的战斗时，战败之后奇物会生效使战斗变成胜利，但是不会获得事件提供的祝福的问题。,default,
553,,default,
554,*修复了「模拟宇宙」中选择奇物界面中部分文本排版问题。,default,
555,,default,
556,*修复了「模拟宇宙」中使用武器为枪、弓箭等远程攻击的角色攻击敌方弱点进入战斗时，同时按ESC，将导致游戏进程异常的问题。,default,
557,,default,
558,*修复了在「模拟宇宙」的图鉴界面中，进行特定操作将导致图鉴文本错位的问题。,default,
559,,default,
560,*修复了「模拟宇宙」遇到事件时，如果有无法选择的选项，选择其他选项时，无法选择的选项会异常闪烁的问题。,option,开拓者
561,,default,
562,*修复了「模拟宇宙」中事件「[[周期性大魔王]]」的文本错误。,default,
563,,default,
564,*修复了「模拟宇宙」的「{{图标|存护扑满}}」护盾会在特定操作下被异常解除的问题。,default,
565,,default,
566,*修复了忘却之庭中敌方「{{图标|丰饶玄鹿}}」被消灭后模型异常残留的问题。,default,
567,,default,
568,*修复了[[「冬城博物珍奇簿」]]活动在达到辉煌鼎盛阶段后无法继续经营，导致部分开拓者无法完成限时任务的问题。,default,
569,,default,
570,*修复了活动[[「冬城博物珍奇簿」]]中，【付费宣传】标记可以被异常点击的问题。,default,
571,,default,
572,*修复了玩法「搏击俱乐部」在特定情况下，关卡进度显示异常的问题。,default,
573,,default,
574,*修复了玩法「搏击俱乐部」中，完成第二轮抽选后，无法查看已有增益按钮的问题。,default,
575,,default,
576,=== ■任务 ===,default,
577,,default,
578,*修复了冒险任务「[[导览员募集•娜塔莎]]」中部分对话缺失的问题。,default,
579,,default,
580,*修复了冒险任务「[[漫藏诲盗•其三]]」中部分任务指引点消失的问题。,default,
581,,default,
582,*修复了冒险任务「[[漫藏诲盗•其二]]」有概率被提前接取到的问题。,default,
583,,default,
584,*修复了冒险任务「[[漫藏诲盗•其三]]」过程中有概率异常触发特定交互对话的问题。,default,
585,,default,
586,*修复了NPC「{{图标|斯薇塔}}」在多个任务链中同时出现的问题。,default,
587,,default,
588,*修复了同行任务「[[霜刃一试]]」在特定情况下会异常中断追踪的问题。,default,
589,,default,
590,*修复了与NPC「{{图标|大毫}}」对话时，同行任务「譬如朝露」相关选项未高亮的问题。,option,开拓者
591,,default,
592,*修复了同行任务「[[譬如朝露]]」中部分对话发言人错误的问题。,default,
593,,default,
594,*修复了冒险任务「[[导览员募集•希儿]]」中部分对话逻辑顺序异常的问题。,default,
595,,default,
596,*修复了同行任务「[[霜刃一试]]」任务中战斗实况界面的剧情角色技能异常显示问题。,branch_content,
597,,default,
598,*修复了同行任务「[[隐秘的角落]]」战斗外部分敌方名称显示错误的问题。,default,
599,,default,
600,*修复了完成交互事件后，道具「{{图标|八成新的热动力矿镐}}」未被正确回收的问题。,default,
601,,default,
602,===■音频 ===,default,
603,,default,
604,*修复了在场景「歌剧院」和「历史文化博物馆」周围的异常音效的问题。,default,
605,,default,
606,*修复了当语言语音为日语/英语/韩语时，同行任务「[[霜刃一试]]」中的角色「{{图标|三月七}}」部分台词的表现。,default,
607,,default,
608,*调整了当语言语音为日语时，角色「{{图标|瓦尔特}}」的「关于自己•曾经的工作」的语音表现。,default,
609,,default,
610,*调整了当语言语音为日语时，角色「{{图标|白露}}」的「闲谈•饮食」的语音表现。,default,
611,,default,
612,*调整了当语言语音为英语时，与场景「观景车厢」中的NPC「{{图标|瓦尔特}}」对话时，「有关丹恒」的部分语音表现。,default,
613,,default,
614,*调整了当语言语音为英语时，同行任务「[[朋克洛德精神]]」中的部分对话语音表现。,default,
615,,default,
616,*调整了当语言语音为韩语时，角色「{{图标|停云}}」的待机语音表现。,default,
617,,default,
618,*调整了当语言语音为韩语时，开拓任务「仙舟『罗浮』」-「[[茸客鸣呦，玉角盘虬]]」剧情动画中，角色「{{图标|符玄}}」的部分对话语音表现。,branch_content,
619,,default,
620,=== ■其他 ===,default,
621,,default,
622,*修复了在特定场景中站在部分角色前时，后方角色眼睛显示异常的问题。,default,
623,,default,
624,*修复了特定剧情动画中人物有概率变黑的问题。,branch_content,
625,,default,
626,*修复了部分安卓端在兼容模式下，登录界面的星穹列车特效显示异常的问题。,default,
627,,default,
628,*修复了部分安卓端将图像质量切换至低画质时，进入战斗场景响应延迟较高的问题。,default,
629,,default,
630,*修复了场景「空间站『黑塔』」中的部分场景会异常触发关门音效的问题。,default,
631,,default,
632,*对13个语言的游戏内文本进行了调整、优化及修复，此类调整不会影响实际效果。开拓者可通过“手机界面-设置-语言”切换游戏语言，并查看公告中包含的改动。,default,
633,,default,
634,,default,
635,'''其中简体中文的修复和改善包括（不影响实际效果）：''',content,不影响实际效果
636,,default,
637,*修复了角色「{{图标|佩拉}}（虚无•冰）」信息界面的【角色简介】文本错误的问题。,default,
638,,default,
639,*修复了隧洞遗器「{{图标|火匠的阻燃围裙}}」来历文本的错误。,default,
640,,default,
641,*修复了位面饰品「{{图标|生命的翁瓦克}}」来历文本的错误。,default,
642,,default,
643,*修复了成就「胸有洪炉火」的文本错误。,default,
644,,default,
645,*修复了星际和平播报部分文本与语音不一致的问题。,default,
646,,default,
647,*修复了成就「西北偏北」的文本错误。,default,
648,,default,
649,*修复了「常时传略」说明中的错别字。,default,
650,,default,
651,*优化了部分短信文本。,default,
