﻿line_number,content,category,character
1,{{面包屑|版本更新}}[[分类:版本更新]][[分类:前瞻直播]],default,
2,{{提示|蓝色|[[1.4版本「冬梦激醒」更新专题]]}},default,
3,[[File:星穹铁道1.4版本前瞻直播总结.png|center|link=|900px]],default,
4,{{提示消息|黄色|,default,
5,<big>2023年09月29日 19:30（星期五） 1.4版本前瞻直播内容汇总！</big><br>,default,
6,官方直播间地址：[https://b23.tv/nUcYYjC 网页链接]<br>,content,官方直播间地址
7,录播视频：[https://www.bilibili.com/video/BV1XH4y1m7f2/ 网页链接]<br><br>,content,录播视频
8,国服兑换码：<br>,content,国服兑换码
9,:第一次：MBM7WFF5PECC,content,第一次
10,:第二次：FSMPWFE56EUG,content,第二次
11,:第三次：NT4NEEFM6EV4,content,第三次
12,国际服兑换码：<br>,content,国际服兑换码
13,:第一次：TAP8H27JBRGP,content,第一次
14,:第二次：JSPRZ272S9JB,content,第二次
15,:第三次：MT79YKNKARJX,content,第三次
16,:*有效期至2023年09月30日中午 12:00 之前。,default,
17,<br>,default,
18,1.4版本专题展示页：[https://mhyurl.cn/2r4eFBAL 网页链接]<br>,content,版本专题展示页
19,1.4版本PV：[https://www.bilibili.com/video/BV1U34y1G73e/ 网页链接]<br>,content,版本
20,<br>,default,
21,1.4版本结束时间为2023/11/15 06:00（1.4版本将持续5周）,default,
22,}},default,
23,==新场景==,default,
24,*旧武器试验场,default,
25,:七百年前的自动机兵流水线，贝洛伯格重工业最重要的组成部分之一——这些产业与技术早已被众人遗忘。,default,
26,[[文件:1.4前瞻新地图1.png|center|550px]],default,
27,*造物之柱,default,
28,:七百年前，造物引擎于此处拔地而起；七百年后，贝洛伯格的人民再次团结于此，为自由挥洒汗水。,default,
29,[[文件:1.4前瞻新地图2.png|center|550px]],default,
30,==新角色==,default,
31,===五星角色===,default,
32,*{{图标|镜流}}（冰•毁灭）,default,
33,[[文件:1.4前瞻新角色1.png|center|550px]],default,
34,*{{图标|托帕&账账}}（火•巡猎）,default,
35,[[文件:1.4前瞻新角色2.png|center|550px]],default,
36,,default,
37,===四星角色===,default,
38,*{{图标|桂乃芬}}（火•虚无）,default,
39,[[文件:1.4前瞻新角色3.png|center|550px]],default,
40,,default,
41,==新光锥==,default,
42,===五星光锥===,default,
43,*{{图标|此身为剑}}（毁灭）,default,
44,[[文件:1.4前瞻新光锥1.png|center|550px]],default,
45,*{{图标|烦恼着，幸福着}}（巡猎）,default,
46,[[文件:1.4前瞻新光锥2.png|center|550px]],default,
47,,default,
48,==活动跃迁==,default,
49,===第一期卡池===,default,
50,====角色====,default,
51,*五星角色：{{图标|镜流}},content,五星角色
52,*四星角色：{{图标|停云}}{{图标|青雀}}{{图标|桑博}},content,四星角色
53,[[文件:1.4前瞻角色跃迁1.png|center|550px]],default,
54,====光锥====,default,
55,*五星光锥：{{图标|此身为剑}},content,五星光锥
56,*四星光锥：{{图标|记忆中的模样}}{{图标|别让世界静下来}}{{图标|猎物的视线}},content,四星光锥
57,,default,
58,===第二期卡池===,default,
59,====角色====,default,
60,*五星角色：{{图标|托帕&账账}}、{{图标|希儿}},content,五星角色
61,*四星角色：{{图标|桂乃芬}}{{图标|卢卡}}{{图标|素裳}},content,四星角色
62,<center>[[文件:1.4前瞻角色跃迁2.png|550px]][[文件:1.4前瞻角色跃迁3.png|550px]]</center>,default,
63,====光锥====,default,
64,*五星光锥：{{图标|烦恼着，幸福着}}、{{图标|于夜色中}},content,五星光锥
65,*四星光锥：{{图标|鼹鼠党欢迎你}}{{图标|决心如汗珠般闪耀}}{{图标|唯有沉默}},content,四星光锥
66,[[文件:1.4前瞻光锥跃迁1.png|center|550px]],default,
67,,default,
68,==新任务==,default,
69,===开拓续闻===,default,
70,*[[冬梦激醒|未来市场]],default,
71,:贝洛伯格召开煦日节庆典的前夕，一位来自星际和平公司的使者来到了这里……,default,
72,[[文件:1.4前瞻新任务1.png|center|550px]],default,
73,===同行任务===,default,
74,*[[云无留迹]]•{{图标|镜流}},default,
75,:一封无落款的信被悄无声息送上列车，一位不速之客发出邀请，想邀丹恒前来一叙。,default,
76,[[文件:1.4前瞻新任务2.png|center|550px]],default,
77,,default,
78,==新活动==,default,
79,*版本活动：[[「以太战线」]],content,版本活动
80,:全宇宙最具影响力的电子游戏品牌《以太战线》即将在雅利洛-Ⅵ召开线下粉丝节「星际决胜庆典」——与你的以太灵伙伴一起争夺冠军吧。,default,
81,:满足条件后可选择任一角色领取：{{图标|希露瓦}}、{{图标|佩拉}}、{{图标|卢卡}}、{{图标|虎克}},content,满足条件后可选择任一角色领取
82,[[文件:1.4前瞻新活动1.png|center|550px]],default,
83,,default,
84,*版本小活动：模拟宇宙活动[[「无尽位面」]],content,版本小活动
85,:黑塔与另外三位天才俱乐部会员对模拟宇宙做了些小小的疯狂改造，没想到各自捅了点篓子——代码发生错乱，宇宙开始无尽膨胀了！,default,
86,[[文件:1.4前瞻新活动2.png|center|550px]],default,
87,,default,
88,*位面饰品双倍活动：[[「位面分裂」第四期]],content,位面饰品双倍活动
89,[[文件:1.4前瞻新活动3.png|center|550px]],default,
90,,default,
91,*遗器双倍活动：[[「异器盈界」第二期]],content,遗器双倍活动
92,[[文件:1.4前瞻新活动4.png|center|550px]],default,
93,,default,
94,*签到活动：[[「巡星之礼」第四期]],content,签到活动
95,:活动期间，完成7日签到累计可领取{{图标|星轨专票|10}}！,default,
96,:每日登录游戏，可在「旅情事记」中领取当日奖励，奖励将根据开拓者累计登录天数依次解锁。,default,
97,[[文件:1.4前瞻新活动5.png|center|550px]],default,
98,,default,
99,==新敌人==,default,
100,*{{图标|资深员工•组长}}、{{图标|基层员工•外勤}}、{{图标|基层员工•安保}},default,
101,<center>[[文件:1.4前瞻新敌人1.png|550px]][[文件:1.4前瞻新敌人2.png|550px]]</center>,default,
102,[[文件:1.4前瞻新敌人3.png|center|550px]],default,
103,,default,
104,==新关卡==,default,
105,*[[燔灼之形•凝滞虚影]],default,
106,:成功挑战关卡可获得火属性角色的晋升材料「{{图标|过热钢刃}}」。,default,
107,[[文件:1.4前瞻新关卡1.png|center|550px]],default,
108,,default,
109,==其他==,default,
110,===系统更新===,default,
111,*剧情回顾,branch_content,
112,:开拓者在剧情对话时点击左上角的剧情回顾按钮，可以看到之前的对话记录。,branch_content,
113,[[文件:1.4前瞻系统更新1.png|center|550px]],default,
114,*新增【战术训练】系统,default,
115,:开拓者可通过游戏内右上方【星际和平指南】-【战术训练】学习游戏战斗机制。完成学习内容后，开拓者可获得星琼、漫游指南、提纯以太等奖励。,default,
116,,default,
117,===联动情报===,default,
118,*成都文旅联动「列车环游记•成都站」,default,
119,<center>[[文件:1.4前瞻联动1.png|550px]][[文件:1.4前瞻联动2.png|550px]]</center>,default,
120,*百度地图 三月七语音上线,default,
121,[[文件:1.4前瞻联动3.png|center|550px]],default,
122,*Keep联动「崩跑吧，开拓者！」10月26日开启,default,
123,[[文件:1.4前瞻联动4.png|center|550px]],default,
124,*炫迈联动「即刻开炫，迈向星穹」,default,
125,<center>[[文件:1.4前瞻联动5.png|550px]][[文件:1.4前瞻联动6.png|550px]]</center>,default,
