﻿line_number,content,category,character
1,{{活动信息,default,
2,|名称=「位面分裂」第二期,default,
3,|系列活动=位面分裂,default,
4,|所属版本=1.2,default,
5,|开始时间=2023/08/02 04:00<!--填写示例： 2021/01/06 18:00-->,content,填写示例
6,|开始描述=<!--填写带文字的开始时间描述，留空则与开始时间内容一致-->,default,
7,|结束时间=2023/08/09 03:59<!--填写示例： 2021/01/06 18:00，永久活动请填写 9999/01/01-->,content,填写示例
8,|结束描述=<!--填写带文字的结束时间描述，留空则与结束时间内容一致-->,default,
9,|类型=特殊活动<!--版本活动/网页活动/常规活动/特殊活动/额外活动/永久活动-->,default,
10,|TAG=模拟宇宙、遗器<!--选填-->,default,
11,|条件限制=开启「第三世界•模拟宇宙」,default,
12,|活动描述=活动期间，成功挑战「模拟宇宙」，可获得位面饰品双倍奖励。,default,
13,|官方公告链接=https://www.bilibili.com/opus/825093771987255315<!--填写原神驻bilibili官方的公告链接，若没有则填写米游社的公告链接 -->,default,
14,|出场人物=黑塔<!--填写相关自机角色或NPC，填写示例： 三月七、姬子、丹恒、瓦尔特 -->,content,填写示例
15,|角色获取=<!--可留空-->,default,
16,|光锥获取=<!--可留空-->,default,
17,|介绍语=<!--可留空-->,default,
18,}},default,
19,===活动说明===,default,
20,*「位面分裂」活动期间，挑战「模拟宇宙」时，可从沉浸装置中获得双倍奖励。,default,
21,*活动期间，双倍奖励的次数有限，可用的剩余次数和次数上限以「位面分裂」活动界面中的显示为准。,default,
22,*双倍奖励次数在活动期间不会重置，请开拓者合理安排时间挑战。,default,
23,===活动奖励===,default,
24,挑战「模拟宇宙」获得位面饰品时，将会自动消耗活动次数获得双倍奖励。（活动期间共12次）,default,
25,==活动剧情==,branch_content,
26,{{角色对话|模板开始|黑塔|此号停用 {{!}} 商务联系：艾丝妲}},content,商务联系
27,{{角色对话|左|黑塔|文本|过来}},default,
28,{{角色对话|左|黑塔|文本|做个测试}},default,
29,{{短信选项,option,开拓者
30,|选项1=模拟宇宙？,option,开拓者
31,|剧情1={{角色对话|右|开拓者|文本|又是模拟宇宙？}},branch_content,
32,{{角色对话|左|黑塔|文本|更新了一个小功能，用来切割、截取模拟宇宙的时间片段}},default,
33,{{短信选项,option,开拓者
34,|选项1=什么玩意,option,开拓者
35,|剧情1={{角色对话|右|开拓者|文本|切割？截取？}},branch_content,
36,{{角色对话|左|黑塔|文本|意思就是我们能对系统参数做更多自定义了}},default,
37,{{角色对话|左|黑塔|文本|比如把每个世界掉落的位面饰品数据调成「双倍」}},default,
38,{{短信选项,option,开拓者
39,|选项1=双倍数据？,option,开拓者
40,|剧情1={{角色对话|右|开拓者|文本|双倍数据？}},branch_content,
41,{{角色对话|左|黑塔|文本|是}},default,
42,|选项2=双倍掉落？,option,开拓者
43,|剧情2={{角色对话|右|开拓者|文本|双倍掉落？}},branch_content,
44,{{角色对话|左|黑塔|文本|你以为在玩游戏？}},default,
45,}},default,
46,{{角色对话|左|黑塔|文本|斯蒂芬的点子}},default,
47,{{角色对话|左|黑塔|文本|他拉了堆奇怪的数据，什么测试活跃、周期留存、深度模拟时长，我看不懂，反正他说很重要}},default,
48,{{角色对话|左|黑塔|文本|总之传达给你了，功能只持续几天，记得来测}},default,
49,{{短信选项,option,开拓者
50,|选项1=可以常驻吗？,option,开拓者
51,|剧情1={{角色对话|右|开拓者|文本|可以一直保留这个功能吗？}},branch_content,
52,|选项2=可以三倍吗？,option,开拓者
53,|剧情2={{角色对话|右|开拓者|文本|可以调成三倍吗？十倍也可以}},branch_content,
54,|选项3=真的不考虑十倍吗？,option,开拓者
55,|剧情3={{角色对话|右|开拓者|文本|如果给我一次十倍}},branch_content,
56,{{角色对话|右|开拓者|文本|我会给模拟宇宙一个好评}},default,
57,}},default,
58,{{角色对话|左|黑塔|文本|找斯蒂芬}},default,
59,|选项2=说人话,option,开拓者
60,|剧情2={{角色对话|右|开拓者|文本|能不能说明白些}},branch_content,
61,{{角色对话|左|黑塔|文本|意思就是我们能对系统参数做更多自定义了}},default,
62,{{角色对话|左|黑塔|文本|比如把每个世界掉落的位面饰品数据调成「双倍」}},default,
63,{{短信选项,option,开拓者
64,|选项1=双倍数据？,option,开拓者
65,|剧情1={{角色对话|右|开拓者|文本|双倍数据？}},branch_content,
66,{{角色对话|左|黑塔|文本|是}},default,
67,|选项2=双倍掉落？,option,开拓者
68,|剧情2={{角色对话|右|开拓者|文本|双倍掉落？}},branch_content,
69,{{角色对话|左|黑塔|文本|你以为在玩游戏？}},default,
70,}},default,
71,{{角色对话|左|黑塔|文本|斯蒂芬的点子}},default,
72,{{角色对话|左|黑塔|文本|他拉了堆奇怪的数据，什么测试活跃、周期留存、深度模拟时长，我看不懂，反正他说很重要}},default,
73,{{角色对话|左|黑塔|文本|总之传达给你了，功能只持续几天，记得来测}},default,
74,{{短信选项,option,开拓者
75,|选项1=可以常驻吗？,option,开拓者
76,|剧情1={{角色对话|右|开拓者|文本|可以一直保留这个功能吗？}},branch_content,
77,|选项2=可以三倍吗？,option,开拓者
78,|剧情2={{角色对话|右|开拓者|文本|可以调成三倍吗？十倍也可以}},branch_content,
79,|选项3=真的不考虑十倍吗？,option,开拓者
80,|剧情3={{角色对话|右|开拓者|文本|如果给我一次十倍}},branch_content,
81,{{角色对话|右|开拓者|文本|我会给模拟宇宙一个好评}},default,
82,}},default,
83,{{角色对话|左|黑塔|文本|找斯蒂芬}},default,
84,|选项3=好熟悉的对话…,option,开拓者
85,|剧情3={{角色对话|右|开拓者|文本|这对话好熟悉，以前是不是也发生过？}},branch_content,
86,{{角色对话|左|黑塔|文本|是吗，可能吧}},default,
87,{{角色对话|左|黑塔|文本|斯蒂芬坚持要拉对比数据，他勤勤恳恳，说做项目就这么辛苦}},default,
88,{{角色对话|左|黑塔|文本|记得来测，拜}},default,
89,}},default,
90,|选项2=更新了？,option,开拓者
91,|剧情2={{角色对话|右|开拓者|文本|模拟宇宙更新了？}},branch_content,
92,{{角色对话|左|黑塔|文本|更新了一个小功能，用来切割、截取模拟宇宙的时间片段}},default,
93,{{短信选项,option,开拓者
94,|选项1=什么玩意,option,开拓者
95,|剧情1={{角色对话|右|开拓者|文本|切割？截取？}},branch_content,
96,{{角色对话|左|黑塔|文本|意思就是我们能对系统参数做更多自定义了}},default,
97,{{角色对话|左|黑塔|文本|比如把每个世界掉落的位面饰品数据调成「双倍」}},default,
98,{{短信选项,option,开拓者
99,|选项1=双倍数据？,option,开拓者
100,|剧情1={{角色对话|右|开拓者|文本|双倍数据？}},branch_content,
101,{{角色对话|左|黑塔|文本|是}},default,
102,|选项2=双倍掉落？,option,开拓者
103,|剧情2={{角色对话|右|开拓者|文本|双倍掉落？}},branch_content,
104,{{角色对话|左|黑塔|文本|你以为在玩游戏？}},default,
105,}},default,
106,{{角色对话|左|黑塔|文本|斯蒂芬的点子}},default,
107,{{角色对话|左|黑塔|文本|他拉了堆奇怪的数据，什么测试活跃、周期留存、深度模拟时长，我看不懂，反正他说很重要}},default,
108,{{角色对话|左|黑塔|文本|总之传达给你了，功能只持续几天，记得来测}},default,
109,{{短信选项,option,开拓者
110,|选项1=可以常驻吗？,option,开拓者
111,|剧情1={{角色对话|右|开拓者|文本|可以一直保留这个功能吗？}},branch_content,
112,|选项2=可以三倍吗？,option,开拓者
113,|剧情2={{角色对话|右|开拓者|文本|可以调成三倍吗？十倍也可以}},branch_content,
114,|选项3=真的不考虑十倍吗？,option,开拓者
115,|剧情3={{角色对话|右|开拓者|文本|如果给我一次十倍}},branch_content,
116,{{角色对话|右|开拓者|文本|我会给模拟宇宙一个好评}},default,
117,}},default,
118,{{角色对话|左|黑塔|文本|找斯蒂芬}},default,
119,|选项2=说人话,option,开拓者
120,|剧情2={{角色对话|右|开拓者|文本|能不能说明白些}},branch_content,
121,{{角色对话|左|黑塔|文本|意思就是我们能对系统参数做更多自定义了}},default,
122,{{角色对话|左|黑塔|文本|比如把每个世界掉落的位面饰品数据调成「双倍」}},default,
123,{{短信选项,option,开拓者
124,|选项1=双倍数据？,option,开拓者
125,|剧情1={{角色对话|右|开拓者|文本|双倍数据？}},branch_content,
126,{{角色对话|左|黑塔|文本|是}},default,
127,|选项2=双倍掉落？,option,开拓者
128,|剧情2={{角色对话|右|开拓者|文本|双倍掉落？}},branch_content,
129,{{角色对话|左|黑塔|文本|你以为在玩游戏？}},default,
130,}},default,
131,{{角色对话|左|黑塔|文本|斯蒂芬的点子}},default,
132,{{角色对话|左|黑塔|文本|他拉了堆奇怪的数据，什么测试活跃、周期留存、深度模拟时长，我看不懂，反正他说很重要}},default,
133,{{角色对话|左|黑塔|文本|总之传达给你了，功能只持续几天，记得来测}},default,
134,{{短信选项,option,开拓者
135,|选项1=可以常驻吗？,option,开拓者
136,|剧情1={{角色对话|右|开拓者|文本|可以一直保留这个功能吗？}},branch_content,
137,|选项2=可以三倍吗？,option,开拓者
138,|剧情2={{角色对话|右|开拓者|文本|可以调成三倍吗？十倍也可以}},branch_content,
139,|选项3=真的不考虑十倍吗？,option,开拓者
140,|剧情3={{角色对话|右|开拓者|文本|如果给我一次十倍}},branch_content,
141,{{角色对话|右|开拓者|文本|我会给模拟宇宙一个好评}},default,
142,}},default,
143,{{角色对话|左|黑塔|文本|找斯蒂芬}},default,
144,|选项3=好熟悉的对话…,option,开拓者
145,|剧情3={{角色对话|右|开拓者|文本|这对话好熟悉，以前是不是也发生过？}},branch_content,
146,{{角色对话|左|黑塔|文本|是吗，可能吧}},default,
147,{{角色对话|左|黑塔|文本|斯蒂芬坚持要拉对比数据，他勤勤恳恳，说做项目就这么辛苦}},default,
148,{{角色对话|左|黑塔|文本|记得来测，拜}},default,
149,}},default,
150,|选项3=又来？,option,开拓者
151,|剧情3={{角色对话|右|开拓者|文本|还是上次那个功能？}},branch_content,
152,{{角色对话|左|黑塔|文本|是，自定义参数，把每个世界掉落的位面饰品数据调成「双倍」}},default,
153,{{角色对话|左|黑塔|文本|斯蒂芬坚持要拉对比数据，他勤勤恳恳，说做项目就这么辛苦}},default,
154,{{角色对话|左|黑塔|文本|记得来测，拜}},default,
155,}},default,
156,{{角色对话|模板结束}},default,
