﻿line_number,content,category,character
1,{{活动信息,default,
2,|名称=「星间旅行」,default,
3,|所属版本=2.1,default,
4,|系列活动=,default,
5,|开始时间=2024/03/27 10:00 <!--填写示例： 2021/01/06 18:00-->,content,填写示例
6,|开始描述=2024/03/27 2.1版本更新后<!--填写带文字的开始时间描述，留空则与开始时间内容一致-->,default,
7,|结束时间=2024/05/06 03:59<!--填写示例： 2021/01/06 18:00，永久活动请填写 9999/01/01-->,content,填写示例
8,|结束描述=<!--填写带文字的结束时间描述，留空则与结束时间内容一致-->,default,
9,|类型=周年活动<!--版本活动/常规活动/常驻活动/网页活动/特殊活动/额外活动/永久活动-->,default,
10,|TAG=装饰获取<!--选填-->,default,
11,|条件限制=开拓等级≥21级,default,
12,|活动描述=星穹列车收到了来自无名客的包裹，帕姆等你回列车一起拆开看看……,default,
13,|官方公告链接=https://www.bilibili.com/opus/913085995330568214<!--填写原神驻bilibili官方的公告链接，若没有则填写米游社的公告链接 -->,default,
14,|出场人物=帕姆、玛姬、姬子、瓦尔特、三月七、丹恒<!--填写相关自机角色或NPC，填写示例： 三月七、姬子、丹恒、瓦尔特 -->,content,填写示例
15,|角色获取=<!--可留空-->,default,
16,|光锥获取=<!--可留空-->,default,
17,|装饰获取=星间旅行、一周年纪念<!--可留空-->,default,
18,|介绍语=<!--可留空-->,default,
19,|所属地区=<!-- 空间站「黑塔」=1，雅利洛-Ⅵ=2，仙舟「罗浮」=3 -->,default,
20,|活动奖励=自塑尘脂*1、命运的足迹*1、星琼*1000、手机壁纸「星间旅行」、头像「一周年纪念」,default,
21,}},default,
22,===活动说明===,default,
23,*活动开启后，开拓者需要不断获取「开拓券」，用于解锁全服奖励和个人奖励。,default,
24,*活动期间，每日登录即可获取骰子。投掷骰子可在地图中前进，并在多种玩法中获取「开拓券」。当骰子用尽时，开拓者可将累积的「开拓券」进行贡献。,default,
25,*活动期间持续贡献「开拓券」，可积累【个人贡献】并解锁对应奖励。,default,
26,*【个人贡献】也将促进【全银河贡献进度】提升，当【全银河贡献进度】提升至特定节点时，将解锁节点奖励。,default,
27,*开拓者可在活动中体验到测试玩法。完成一定数量的测试题，将解锁测试报告，并获取对应奖励。,default,
28,<br>,default,
29,'''注意事项''',default,
30,*若开拓者当日未进行贡献，则会在下一次进入活动时自动贡献「开拓券」。,default,
31,*【全银河贡献进度】到达100%后，将不限制玩家的可使用骰子数量。,default,
32,==活动玩法==,default,
33,===玩法介绍===,default,
34,"<gallery mode=""packed"">",default,
35,File:星间旅行-玩法介绍1.png,default,
36,File:星间旅行-玩法介绍2.png,default,
37,File:星间旅行-玩法介绍3.gif,default,
38,File:星间旅行-玩法介绍4.png,default,
39,File:星间旅行-玩法介绍5.gif,default,
40,File:星间旅行-玩法介绍6.png,default,
41,File:星间旅行-玩法介绍7.png,default,
42,File:星间旅行-玩法介绍8.png,default,
43,</gallery>,default,
44,<!--,default,
45,===规则说明===,default,
46,{| class=wikitable,default,
47,!教程图名,default,
48,|[[File:活动名-规则说明1.png|400px]],default,
49,|教程图文本描述,default,
50,|-,default,
51,!教程图名,default,
52,|[[File:活动名-规则说明2.png|400px]],default,
53,|教程图文本描述,default,
54,|} -->,default,
55,,default,
56,==社媒专栏==,default,
57,[https://www.bilibili.com/opus/919348053358411840?spm_id_from=333.999.0.0 「开拓倾向测测乐」结果分享 ],default,
58,==活动剧情==,branch_content,
59,===活动任务===,default,
60,*[[寄给无名客的包裹]],default,
61,*[[寄往无名客的包裹]],default,
62,==活动内容==,default,
63,===格子类型===,default,
64,"{| class=""wikitable""",default,
65,! 类型 !! 介绍,default,
66,|-,default,
67,! 奖券格,default,
68,| 省去中间商赚差价，直接获得开拓券（金色格子收益更高）,default,
69,|-,default,
70,! 土地格,default,
71,| 强手棋怎么可以没有「买地」呢？买买买,default,
72,|-,default,
73,! 游戏格,default,
74,| 放轻松，在纯看运气的游戏里试试手气（金色格子收益更高）,default,
75,|-,default,
76,! 商店格,default,
77,| 在「星际和平购购购」里进货（金色商店格将出现稀有商品）,default,
78,|-,default,
79,! 奇遇格,default,
80,| 美好的东西，往往在意料之外（金色格子收益更高）,default,
81,|-,default,
82,! 委托格,default,
83,| 根据目标选择最合适的人选，赚取开拓券,default,
84,|-,default,
85,! 传送格,default,
86,| 嘿，你动不动就打开传送门的日子开始了,default,
87,|},default,
88,===土地一览===,default,
89,"{| class=""wikitable""",default,
90,|+ 土地一览,default,
91,|-,default,
92,! 地区 !!colspan=4| 土地,default,
93,|-,default,
94,!rowspan=4| 空间站「黑塔」,default,
95,|-,default,
96,| 温床 || 集散中心 || 核心通路 || 监察域,default,
97,|-,default,
98,| 接待中心 || 医疗舱 || 特殊解析室 || 控制中心,default,
99,|-,default,
100,| 电力室 || 月台 || 药物制备间 || 黑塔的办公室,default,
101,|-,default,
102,!rowspan=4| 雅利洛-Ⅵ,default,
103,|-,default,
104,| 长坡 || 克里珀堡 || 黄金歌剧院 || 花店「长夏」,default,
105,|-,default,
106,| 历史文化博物馆 || 地底商店 || 俯瞰点 || 搏击俱乐部,default,
107,|-,default,
108,| 娜塔莎的诊所 || 歌德大饭店 || 造物之柱：施工场 || 永冬铭碑,content,造物之柱
109,|-,default,
110,!rowspan=4|仙舟「罗浮」,default,
111,|-,default,
112,| 坤舆台 || 流云渡货道 || 泊航区 || 若木亭,default,
113,|-,default,
114,| 金人巷码头 || 大衍穷观阵 || 造化洪炉 || 偃息馆长廊,default,
115,|-,default,
116,| 行医市集 || 显龙大雩殿 || 古海宫墟 || 建木玄根,default,
117,|-,default,
118,!rowspan=4| 匹诺康尼,default,
119,|-,default,
120,| 酒店大堂 || 梦境大堂 || 梦境贩售店 || 艾迪恩公园,default,
121,|-,default,
122,| 家族建设局 || 筑梦广场 || 观景台前 || 回忆走廊,default,
123,|-,default,
124,| 洑洄梦境 || 入梦池 || 惊梦酒吧 || 钟表小子广场,default,
125,|},default,
126,"{| class=""wikitable""",default,
127,|+ 土地文本,default,
128,|-,default,
129,! 地块 !! 简介,default,
130,|-,default,
131,| 空间站「黑塔」•黑塔的办公室 || 开拓者经常测试模拟宇宙的土地格。<br><br><i>「开拓者，来测。」</i>,default,
132,|-,default,
133,| 雅利洛-Ⅵ•永冬铭碑 || 贝洛伯格整座城市的象征，为了纪念伟大的筑城者而竖立的。<br><br><i>「佩～拉～姐～姐～」</i>,default,
134,|-,default,
135,| 仙舟「罗浮」•建木玄根 || 原本深藏水下的建木玄根，奉龙尊敕令现世。<br><br><i>「以为自己胜券在握了吗，幻胧？」</i>,default,
136,|-,default,
137,| 匹诺康尼•钟表小子广场 || 开拓者曾在钟表小子雕像下面见过真正的钟表小子。<br><br><i>「我叫钟表小子，是美梦小镇匹诺康尼的大明星！」</i>,default,
138,|-,default,
139,| 其余土地 || ''「开拓者，到此一游。」'',default,
140,|},default,
141,===枰上奇遇===,default,
142,{{折叠|折叠=是|标题=奇遇一览|内容=,default,
143,{{/枰上奇遇}},default,
144,}},default,
145,===委托一览===,default,
146,*根据目标选择最合适的人选，赚取开拓券,default,
147,"{| class=""wikitable"" style=""text-align:center""",default,
148,|+旅行小组,default,
149,!colspan=3|需要几个懂行的人来负责规划旅行了……,default,
150,|-,default,
151,"| style=""width:33%"" valign=top|最适合为旅行做计划的人是谁？",default,
152,"| style=""width:34%"" valign=top|最适合到陌生地点负责带路的人是谁？",default,
153,"| style=""width:33%"" valign=top|最适合为旅行开支做整理的人是谁？",default,
154,|-,default,
155,| {{图标|小|三月七}}{{图标|小|丹恒}}{{图标|小|白露}},default,
156,| {{图标|小|黄泉}}{{图标|小|姬子}}{{图标|小|虎克}},default,
157,| {{图标|小|黑塔}}{{图标|小|瓦尔特}}{{图标|小|停云}},default,
158,|-,default,
159,!colspan=3|通用模板,default,
160,|-,default,
161,|colspan=3|{{颜色|描述|角色1}}查询了旅行攻略，{{颜色|描述|角色2}}根据攻略很快找到了方向…{{颜色|描述|角色3}}发现开支在预算之内。旅行小组顺利达成目标！,default,
162,|-,default,
163,!colspan=3|特殊组合,default,
164,|-,default,
165,| {{图标|小|三月七}}{{图标|小|黄泉}}{{图标|小|黑塔}} || {{图标|小|姬子}}{{图标|小|瓦尔特}}{{图标|小|丹恒}} || {{图标|小|白露}}{{图标|小|虎克}},default,
166,|-,default,
167,|valign=top| {{颜色|描述|三月七}}摸不着头脑，{{颜色|描述|黄泉}}记不清事，{{颜色|描述|黑塔}}甩手掌柜…至于旅行嘛，全靠临场发挥，真是可喜可贺、充满希望之旅。,default,
168,|valign=top| {{颜色|描述|姬子}}、{{颜色|描述|瓦尔特•杨}}、{{颜色|描述|丹恒}}配合紧密，不愧是列车上最靠得住的三位，任何星际旅行应该都不在话下。,default,
169,|valign=top| {{颜色|描述|白露}}和{{颜色|描述|虎克}}为了「去哪里、怎么走」争吵一整天，幸好有{{颜色|描述|角色3}}还算能带孩子吧，旅行小组顺利完成目标。,default,
170,|},default,
171,"{| class=""wikitable"" style=""text-align:center""",default,
172,|+家庭餐小组,default,
173,!colspan=3|大家聚在一起，需要几个人来组织聚餐……,default,
174,|-,default,
175,"| style=""width:33%"" valign=top|最适合出门采购食材的人是谁？",default,
176,"| style=""width:34%"" valign=top|最适合在厨房里掌勺的人是谁？",default,
177,"| style=""width:33%"" valign=top|最适合在吃饱喝足后洗碗的人是谁？",default,
178,|-,default,
179,| {{图标|小|艾丝妲}}{{图标|小|克拉拉}}{{图标|小|景元}},default,
180,| {{图标|小|阮•梅}}{{图标|小|玲可}}{{图标|小|驭空}},default,
181,| {{图标|小|阿兰}}{{图标|小|桑博}}{{图标|小|符玄}},default,
182,|-,default,
183,!colspan=3|通用模板,default,
184,|-,default,
185,|colspan=3|{{颜色|描述|角色1}}从市场里买到了新鲜的食材，交给{{颜色|描述|角色2}}大厨精心制作…大家饱餐了一顿，最后多亏了{{颜色|描述|角色3}}将锅碗洗净。家庭餐小组顺利达成目标。,default,
186,|-,default,
187,!colspan=3|特殊组合,default,
188,|-,default,
189,| {{图标|小|艾丝妲}}{{图标|小|阮•梅}}{{图标|小|阿兰}} || {{图标|小|克拉拉}}{{图标|小|玲可}} || {{图标|小|景元}}{{图标|小|驭空}}{{图标|小|符玄}},default,
190,|-,default,
191,|valign=top|{{颜色|描述|艾丝妲}}豪掷千金买下上好食材，{{颜色|描述|阮•梅}}女士制作了点心，最后交由任劳任怨的{{颜色|描述|阿兰}}处理残局…又在空间站「黑塔」里度过了和平的一天。,default,
192,|valign=top|{{颜色|描述|克拉拉}}和{{颜色|描述|玲可}}充分发挥了雪原寻宝的经验，制作了满满一锅雪原乱炖，好吃得出乎{{颜色|描述|角色3}}的意料。,default,
193,|valign=top|{{颜色|描述|景元}}买了菜回来，{{颜色|描述|驭空}}露了一手绝活狐人料理，饱餐一顿之后，{{颜色|描述|符太卜}}还来帮忙洗碗。罗浮六御真是样样精通啊。,default,
194,|},default,
195,"{| class=""wikitable"" style=""text-align:center""",default,
196,|+戏剧小组,default,
197,!colspan=3|需要你凑齐一个剧组，整上一出好戏……,default,
198,|-,default,
199,"| style=""width:33%"" valign=top|最适合写舞台剧脚本的人是谁？",default,
200,"| style=""width:34%"" valign=top|最适合布置舞台美术的人是谁？",default,
201,"| style=""width:33%"" valign=top|最适合扮演主人公的人是谁？",default,
202,|-,default,
203,| {{图标|小|佩拉}}{{图标|小|花火}}{{图标|小|寒鸦}},default,
204,| {{图标|小|希露瓦}}{{图标|小|黑天鹅}}{{图标|小|雪衣}},default,
205,| {{图标|小|杰帕德}}{{图标|小|黄泉}}{{图标|小|彦卿}},default,
206,|-,default,
207,!colspan=3|通用模板,default,
208,|-,default,
209,|colspan=3|{{颜色|描述|角色1}}有一个天才的剧本，{{颜色|描述|角色2}}看了之后，设计出了舞台美术，{{颜色|描述|角色3}}背好了台词，登上了舞台完成表演！,default,
210,|-,default,
211,!colspan=3|特殊组合,default,
212,|-,default,
213,| {{图标|小|佩拉}}{{图标|小|希露瓦}}{{图标|小|杰帕德}} || {{图标|小|花火}}{{图标|小|黑天鹅}}{{图标|小|黄泉}}  || {{图标|小|寒鸦}}{{图标|小|雪衣}}{{图标|小|彦卿}},default,
214,|-,default,
215,|valign=top|{{颜色|描述|佩拉}}改编了《雪国冒险奇谭》，{{颜色|描述|希露瓦}}提供了大量舞台装置，羞涩的{{颜色|描述|杰帕德}}走上舞台扮演冒险家阿尔乔姆…舞台剧大受好评！,default,
216,|valign=top|{{颜色|描述|花火}}想出了一个剑戟片剧本，{{颜色|描述|黑天鹅}}用记忆搭出一个舞台，{{颜色|描述|黄泉}}在舞台上扮演一名刀客…亦真亦假，博得众人喝彩。,default,
217,|valign=top|{{颜色|描述|寒鸦}}改编了云上五骁的剧本，{{颜色|描述|雪衣}}搭好了苍城仙舟的布景，邀请了天才剑客{{颜色|描述|彦卿}}扮演剑首镜流…真是精彩啊精彩！,default,
218,|},default,
219,"{| class=""wikitable"" style=""text-align:center""",default,
220,|+时装小组,default,
221,!colspan=3|时尚秀就要开始了，你的设计师和模特呢……,default,
222,|-,default,
223,"| style=""width:33%"" valign=top|最适合做服装设计的人是谁？",default,
224,"| style=""width:34%"" valign=top|最适合亲手制作服装的人是谁？",default,
225,"| style=""width:33%"" valign=top|最适合作为模特展示服装的人是谁？",default,
226,|-,default,
227,| {{图标|小|罗刹}}{{图标|小|卡芙卡}}{{图标|小|青雀}},default,
228,| {{图标|小|真理医生}}{{图标|小|姬子}}{{图标|小|素裳}},default,
229,| {{图标|小|砂金}}{{图标|小|开拓者}}{{图标|小|卢卡}},default,
230,|-,default,
231,!colspan=3|通用模板,default,
232,|-,default,
233,|colspan=3|{{颜色|描述|角色1}}灵感闪现设计一套时装，{{颜色|描述|角色2}}量体裁衣，给{{颜色|描述|角色3}}穿上，「咔嚓咔嚓！」{{颜色|描述|角色3}}在T台上收获了全场的目光。,default,
234,|-,default,
235,!colspan=3|特殊组合,default,
236,|-,default,
237,| {{图标|小|罗刹}}{{图标|小|真理医生}}{{图标|小|砂金}} || {{图标|小|卡芙卡}}{{图标|小|姬子}} || {{图标|小|青雀}}{{图标|小|素裳}},default,
238,|-,default,
239,|valign=top|{{颜色|描述|罗刹}}准备一套净庭风格的服饰，{{颜色|描述|拉帝奥教授}}将它制作出来，让那位「像孔雀一样」的{{颜色|描述|砂金}}穿上…别说，还挺合适的！,default,
240,|valign=top|{{颜色|描述|卡芙卡}}设计了一件漂亮的大衣，并拜托{{颜色|描述|姬子}}做出来——从结果上来说，{{颜色|描述|角色3}}穿着两位携手做出来的衣服，还挺好看的。,default,
241,|valign=top|{{颜色|描述|青雀}}随便给了一套设计，{{颜色|描述|素裳}}其实也没看懂，结果到最后，还是靠着{{颜色|描述|角色3}}的颜值撑着…真不容易呀。,default,
242,|},default,
243,"{| class=""wikitable"" style=""text-align:center""",default,
244,|+机动球小组,default,
245,!colspan=3|泰科铵机动球大赛需要一支强大的队伍……,default,
246,|-,default,
247,"| style=""width:33%"" valign=top|最适合做争夺球权的前锋是谁？",default,
248,"| style=""width:34%"" valign=top|最适合组织进攻节奏的中场是谁？",default,
249,"| style=""width:33%"" valign=top|最适合防守对方进攻的后卫是谁？",default,
250,|-,default,
251,| {{图标|小|刃}}{{图标|小|丹恒•饮月}}{{图标|小|黄泉}},default,
252,| {{图标|小|景元}}{{图标|小|镜流}}{{图标|小|卡芙卡}},default,
253,| {{图标|小|符玄}}{{图标|小|克拉拉}}{{图标|小|瓦尔特}},default,
254,|-,default,
255,!colspan=3|通用模板,default,
256,|-,default,
257,|colspan=3|{{颜色|描述|角色3}}将对方的机动球截下，传给{{颜色|描述|角色2}}，{{颜色|描述|角色2}}长传找到{{颜色|描述|角色1}}，{{颜色|描述|角色1}}高高跃起完成得分！真是场不错的比赛。,default,
258,|-,default,
259,!colspan=3|特殊组合,default,
260,|-,default,
261,| {{图标|小|符玄}}{{图标|小|景元}}{{图标|小|刃}} || {{图标|小|克拉拉}}{{图标|小|镜流}}{{图标|小|丹恒•饮月}} || {{图标|小|瓦尔特}}{{图标|小|卡芙卡}}{{图标|小|黄泉}},default,
262,|-,default,
263,|valign=top|{{颜色|描述|符太卜}}的防守天衣无缝，{{颜色|描述|景元}}的组织无可挑剔，{{颜色|描述|刃}}的进攻更是犀利…他们对手真的能赢吗？,default,
264,|valign=top|{{颜色|描述|史瓦罗}}和{{颜色|描述|克拉拉}}联手实现防守反击，{{颜色|描述|镜流}}选手接球后立刻发动总攻，{{颜色|描述|丹恒•饮月}}临门一脚彻底打消对手气焰——毁灭、毁灭、还是毁灭！,default,
265,|valign=top|{{颜色|描述|瓦尔特•杨}}的防守有些缺乏兴趣，{{颜色|描述|卡芙卡}}的组织也不是很着急，{{颜色|描述|黄泉}}自由发挥得分，对手彻底懵了——虚无、虚无、还得是虚无。,default,
266,|},default,
267,"{| class=""wikitable"" style=""text-align:center""",default,
268,|+音乐小组,default,
269,!colspan=3|银河好声音需要新的音乐，你的人选是……,default,
270,|-,default,
271,"| style=""width:33%"" valign=top|最适合谱写乐谱的作曲人是谁？",default,
272,"| style=""width:34%"" valign=top|最适合填写歌词的作词人是谁？",default,
273,"| style=""width:33%"" valign=top|最适合演唱歌曲的歌唱者是谁？",default,
274,|-,default,
275,| {{图标|小|银狼}}{{图标|小|开拓者}}{{图标|小|姬子}},default,
276,| {{图标|小|刃}}{{图标|小|丹恒}}{{图标|小|黑天鹅}},default,
277,| {{图标|小|卡芙卡}}{{图标|小|三月七}}{{图标|小|杰帕德}},default,
278,|-,default,
279,!colspan=3|通用模板,default,
280,|-,default,
281,|colspan=3|{{颜色|描述|角色1}}弹奏起一段旋律，{{颜色|描述|角色2}}想了想填上了歌词，{{颜色|描述|角色3}}将它完整地唱了出来…音乐小组立大功。,default,
282,|-,default,
283,!colspan=3|特殊组合,default,
284,|-,default,
285,| {{图标|小|银狼}}{{图标|小|刃}}{{图标|小|卡芙卡}} || {{图标|小|开拓者}}{{图标|小|丹恒}}{{图标|小|三月七}} || {{图标|小|杰帕德}},default,
286,|-,default,
287,|valign=top|{{颜色|描述|银狼}}编辑了一首重金属摇滚的曲子，并擅自用「{{颜色|描述|刃}}」来署名作词，歌词里除了「死死死」没有其他的文字——{{颜色|描述|卡芙卡}}莞尔一笑，当着{{颜色|描述|阿刃}}的面，演唱了完整歌曲。,default,
288,|valign=top|{{颜色|描述|开拓者}}随性地哼唱起「呱，呱呱呱呱呱」调子，在{{颜色|描述|三月七}}的要求下，{{颜色|描述|丹恒}}填好了歌词…{{颜色|描述|三月七}}唱了起来，帕姆轻轻摇动手铃。要不要给这首曲子取个名字，《星间旅行Ⅱ》如何呢？,default,
289,|valign=top|从小到大，{{颜色|描述|杰帕德}}都不太擅长将歌曲完美地传达给听众…多亏了这首曲子最初的听众——作曲{{颜色|描述|角色1}}、作词{{颜色|描述|角色2}}辛苦指导，{{颜色|描述|杰帕德}}也能唱得动感十足，让人仿佛置身夜色，感受到流光溢彩～,default,
290,|},default,
291,"{| class=""wikitable"" style=""text-align:center""",default,
292,|+实验小组,default,
293,!colspan=3|为了实现重大突破，你召集来实验人员……,default,
294,|-,default,
295,"| style=""width:33%"" valign=top|最适合提出科学问题的人是谁？",default,
296,"| style=""width:34%"" valign=top|最适合做出实验设计的人是谁？",default,
297,"| style=""width:33%"" valign=top|最适合收集并分析数据的人是谁？",default,
298,|-,default,
299,| {{图标|小|素裳}}{{图标|小|真理医生}}{{图标|小|镜流}},default,
300,| {{图标|小|桂乃芬}}{{图标|小|阮•梅}}{{图标|小|彦卿}},default,
301,| {{图标|小|藿藿}}{{图标|小|托帕}}{{图标|小|开拓者}},default,
302,|-,default,
303,!colspan=3|通用模板,default,
304,|-,default,
305,|colspan=3|{{颜色|描述|角色1}}给出了科学问题，{{颜色|描述|角色2}}思考良久给出了设计方案，{{颜色|描述|角色3}}收集并分析实验数据…每一步都不容易啊。,default,
306,|-,default,
307,!colspan=3|特殊组合,default,
308,|-,default,
309,| {{图标|小|素裳}}{{图标|小|桂乃芬}}{{图标|小|藿藿}} || {{图标|小|真理医生}}{{图标|小|阮•梅}}{{图标|小|托帕}} || {{图标|小|镜流}}{{图标|小|彦卿}},default,
310,|-,default,
311,|valign=top|{{颜色|描述|素裳}}提出的问题很有迷惑性，而{{颜色|描述|桂乃芬}}设计的实验更是异想天开，只有可怜的{{颜色|描述|藿藿}}看着实验数据发呆——今天又是捉鬼小队平凡的一天。,default,
312,|valign=top|{{颜色|描述|真理医生}}提出的问题很有挑战性…当然，若按照{{颜色|描述|阮•梅}}女士的实验设计来的话，应该是十分合理的，再加之{{颜色|描述|托帕}}小姐雇佣了专业的团队整理数据——就算是世界级课题也不在话下了吧。,default,
313,|valign=top|{{颜色|描述|镜流}}发问「人为什么要执剑」，对{{颜色|描述|彦卿}}来说，只有以武相会才能得到答案…至于数据分析嘛，请{{颜色|描述|角色3}}看着办就行。,default,
314,|},default,
315,"{| class=""wikitable"" style=""text-align:center""",default,
316,|+园艺小组,default,
317,!colspan=3|一花一木皆不易，需要有人来照顾它们……,default,
318,|-,default,
319,"| style=""width:33%"" valign=top|最适合栽培幼苗的人是谁？",default,
320,"| style=""width:34%"" valign=top|最适合修剪杂枝的人是谁？",default,
321,"| style=""width:33%"" valign=top|最适合采摘果实的人是谁？",default,
322,|-,default,
323,| {{图标|小|米沙}}{{图标|小|阮•梅}}{{图标|小|娜塔莎}},default,
324,| {{图标|小|加拉赫}}{{图标|小|银枝}}{{图标|小|布洛妮娅}},default,
325,| {{图标|小|开拓者}}{{图标|小|黄泉}}{{图标|小|希儿}},default,
326,|-,default,
327,!colspan=3|通用模板,default,
328,|-,default,
329,|colspan=3|{{颜色|描述|角色1}}种下幼苗，并悉心培养，{{颜色|描述|角色2}}剪去枝叶杂草，{{颜色|描述|角色3}}将果实采摘…感谢园艺小组的付出、以及大自然的馈赠。,default,
330,|-,default,
331,!colspan=3|特殊组合,default,
332,|-,default,
333,| {{图标|小|米沙}}{{图标|小|加拉赫}}{{图标|小|开拓者}} || {{图标|小|阮•梅}}{{图标|小|银枝}} || {{图标|小|娜塔莎}}{{图标|小|布洛妮娅}}{{图标|小|希儿}},default,
334,|-,default,
335,|valign=top|{{颜色|描述|米沙}}在酒店养了一株小苹果苗，{{颜色|描述|加拉赫}}经常去帮忙照顾，等到{{颜色|描述|开拓者}}到来时，已经结出胜利的硕果。摘下它吧，{{颜色|描述|开拓者}}。,default,
336,|valign=top|{{颜色|描述|阮•梅}}女士培养的生命，得到纯美骑士{{颜色|描述|银枝}}的赞美与关怀，{{颜色|描述|角色3}}都不敢想这果实生来该有多么典雅美丽。,default,
337,|valign=top|{{颜色|描述|娜塔莎}}种下一枚种子，{{颜色|描述|布洛妮娅}}为它扫尽荒芜，{{颜色|描述|希儿}}将它的果实轻轻取下——来自贝洛伯格的希望果实，定会流淌着甘甜的汁水。,default,
338,|},default,
339,===历代领航员===,default,
340,"{| class=""wikitable""",default,
341,!colspan=2|群星的探险家,default,
342,|-,default,
343,| [[file:领航员-群星的探险家.png|link=|300px]],default,
344,| 你是一名理想主义者，有责任感，专注于提升自我。<br>你认为凡事都应有规有矩，并恪守自己的标准。<br>世界上没有什么是足够好的，因此，人们才会想要追求变得更好。,default,
345,----,default,
346,'''领航员档案'''<br>,default,
347,星穹列车的历代领航员中，「群星的探险家」姬子与你是同一类人。<br><br>在少女时代，姬子便与搁浅的列车相遇了。<br>那时，行驶于银河中的星穹列车已然销声匿迹了很久很久。<br>列车向少女展示了壮阔瑰丽的宇宙图景——明灭无定的星辰，数不胜数的世界……<br>经过多年努力，姬子终于成功修复列车，踏上了旅途。<br>这一路她目睹了无数奇观，也与许多意外相逢的旅人为伴同行，建立了如今的列车组。<br>银河或许不够完美，但她愿意帮助每一位志同道合的人，踏上通往理想的道路……,default,
348,|-,default,
349,!colspan=2|追光赤子,default,
350,|-,default,
351,| [[file:领航员-追光赤子.png|link=|300px]],default,
352,| 你是一名乐于付出的人，善解人意、容易与人相处。<br>你总是饱含热情地满足他人的需要，别人容易同你倾述心事。<br>无私是职责，陪伴是理想，给予他人帮助便是踏上旅途的理由。,default,
353,----,default,
354,'''领航员档案'''<br>,default,
355,星穹列车的历代领航员中，「年轻人」格兰霍姆与你是同一类人。<br><br>格兰霍姆成为领航员时年仅17岁，却用自己的一生来引领星穹列车前行。<br>车轮驶过一个又一个世界，有新人到来，有旧人离去…无论是谁，格兰霍姆总会欣然接纳。<br>他亲力亲为，主动向陌生的世界伸出援手。在那个寰宇皆灾、诸界隔断的时代，是格兰霍姆将无名客变成了天外英雄的代名词。<br>在被格兰霍姆救助的世界中，许多人受到他的感召，成为了新的无名客。也有很多故人留下，为了带给这些世界更好的明天。<br>格兰霍姆将一生奉献给了星穹列车，旅程的最后，他在自己的安乐椅上永远睡去。<br>那之后不久，星穹列车的故事悄然隐匿，消失在了银海间。,default,
356,|-,default,
357,!colspan=2|银海先驱,default,
358,|-,default,
359,| [[file:领航员-银海先驱.png|link=|300px]],default,
360,| 你是一名渴望事业有成的人，相信天下没有不可能的事。<br>你喜欢挑战，那些经过困难验证的事更能彰显价值的存在。<br>你专注于追求更高的目标，从不止步。,default,
361,----,default,
362,'''领航员档案'''<br>,default,
363,星穹列车的历代领航员中，「航标」桑-3000与你是同一类人。<br><br>被称为「航标」的桑-3000，是众多领航员的领航员。<br>在她活跃的时代，「星穹列车」并非是特定的某辆列车，而是在银轨上齐头并进的车队。<br>身为智械的她率性活泼、喜欢争强好胜，她豪迈的机械笑声总是回荡在车厢间。列车记下了她和所有乘客掰手腕的胜负结果，即便是没有手的那些。<br>她活在一个进取的时代，列车驶入了太多前人从未去过的世界。浮黎的「善见天」便是一处，并有无名客宣称在其倒影中见到了「神秘」的示现。<br>直到全身的机械彻底损坏，无法更换之后，桑-3000带着对「大开拓时代」的期望，卸任了领航员。,default,
364,|-,default,
365,!colspan=2|披星舞者,default,
366,|-,default,
367,| [[file:领航员-披星舞者.png|link=|300px]],default,
368,| 你是一个与众不同的人，拥有丰富的情感世界，和卓越的想象力。<br>你擅长理解并共情他人的感受，对新事物感兴趣，也同样怀旧。<br>你重视个性，崇尚自由，追求浪漫，这便是你强烈的艺术之源。,default,
369,----,default,
370,'''领航员档案'''<br>,default,
371,星穹列车的历代领航员中，「晶石」朵莉可与你是同一类人。<br><br>根据列车记录，朵莉可是来自提亚芙的音乐家。<br>她听闻阿基维利的事迹，欣然登上列车，希望穿越星海为「开拓」谱写新的诗篇。<br>人们喜欢朵莉可有如晶石般清澈高雅的嗓音，不少搭车客为了倾听她的诗歌而登上列车。<br>据说，阿基维利也曾回到列车驻足聆听，并与朵莉可促膝长谈。<br>某日，于列车行驶途中，无名客们不言自明地感知到了「开拓」的陨落。也在那一刻，朵莉可出现了不可逆的结晶化异象。<br>在三日不绝的歌声后，她将领航员的身份交予他人，自己永远留在了星空下。,default,
372,|-,default,
373,!colspan=2|长夜行人,default,
374,|-,default,
375,| [[file:领航员-长夜行人.png|link=|300px]],default,
376,| 你是一名理性主义者，喜欢思考也擅长思考。<br>你擅长观察也想要了解更多，对于理解事物的本质兴趣浓厚。<br>你尊重知识，追求独立，擅长探索未知领域。,default,
377,----,default,
378,'''领航员档案'''<br>,default,
379,星穹列车的历代领航员中，「三眼」卡皮•巴巴与你是同一类人。<br><br>卡皮•巴巴是智力极高的啮齿目水豚科生物，常有搭车客对它的样貌感到新奇。<br>在虫潮末期，卡皮•巴巴因其精准的「预测能力」成为列车领航员。它喜欢坐在列车驾驶室里翻看列车日志、绘制星轨航途，很少与搭车客见面…平时大小事务都交由人类管家打理。<br>它选择航线的才能有如天眼，曾多次成功避开虫潮的迫近，成功守护星穹列车的安全。<br>在联觉信标普及前，很少有人知道卡皮•巴巴还是一名星空地理学学者。它的人类管家能够翻译大部分水豚科生物的语言，并提到卡皮•巴巴说话直接，缺少修饰。<br>在卡皮•巴巴的帮助下，星穹列车修订了星轨航线图，并不断维护、沿用至今。<br>在完成了使命之后，卡皮•巴巴卸任领航员的工作并荣归故里。,default,
380,|-,default,
381,!colspan=2|四海信使,default,
382,|-,default,
383,| [[file:领航员-四海信使.png|link=|300px]],default,
384,| 你是团队中值得信任的可靠伙伴。<br>你责任感强烈，关心他人，擅长团队协作为共同的目标努力。<br>你擅长规划与准备，能在不确定中寻得安全感。,default,
385,----,default,
386,'''领航员档案'''<br>,default,
387,星穹列车的历代领航员中，「快枪手」奥克莱与你是同一类人。<br><br>根据列车记录来看，奥克莱是担任领航员时间最短的无名客，约6个月零2天。<br>起初奥克莱只是一名星际和平公司的赏金客，有着自己旅程的目的地，无意成为列车成员。<br>搭乘星穹列车途经边陲世界•弗拉提（后考证得知）的旅途中，前任领航员与乘客皆因异常现象消失。经列车长所托，奥克莱临时担任领航员一职。<br>她以一己之力多次消解了蛮荒星兽的追逐进攻，并成功将列车带回边星贸易区的安全地带。<br>列车脱险后，她并未立刻卸下职务，而是帮助列车重新召集成员，寻找失踪的人们。<br>奥克莱并不健谈，只有少数搭车客表示曾见到她一人坐在车头上吹奏口琴。而在召集到足够数量的新乘客后，奥克莱悄然下车。,default,
388,|-,default,
389,!colspan=2|无束游子,default,
390,|-,default,
391,| [[file:领航员-无束游子.png|link=|300px]],default,
392,| 你是一名自由自在的人，注重生活中的美好和机会。<br>你思维敏捷、精力充沛，相信更加美好的事情即将到来。<br>生活本质上是令人跃跃欲试的冒险，你总是能适应并享受其中。,default,
393,----,default,
394,'''领航员档案'''<br>,default,
395,星穹列车的历代领航员中，「鸡窝头」鲍勃与你是同一类人。<br><br>鲍勃曾经是公司通缉的犯罪集团「塔兰图拉」一员，脱离组织后对外宣称自己已经死亡。<br>最初他以虚假的身份成为列车护卫，后来被识破身份，再后来被指派成为下一任领航员。<br>鲍勃身材高大，有异性缘，总是一副懒散的样子。平时喜爱睡觉，公司的娱乐节目，和去往未知世界探险的开拓之旅。自称讨厌硅基生物，却在战乱时期邀请和平的机械生命登上列车。<br>在鲍勃担任领航员期间，许多人带着悬而未决的疑问登上列车，却都在下车前得到了准确的解答——据说他成了后来《鸡窝头侦探》的角色原型。<br>鲍勃总是与列车组的朋友们畅谈自己的退休时光，却在一次保卫战中英勇牺牲。,default,
396,|-,default,
397,!colspan=2|启明信标,default,
398,|-,default,
399,| [[file:领航员-启明信标.png|link=|300px]],default,
400,| 你是一名意志坚定的人，直截了当，富有正义感。<br>你果断务实并且精力充沛，快速有力地采取行动。<br>你擅长激励并保护身边的人，如同灯塔一般发挥引领作用。,default,
401,----,default,
402,'''领航员档案'''<br>,default,
403,星穹列车的历代领航员中，「启明」法尔肯•阿蒙森与你是同一类人。<br><br>法尔肯•阿蒙森是万界之癌初期的领航员，如同黑夜之中的启明星。<br>在他的带领下，星穹列车重拾往日荣光，乘员一度达到数百人。<br>他不断找寻在「开拓」陨落后离去的其他无名客，与众多英雄人物一同开垦被阻断的银轨。许多途经世界的人受到法尔肯的感召，自愿加入到「开拓」的事业中，成为新生代的无名客。<br>但令人遗憾的是，法尔肯•阿蒙森自己却在旅途伊始早早牺牲。,default,
404,|-,default,
405,!colspan=2|时光哨卫,default,
406,|-,default,
407,| [[file:领航员-时光哨卫.png|link=|300px]],default,
408,| 你喜欢维护稳定，对人不苛求，希望凡事随遇而安。<br>你能够保持包容的心态，理解他人的观点和感受。<br>你信任并看好他人最好的一面，是和谐氛围的主心骨。,default,
409,----,default,
410,'''领航员档案'''<br>,default,
411,星穹列车的历代领航员中，「观星者」我见与你是同一类人。<br><br>神秘的领航员，有关他的智库记载曾多次被虚构史学家篡改。<br>现在普遍认为，我见在第二次繁荣的尾声登上星穹列车。他的旅途先后历经阿基维利的陨落和纳努克的诞生——几乎是在最艰辛的时代，我见仍然没有放下职责。<br>在此时期，不少无名客离开了列车，也有「开拓」的团体同室操戈…我见勉强地维持着世界与世界的联系。据说在这段漫长的孤航中，星穹列车的乘员一度只剩下两人。但紧随其后的，便是法尔肯•阿蒙森的英雄年代。<br>我见在卸任后离开了星穹列车。同一时期，宇宙中开始出现「厄兆先锋」的身影。,default,
412,|-,default,
413,|},default,
414,,default,
415,==活动奖励==,default,
416,===限时奖励===,default,
417,====个人贡献====,default,
418,"{| class=""wikitable"" style=""text-align:center""",default,
419,! 个人贡献 !! 奖励 !! 个人贡献 !! 奖励 !! 个人贡献 !! 奖励,default,
420,|-,default,
421,! 10.0万,default,
422,| {{图标|材料|星琼|60}},default,
423,! 300.0万,default,
424,| {{图标|材料|自塑尘脂|1}},default,
425,! 700.0万,default,
426,| {{图标|材料|信用点|20000}},default,
427,|-,default,
428,! 40.0万,default,
429,| {{图标|材料|星琼|60}},default,
430,! 380.0万,default,
431,| {{图标|材料|星琼|60}},default,
432,! 800.0万,default,
433,| {{图标|材料|信用点|20000}},default,
434,|-,default,
435,! 100.0万,default,
436,| {{图标|材料|星琼|60}},default,
437,! 460.0万,default,
438,| {{图标|材料|星琼|60}},default,
439,! 900.0万,default,
440,| {{图标|材料|信用点|20000}},default,
441,|-,default,
442,! 160.0万,default,
443,| {{图标|材料|命运的足迹|1}},default,
444,! 540.0万,default,
445,| {{图标|材料|星琼|60}},default,
446,! 1000.0万,default,
447,| {{图标|材料|信用点|20000}},default,
448,|-,default,
449,! 220.0万,default,
450,| {{图标|材料|星琼|60}},default,
451,! 620.0万,default,
452,| {{图标|材料|一周年纪念|1}},default,
453,|},default,
454,====探索地图====,default,
455,"{| class=""wikitable"" style=""text-align:center""",default,
456,!通过区域：空间站「黑塔」,content,通过区域
457,|{{图标|材料|星火之精|5}}{{图标|材料|信用点|60000}},default,
458,|-,default,
459,!通过区域：雅利洛-Ⅵ,content,通过区域
460,|{{图标|材料|漫游指南|5}}{{图标|材料|星火之精|5}},default,
461,|-,default,
462,!通过区域：仙舟「罗浮」,content,通过区域
463,|{{图标|材料|星火之精|5}}{{图标|材料|信用点|60000}},default,
464,|-,default,
465,!通过区域：匹诺康尼,content,通过区域
466,|{{图标|材料|漫游指南|5}}{{图标|材料|星火之精|5}},default,
467,|-,default,
468,!完成全部开拓倾向测试题,default,
469,|{{图标|材料|星火之精|10}},default,
470,|},default,
471,====购买土地====,default,
472,"{| class=""wikitable"" style=""text-align:center""",default,
473,|-,default,
474,!累计购买4块土地格,default,
475,|{{图标|材料|漫游指南|5}}{{图标|材料|星火之精|10}}{{图标|材料|信用点|60000}},default,
476,|-,default,
477,!累计购买8块土地格,default,
478,|{{图标|材料|漫游指南|5}}{{图标|材料|遗失晶块|6}},default,
479,|-,default,
480,!累计购买12块土地格,default,
481,|{{图标|材料|漫游指南|5}}{{图标|材料|提纯以太|4}},default,
482,|-,default,
483,!累计购买16块土地格,default,
484,|{{图标|材料|提纯以太|4}}{{图标|材料|信用点|20000}},default,
485,|},default,
486,====收集奇遇====,default,
487,"{| class=""wikitable"" style=""text-align:center""",default,
488,|-,default,
489,!完成5次枰上奇遇,default,
490,|{{图标|材料|遗失晶块|6}}{{图标|材料|星火之精|10}}{{图标|材料|信用点|60000}},default,
491,|-,default,
492,!完成10次枰上奇遇,default,
493,|{{图标|材料|漫游指南|5}}{{图标|材料|遗失晶块|6}},default,
494,|-,default,
495,!完成15次枰上奇遇,default,
496,|{{图标|材料|提纯以太|4}}{{图标|材料|遗失晶块|6}},default,
497,|-,default,
498,!完成20次枰上奇遇,default,
499,|{{图标|材料|提纯以太|4}}{{图标|材料|信用点|20000}},default,
500,|},default,
501,====贡献祝福====,default,
502,"{| class=""wikitable"" style=""text-align:center""",default,
503,|-,default,
504,!累计投掷骰子20次,default,
505,|{{图标|材料|漫游指南|5}}{{图标|材料|信用点|100000}},default,
506,|-,default,
507,!累计投掷骰子40次,default,
508,|{{图标|材料|漫游指南|2}}{{图标|材料|信用点|40000}},default,
509,|-,default,
510,!累计投掷骰子60次,default,
511,|{{图标|材料|漫游指南|2}}{{图标|材料|信用点|40000}},default,
512,|-,default,
513,!累计投掷骰子100次,default,
514,|{{图标|材料|信用点|20000}},default,
515,|},default,
516,====全银河贡献进度====,default,
517,"{| class=""wikitable"" style=""text-align:center""",default,
518,! 25% !! 50% !! 75% !! 100%,default,
519,|-,default,
520,|{{图标|材料|星琼|160}},default,
521,|{{图标|材料|星琼|160}},default,
522,|{{图标|材料|星琼|200}},default,
523,|{{图标|材料|星间旅行|1}},default,
524,|},default,
525,==无名勋礼奖励==,default,
526,"{| class=""wikitable"" style=""text-align:center;width:100%""",default,
527,|-,default,
528,|{{图标|材料|无名客的经验|1400}},default,
529,| 在「星间旅行」活动中累计投掷骰子60次,default,
530,|-,default,
531,|{{图标|材料|无名客的经验|1400}},default,
532,| 在「星间旅行」活动中累计贡献开拓券6200000,default,
533,|},default,
534,==考据==,default,
535,*本测试可能由“九型人格测试”修改而来：<br>,content,修改而来
536,第一型完美主义者（The Reformer）：完美者、改进型、捍卫原则型、秩序大使——群星的探险家<br>,content,第一型完美主义者
537,第二型助人者（The Helper）：成就他人者、助人型、博爱型、爱心大使——追光赤子<br>,content,第二型助人者
538,第三型成就者（The Achiever）：成就者、实践型、实干型——启明信标<br>,content,第三型成就者
539,第四型艺术型（The Individualist）：浪漫者、艺术型、自我型——披星舞者<br>,content,第四型艺术型
540,第五型智慧型（The Investigator）：观察者、思考型、理智型——长夜行人<br>,content,第五型智慧型
541,第六型忠诚型（The Loyalist）：寻求安全者、谨慎型、忠诚型——四海信使<br>,content,第六型忠诚型
542,第七型快乐主义型（The Enthusiast）：创造可能者、活跃型、享乐型——无束游子<br>,content,第七型快乐主义型
543,第八型领袖型（The Challenger）：挑战者、权威型、领袖——银海先驱<br>,content,第八型领袖型
544,第九型和平型（The Peacemaker）：维持和谐者、和谐型、平淡型——时光哨卫<br>,content,第九型和平型
