﻿line_number,content,category,character
1,{{活动信息,default,
2,|名称=「位面分裂」第三期,default,
3,|系列活动=位面分裂,default,
4,|所属版本=1.3,default,
5,|开始时间=2023/09/15 04:00<!--填写示例： 2021/01/06 18:00-->,content,填写示例
6,|开始描述=<!--填写带文字的开始时间描述，留空则与开始时间内容一致-->,default,
7,|结束时间=2023/09/22 03:59<!--填写示例： 2021/01/06 18:00，永久活动请填写 9999/01/01-->,content,填写示例
8,|结束描述=<!--填写带文字的结束时间描述，留空则与结束时间内容一致-->,default,
9,|类型=特殊活动<!--版本活动/网页活动/常规活动/特殊活动/额外活动/永久活动-->,default,
10,|TAG=模拟宇宙、遗器<!--选填-->,default,
11,|条件限制=开启「第三世界•模拟宇宙」,default,
12,|活动描述=活动期间，成功挑战「模拟宇宙」，可获得位面饰品双倍奖励。,default,
13,|官方公告链接=https://www.bilibili.com/opus/841064569204899840<!--填写原神驻bilibili官方的公告链接，若没有则填写米游社的公告链接 -->,default,
14,|出场人物=<!--填写相关自机角色或NPC，填写示例： 三月七、姬子、丹恒、瓦尔特 -->,content,填写示例
15,|角色获取=<!--可留空-->,default,
16,|光锥获取=<!--可留空-->,default,
17,|介绍语=<!--可留空-->,default,
18,}},default,
19,===活动说明===,default,
20,*「位面分裂」活动期间，挑战「模拟宇宙」时，可从沉浸装置中获得双倍奖励。,default,
21,*活动期间，双倍奖励的次数有限，可用的剩余次数和次数上限以「位面分裂」活动界面中的显示为准。,default,
22,*双倍奖励次数在活动期间不会重置，请开拓者合理安排时间挑战。,default,
23,===活动奖励===,default,
24,挑战「模拟宇宙」获得位面饰品时，将会自动消耗活动次数获得双倍奖励。（活动期间共12次）,default,
