﻿line_number,content,category,character
1,{{活动信息,default,
2,|名称=「地城探宝」,default,
3,|所属版本=1.2,default,
4,|系列活动=,default,
5,|开始时间=2023/08/09 12:00<!--填写示例： 2021/01/06 18:00-->,content,填写示例
6,|开始描述=<!--填写带文字的开始时间描述，留空则与开始时间内容一致-->,default,
7,|结束时间=2023/08/28 03:59<!--填写示例： 2021/01/06 18:00，永久活动请填写 9999/01/01-->,content,填写示例
8,|结束描述=<!--填写带文字的结束时间描述，留空则与结束时间内容一致-->,default,
9,|类型=版本活动<!--版本活动/网页活动/常规活动/特殊活动/额外活动/永久活动-->,default,
10,|TAG=装饰获取、战斗<!--选填-->,default,
11,|条件限制=完成开拓任务「雅利洛-Ⅵ」-「[[静静的星河]]」,default,
12,|活动描述=在贝洛伯格，寒潮前的古代遗迹重见天日，珍奇异宝与古代遗物埋藏在深处，等待敢于冒险的寻宝者前去探索…,default,
13,|官方公告链接=https://www.bilibili.com/opus/827326665337077765<!--填写原神驻bilibili官方的公告链接，若没有则填写米游社的公告链接 -->,default,
14,|出场人物=矿灯巴列维、阿克赛、布洛妮娅、希儿、希露瓦、杰帕德、娜塔莎、佩拉、克拉拉、桑博、虎克<!--填写相关自机角色或NPC，填写示例： 三月七、姬子、丹恒、瓦尔特 -->,content,填写示例
15,|角色获取=<!--可留空-->,default,
16,|光锥获取=<!--可留空-->,default,
17,|装饰获取=兔子在哪里？,default,
18,|介绍语=最近的贝洛伯格兴起了「寻宝」的热潮，大量古代遗物出现在了下层区中，而这一切似乎都与大矿区的古代遗迹有关……,default,
19,|奖励=自塑尘脂*1、命运的足迹*1、星琼*1000、遗器残骸、聊天对话框「兔子在哪里？」,default,
20,|所属地区=2,default,
21,}},default,
22,===活动说明===,default,
23,*活动开启后，每日将会解锁新的遗迹，共计5个遗迹，每个遗迹分别有「浅层探索」与「深层探索」两种模式，通关「浅层探索」后将会解锁对应遗迹的「深层探索」。,default,
24,*活动期间探索遗迹，达到特定探索进度时可在「探宝奖励」中领取任务奖励。,default,
25,*活动中，寻宝者可以通过消耗耐力值探索遗迹各个区域。区域中潜藏着道具、补给物资…还有危险的敌人，等待寻宝者前来探索。,default,
26,===注意事项===,default,
27,*合理地规划行动路线、分配耐力值，利用遗迹中发掘出来的道具，应对不同类型的敌人，将使寻宝任务更加顺利。,default,
28,*开拓者可以选择试用角色参与活动。,default,
29,*每次战斗结束后，将记录所有角色的生命值及能量。,default,
30,*当开拓者提升「均衡等级」时，活动中敌人和试用角色等级将同步提升。,default,
31,,default,
32,==玩法介绍==,default,
33,<gallery>,default,
34,地城探宝-玩法介绍.jpg,default,
35,</gallery>,default,
36,==规则说明==,default,
37,'''耐力''',default,
38,* 在「地城探宝」的关卡中，开拓者的行动需要消耗{{颜色|描述|耐力值}}。,default,
39,*当耐力值耗尽时，每消耗{{颜色|描述|1}}点耐力值，都将扣除{{颜色|描述|全队角色的生命值}}百分比。,default,
40,*「浅层探索」中，每进入新的一层，将会恢复{{颜色|描述|8}}点耐力值；耐力值耗尽后，行动会扣除全队角色{{颜色|描述|3%}}的生命值。,default,
41,*「深层探索」中，每进入新的一层，不再自动恢复{{颜色|描述|8}}点耐力值；耐力值耗尽时，行动会扣除全队角色{{颜色|描述|5%}}的生命值。,default,
42,*当角色的生命值被扣除至{{颜色|描述|0}}时，角色将会阵亡。若所有角色均阵亡，本次探索将会自动结束。,default,
43,<br>,default,
44,'''行动''',default,
45,*在「地城探宝」的关卡中，开拓者的以下行为将会被记作一次{{颜色|描述|行动}}：探索区域，拾取补给、古代装备、古代炸弹、古代遗物，通过战斗或使用古代炸弹击败敌人、被敌人击败。其中，行动会减少关卡中的部分敌人机制的倒计时次数，触发特殊效果，请合理规划探索路线和节奏。,content,行动
46,*探索过程中，拾取的{{颜色|描述|古代遗物}}，将会在后续场次的战斗中生效，使用后消耗可用次数。此外，古代遗物上附加了特殊挑战，达成特殊挑战目标，可以获取额外的奖励。,default,
47,<br>,default,
48,'''属性继承''',default,
49,*在「地城探宝」的关卡中，通过拾取古代装备提高的属性值，将会在结算后继承。同时，{{颜色|描述|「浅层探索」和「深层探索」会共享继承的属性值}}——建议寻宝者合理规划耐力和探索路线，{{颜色|描述|尽量找到更多的古代装备}}。,default,
50,<br>,default,
51,'''属性增益''',default,
52,*{{颜色|描述|伤害提高}}将为所有角色提供全属性伤害提高的增益效果，进入战斗后自动生效。此外，{{颜色|描述|不同遗迹}}中，{{颜色|描述|攻击类属性值}}均会根据{{颜色|描述|伤害提高}}的属性值提高。,default,
53,*{{颜色|描述|伤害减免}}将为所有角色提供减免受到的伤害的增益效果，进入战斗后自动生效。,default,
54,==玩法说明==,default,
55,{{折叠|开始|标题=玩法说明一览|折叠=是}},default,
56,{| class=wikitable,default,
57,!rowspan=2|地城探宝•探索,default,
58,|[[File:地城探宝-规则说明1.png|400px]],default,
59,|{{颜色|描述2|消耗耐力值}}，可以对明亮的区域进行探索。,default,
60,|-,default,
61,|[[File:地城探宝-规则说明2.png|400px]],default,
62,|{{颜色|描述2|黯淡的区域无法进行探索或交互}}，需要先探索邻近的区域使其恢复明亮。,default,
63,|-,default,
64,!地城探宝•寻宝者区域,default,
65,|[[File:地城探宝-规则说明11.png|400px]],default,
66,|探索{{颜色|描述2|寻宝者区域}}，会邂逅熟悉的伙伴加入探索，成为可供选择的试用角色。,default,
67,|-,default,
68,!地城探宝•招募区域,default,
69,|[[File:地城探宝-规则说明20.png|400px]],default,
70,|探索{{颜色|描述2|招募区域}}，可以选择你拥有的角色，加入探索队伍。,default,
71,|-,default,
72,!地城探宝•属性继承,default,
73,|[[File:地城探宝-规则说明6.png|400px]],default,
74,|古代装备提高的{{颜色|描述2|属性值}}，仅能在{{颜色|描述2|同一遗迹}}的探索中{{颜色|描述2|积累并生效}}。,default,
75,|-,default,
76,!rowspan=2|地城探宝•古代装备,default,
77,|[[File:地城探宝-规则说明5.png|400px]],default,
78,|收集{{颜色|描述2|古代兵器和古代防具}}可以提高角色的{{颜色|描述2|属性值}}，以便轻松应对遗迹中的{{颜色|描述2|各种敌人}}。,default,
79,|-,default,
80,|[[File:地城探宝-规则说明6.png|400px]],default,
81,|提高的{{颜色|描述2|属性值}}可以在本遗迹的{{颜色|描述2|浅层探索和深层探索}}中生效。,default,
82,|-,default,
83,!地城探宝•补给物资,default,
84,|[[File:地城探宝-规则说明9.png|400px]],default,
85,|{{颜色|描述2|补给物资}}会恢复探索需要的耐力值。当耐力值耗尽后，将改为消耗{{颜色|描述2|「生命值」}}。,default,
86,|-,default,
87,!地城探宝•治疗物资,default,
88,|[[File:地城探宝-规则说明10.png|400px]],default,
89,|{{颜色|描述2|治疗物资}}会回复全队所有角色的生命值。,default,
90,|-,default,
91,!地城探宝•古代炸弹,default,
92,|[[File:地城探宝-规则说明12.png|400px]],default,
93,|{{颜色|描述2|古代炸弹}}可以直接击败1个普通敌人。,default,
94,|-,default,
95,!地城探宝•古代遗物,default,
96,|[[File:地城探宝-规则说明13.png|400px]],default,
97,|{{颜色|描述2|古代遗物}}可以为单次战斗提供增益效果。达成遗物的挑战，还可以获取额外的奖励。,default,
98,|-,default,
99,!地城探宝•传送装置,default,
100,|[[File:地城探宝-规则说明14.png|400px]],default,
101,|击败所有敌人，将激活{{颜色|描述2|传送装置}}，点击传送装置将结束本次探索并结算成绩。,default,
102,|-,default,
103,!地城探宝•敌人•封锁能力,default,
104,|[[File:地城探宝-规则说明8.png|400px]],default,
105,|具有{{颜色|描述2|封锁能力}}的敌人会封锁周围的区域，可通过战斗将其击败。,default,
106,|-,default,
107,!rowspan=2|地城探宝•敌人•突袭能力,default,
108,|[[File:地城探宝-规则说明15.png|400px]],default,
109,|具有{{颜色|描述2|突袭能力}}的敌人会根据你的行动进行倒计时。在计时结束时发起攻击{{颜色|描述2|扣除耐力值}}。该敌人会直接出现，但{{颜色|描述2|不会封锁周围的区域}}。,default,
110,|-,default,
111,|[[File:地城探宝-规则说明16.png|400px]],default,
112,|{{颜色|描述2|探索、战斗、拾取或使用道具}}都将视为1次{{颜色|描述2|行动}}，每次行动都会减少倒计时。,default,
113,|-,default,
114,!rowspan=2|地城探宝•敌人•成长能力,default,
115,|[[File:地城探宝-规则说明17.png|400px]],default,
116,|具有{{颜色|描述2|成长能力}}的敌人会根据你的行动进行倒计时。在计时结束时将获得强化，提高自己的攻击力。,default,
117,|-,default,
118,|[[File:地城探宝-规则说明18.png|400px]],default,
119,|具有成长能力的敌人还会{{颜色|描述2|封锁周围的区域}}。,default,
120,|-,default,
121,!地城探宝•敌人•召唤能力,default,
122,|[[File:地城探宝-规则说明19.png|400px]],default,
123,|具有{{颜色|描述2|召唤能力}}的敌人会根据你的行动进行倒计时。在计时结束时触发召唤，添加1个非精英敌人在空白区域。<br>该敌人会直接出现，但{{颜色|描述2|不会封锁周围的区域}}。,default,
124,|-,default,
125,!rowspan=2|地城探宝•敌人•镇守能力,default,
126,|[[File:地城探宝-规则说明21.png|400px]],default,
127,|具有{{颜色|描述2|镇守能力}}的敌人会根据周围尚未探索的区域数量，提高自己的攻击力。<br>该敌人会直接出现，但{{颜色|描述2|不会封锁周围的区域}}。,default,
128,|-,default,
129,|[[File:地城探宝-规则说明22.png|400px]],default,
130,|击败具有镇守能力的敌人，可获得{{颜色|描述2|门卡}}。,default,
131,|-,default,
132,!地城探宝•敌人•支援能力,default,
133,|[[File:地城探宝-规则说明23.png|400px]],default,
134,|具有{{颜色|描述2|支援能力}}的敌人会强化周围区域现身的敌人，提高其他敌人的攻击力。<br>该敌人会直接出现，但{{颜色|描述2|不会封锁周围的区域}}。,default,
135,|-,default,
136,!地城探宝•敌人•藏宝能力,default,
137,|[[File:地城探宝-规则说明24.png|400px]],default,
138,|在具有{{颜色|描述2|藏宝能力}}的敌人中，会出现携带宝藏的扑满。敌人会根据你的行动进行倒计时，在计时结束前击败「扑满」可以获得遗迹中的道具。该敌人会直接出现，但{{颜色|描述2|不会封锁周围的区域}}。,default,
139,|-,default,
140,!地城探宝•敌人•金色藏宝能力,default,
141,|[[File:地城探宝-规则说明25.png|400px]],default,
142,|找到金色藏宝能力的敌人，并在计时结束前击败出现的「扑满」，可获得{{颜色|描述2|门卡}}。,default,
143,|-,default,
144,!rowspan=3|其他,default,
145,|[[File:地城探宝-规则说明3.png|400px]],default,
146,|当耐力值耗尽时，每次消耗耐力值，将扣除全队所有角色一定百分比的{{颜色|描述2|生命值}}。,default,
147,|-,default,
148,|[[File:地城探宝-规则说明4.png|400px]],default,
149,|当队伍中的角色陷入无法战斗状态时，生命状态栏会变为灰色。可以点击{{颜色|描述2|队伍}}查看所有角色的当前状态。,default,
150,|-,default,
151,|[[File:地城探宝-规则说明7.png|400px]],default,
152,|找到并拾取{{颜色|描述2|门卡}}后，将打开前往下一层的入口。,default,
153,|},default,
154,{{折叠|结束}},default,
155,,default,
156,==活动剧情==,branch_content,
157,===活动任务===,default,
158,{{#ask:[[分类:活动任务]][[系列任务::~*地城游记*]],default,
159,|?系列任务,default,
160,|format=outline,default,
161,|sort=任务编号,default,
162,|outlineproperties=系列任务}},default,
163,===NPC对话===,default,
164,{{折叠|折叠=是|标题=NPC对话（阿克赛）|内容=,default,
165,'''1.2「地城探宝」活动期间对话''',default,
166,*阿克赛：是你啊，准备好去古代遗迹寻宝了吗？,content,阿克赛
167,{{剧情选项,default,
168,|选项1=进入古代遗迹。,option,开拓者
169,|图标1=活动,default,
170,|选项2=我想问关于古代遗迹的事。,option,开拓者
171,|图标2=对话,default,
172,|剧情2=*阿克赛：问吧，我很乐意为伙伴排忧解难！,branch_content,阿克赛
173,{{剧情选项,default,
174,|选项1=这个古代遗迹是怎么来的？,option,开拓者
175,|图标1=对话,default,
176,|剧情1=*阿克赛：都叫古代遗迹了，那当然是古代人造的呗。,branch_content,阿克赛
177,*阿克赛：你应该也听说过，在寒潮降临之前，天上来的怪物入侵了这里，这应该是那时古人留下的避难所。,content,阿克赛
178,|选项2=我们能找到什么古代遗物？,option,开拓者
179,|图标2=对话,default,
180,|剧情2=*阿克赛：说不准，古代遗物千奇百怪，很多东西我也叫不出名字。,branch_content,阿克赛
181,*阿克赛：但不管找到什么，能卖个好价钱就行了，你说是吧？,content,阿克赛
182,|选项3=古代遗迹里危险吗？,option,开拓者
183,|图标3=对话,default,
184,|剧情3=*阿克赛：当然，不危险我还至于找你帮忙吗？,branch_content,阿克赛
185,*阿克赛：遗迹里有不少怪物和失控的机兵，也有些不守规矩的同行会来抢你的成果，听说有人还看到了更可怕的东西……,content,阿克赛
186,*阿克赛：不过也别太担心，风险高的地方收益也高，我相信你一定能找到法子解决！,content,阿克赛
187,|选项4=没有什么想问的了。,option,开拓者
188,|图标4=退出,default,
189,}},default,
190,|选项3=下次再说。,option,开拓者
191,|图标3=退出,default,
192,|剧情3=*阿克赛：行，但最好赶紧动手，别让同行抢先了。,branch_content,阿克赛
193,}},default,
194,<br>,default,
195,'''1.2「地城探宝」活动任务完成后''',default,
196,*阿克赛：是你啊，准备好去古代遗迹寻宝了吗？,content,阿克赛
197,{{剧情选项,default,
198,|选项1=进入古代遗迹。,option,开拓者
199,|图标1=活动,default,
200,|选项2=我想问关于古代遗迹的事。,option,开拓者
201,|图标2=对话,default,
202,|剧情2=*阿克赛：问吧，我很乐意为伙伴排忧解难！,branch_content,阿克赛
203,{{剧情选项,default,
204,|选项1=这个古代遗迹是怎么来的？,option,开拓者
205,|图标1=对话,default,
206,|剧情1=*阿克赛：都叫古代遗迹了，那当然是古代人造的呗。,branch_content,阿克赛
207,*阿克赛：你应该也听说过，在寒潮降临之前，天上来的怪物入侵了这里，这应该是那时古人留下的避难所。,content,阿克赛
208,|选项2=我们能找到什么古代遗物？,option,开拓者
209,|图标2=对话,default,
210,|剧情2=*阿克赛：说不准，古代遗物千奇百怪，很多东西我也叫不出名字。,branch_content,阿克赛
211,*阿克赛：但不管找到什么，能卖个好价钱就行了，你说是吧？,content,阿克赛
212,|选项3=古代遗迹里危险吗？,option,开拓者
213,|图标3=对话,default,
214,|剧情3=*阿克赛：这…危不危险你不都感受到了吗？,branch_content,阿克赛
215,*阿克赛：还好有你，不然还真就要栽在地下了…看吧，我就说你一定能找到法子解决！,content,阿克赛
216,|选项4=没有什么想问的了。,option,开拓者
217,|图标4=退出,default,
218,}},default,
219,|选项3=关于结束探宝的感想。,option,开拓者
220,|图标3=对话,default,
221,|剧情3=*阿克赛：坦白讲，这次真是我寻宝经历里最刺激的一次！以前遇到怪物只能开溜，这次却能一路闯到底……,branch_content,阿克赛
222,*阿克赛：你真是合格的寻宝者护卫，今后有机会再合作啊！,content,阿克赛
223,|选项4=下次再说。,option,开拓者
224,|图标4=退出,default,
225,|剧情4=*阿克赛：行，反正已经探到最深处了，想再进去就随时找我吧！,branch_content,阿克赛
226,}},default,
227,}},default,
228,,default,
229,==活动内容==,default,
230,,default,
231,===古代遗迹===,default,
232,{|class=wikitable,default,
233,!colspan=2|关卡!!遗迹详情!!出现的敌人!!试用角色,default,
234,|-,default,
235,!rowspan=3|第一遗迹,default,
236,|-,default,
237,|浅层探索||虽然是最表层的遗迹，但也不能放松警惕。打败拦路的敌人，寻找遗迹中的宝藏吧。||rowspan=2|{{图标|自动机兵•灰熊}}<br>{{图标|自动机兵•齿狼}}||rowspan=2|{{图标/角色|大|卡芙卡}}{{图标/角色|大|卢卡}},default,
238,|-,default,
239,|深层探索||第一遗迹的深层区域，疲惫的你无法在每层自动恢复耐力，请谨慎行动。,default,
240,|-,default,
241,!rowspan=3|第二遗迹,default,
242,|-,default,
243,|浅层探索||你已经熟悉了寻宝的技巧，切忌盲目行动，利用经验进行探索吧。||rowspan=2|{{图标|外宇宙之冰}}<br>{{图标|外宇宙之炎}}||rowspan=2|{{图标/角色|大|银狼}}{{图标/角色|大|素裳}},default,
244,|-,default,
245,|深层探索||第二遗迹的深层区域，疲惫的你无法在每层自动恢复耐力，请谨慎行动。,default,
246,|-,default,
247,!rowspan=3|第三遗迹,default,
248,|-,default,
249,|浅层探索||随着遗迹深入，环境也会愈发危险…规划好寻宝路线，从敌人的包围中夺取宝藏吧。||rowspan=2|{{图标|深寒徘徊者}}<br>{{图标|炽燃徘徊者}}||rowspan=2|{{图标/角色|大|景元}}{{图标/角色|大|停云}},default,
250,|-,default,
251,|深层探索||第三遗迹的深层区域，疲惫的你无法在每层自动恢复耐力，请谨慎行动。,default,
252,|-,default,
253,!rowspan=3|第四遗迹,default,
254,|-,default,
255,|浅层探索||遗迹中的宝物越来越多，敌人也越来越强大…面对强敌时，请好好利用手中的古代遗物。||rowspan=2|{{图标|守护者之影}}<br>{{图标|蚕食者之影}}||rowspan=2|{{图标/角色|大|罗刹}}{{图标/角色|大|刃}},default,
256,|-,default,
257,|深层探索||第四遗迹的深层区域，疲惫的你无法在每层自动恢复耐力，请谨慎行动。,default,
258,|-,default,
259,!rowspan=3|第五遗迹,default,
260,|-,default,
261,|浅层探索||最珍贵的宝物埋藏于此，但机遇与风险同在：在传闻中，这里徘徊着一个可怕的敌人……||rowspan=2|{{图标|「监督机器」原型机2号}}||rowspan=2|{{图标/角色|大|卡芙卡}}{{图标/角色|大|艾丝妲}},content,但机遇与风险同在
262,|-,default,
263,|深层探索||第五遗迹的深层区域，疲惫的你无法在每层自动恢复耐力，请谨慎行动。,default,
264,|},default,
265,===遗迹力场===,default,
266,{|class=wikitable,default,
267,!style=white-space:nowrap|「储物仓库」,default,
268,|本层探索中，可获得大量道具。<br>''——这里掉落了大量的道具，为寻宝提供巨大帮助，助你应对遗迹中的危险。'',default,
269,|-,default,
270,!「补给中心」,default,
271,|本层探索中，可获得大量补给道具。<br>''——这里似乎是安放补给品的储存室，在这里好好补充资源再前进吧。'',default,
272,|-,default,
273,!「地下邂逅」,default,
274,|本层探索中，会偶遇到其他寻宝者。<br>''——在遗迹中，你好像看到了熟悉的身影……'',default,
275,|-,default,
276,!「军火库」,default,
277,|开始探索时，将直接翻出古代炸弹。<br>''——这里似乎是古代炸弹的仓库，这种武器能轻易让敌人粉身碎骨，使用时请注意安全。'',default,
278,|-,default,
279,!「四面受敌」,default,
280,|开始探索时，将直接出现敌人。<br>''——这里的敌人都注意到了你，纷纷现身…或许古代炸弹可以帮助你摆脱困境。'',default,
281,|-,default,
282,!「身先士卒」,default,
283,|开始探索时，将直接出现「首领」级别的敌人。<br>''——强大的敌人已经发现了你，大战在所难免，请谨慎对敌。'',default,
284,|-,default,
285,!「遗物宝库」,default,
286,|开始探索时，将直接翻出古代遗物。<br>''——这些遗物可以提供巨大的帮助，让你在对抗强敌时获得更多优势。'',default,
287,|-,default,
288,!「突出重围」,default,
289,|击败所有敌人后，将激活可传送门。<br>''——出口就在眼前，但敌人拦住了你的去路，将敌人全部打败吧！'',default,
290,|-,default,
291,!「小心暗箭」,default,
292,|具有「突袭」能力的敌人，会根据你的行动发起损耗耐力值的攻击。<br>''——小心，埋伏的敌人将会发动突袭，削减你的耐力值。'',default,
293,|-,default,
294,!「蓄势待发」,default,
295,|具有「成长」能力的敌人，会根据你的行动强化自身。<br>''——这些敌人会逐渐变强，请优先解决掉它们。'',default,
296,|-,default,
297,!「严阵以待」,default,
298,|具有「成长」能力的敌人，将直接出现并封锁周围的区域。<br>''——拥有成长能力的敌人发现了你，它们开始积蓄力量，准备向你发起攻击。'',default,
299,|-,default,
300,!「集结号令」,default,
301,|具有「召唤」能力的敌人，会根据你的行动在空白区域召唤同伴。<br>''——「召唤」能力的敌人一旦发现你，便会召集更多的敌人。'',default,
302,|-,default,
303,!「召集军团」,default,
304,|具有「召唤」能力的敌人，会根据你的行动在空白区域召唤同伴。<br>''——「召唤」能力的敌人一旦发现你，便会召集更多的敌人。'',default,
305,|-,default,
306,!「闭境自守」,default,
307,|具有「镇守」能力的敌人，会根据周围的区域强化自身，击败它后可获取门卡。<br>''——镇守遗迹的强敌藏匿着门卡，想要将其击败，就先破坏强化它们的掩体吧。'',default,
308,|-,default,
309,!「掀风鼓浪」,default,
310,|具有「支援」能力的敌人，会强化周围的其他敌人。<br>''——「支援」能力的敌人可以鼓舞周围的同伴，增强其他敌人的能力。'',default,
311,|-,default,
312,!「朋比为奸」,default,
313,|请注意敌人组合，谨慎采取行动。<br>''——这里的敌人团结一致，互相照应。它们会一起狩猎寻宝者。'',default,
314,|-,default,
315,!「同恶相济」,default,
316,|请注意敌人组合，谨慎采取行动。<br>''——这里的敌人团结一致，互相照应。它们会一起狩猎寻宝者。'',default,
317,|-,default,
318,!「遗物扑满」,default,
319,|携带古代遗物的序列扑满出现！<br>''——远处的扑满发现了你，它似乎带着古代遗物，正准备逃跑…'',default,
320,|-,default,
321,!「炸弹扑满」,default,
322,|携带古代炸弹的毁灭扑满出现！<br>''——远处的扑满发现了你，它似乎带着古代炸弹，正准备逃跑…'',default,
323,|-,default,
324,!「物资扑满」,default,
325,|携带补给物资的丰饶扑满出现！<br>''——出现了一只携带补给物资的扑满，你可以尝试捕获它…'',default,
326,|-,default,
327,!「装备扑满」,default,
328,|携带古代装备的存护扑满出现！<br>''——出现了携带古代装备的扑满，你可以尝试捕获它…'',default,
329,|-,default,
330,!「门卡扑满」,default,
331,|携带门卡的次元扑满出现！<br>''——远处的扑满发现了你，它似乎带着…前往下一层的门卡，快抓住它！'',default,
332,|-,default,
333,!「扑满派对」,default,
334,|出现了多种类型的扑满！<br>''——遗迹中出现了大量的扑满，快去捕获它们吧！'',default,
335,|-,default,
336,!「危险区」,default,
337,|击败所有敌人后，将激活可传送门。<br>''——这里充斥着危险的气息，四周挤满了凶猛的敌人。'',default,
338,|-,default,
339,!「机械危机」,default,
340,|击败所有敌人后，将激活可传送门。<br>''——失控的「监督机器」出现了，散发着危险的气息…遗迹尽头的决战即将开始！'',default,
341,|-,default,
342,!「安全屋」,default,
343,|本层探索中，不会遭遇敌人。<br>''——幸运的你来到了避难所的安全屋，没有怪物，只有宝物。'',default,
344,|},default,
345,,default,
346,===试用角色（地下邂逅）===,default,
347,"{|class=wikitable style=""text-align:center""",default,
348,!角色!!遗迹!!台词,default,
349,|-,default,
350,|rowspan=5|{{图标/角色|大|布洛妮娅}},default,
351,"|1||style=""text-align:left""|「开拓者，没想到会在这里遇到你。这个遗迹给下层区带来了很多危险，身为『大守护者』，不能总在城堡中袖手旁观，我会亲自解决这里的危险——开拓者，可以助我一臂之力吗？」",default,
352,|-,default,
353,"|2||style=""text-align:left""|「没想到这个遗迹的结构这么复杂，过去的筑城者到底在贝洛伯格留下了多少秘密…开拓者，这些秘密就由我们来揭开吧。」",default,
354,|-,default,
355,"|3||style=""text-align:left""|「唔，这里的敌人还真是难缠…啊，开拓者，让你见笑了，看来要保护好贝洛伯格的居民，靠我自己远远不够——开拓者，请允许我再次借用你的力量吧。」",default,
356,|-,default,
357,"|4||style=""text-align:left""|「虽然我学习过古代遗物的知识，但这里还是有许多我无法理解的科技…看来作为『大守护者』，我要学习的事情还有很多——开拓者，麻烦你继续陪我走下去吧。」",default,
358,|-,default,
359,"|5||style=""text-align:left""|「开拓者，这里徘徊着失控的『原型机』，那是筑城者留下的古代机器。守护贝洛伯格的工具如今威胁着民众的安全，还真是讽刺——开拓者，我们一起扫除这个威胁吧。」",default,
360,|-,default,
361,|rowspan=5|{{图标/角色|大|希儿}},default,
362,"|1||style=""text-align:left""|「哟，开拓者，你也是来寻宝的？唉，要是每个跑进来的家伙都有你的本事，头儿也不至于让我来救人——『地火』要把这里的麻烦清理掉，方便的话就搭把手吧。」",default,
363,|-,default,
364,"|2||style=""text-align:left""|「嚯，这地下遗迹还真大啊，看来以后『地火』的巡逻范围也要扩张了——开拓者，这里的第一次巡逻任务就交给我们了！」",default,
365,|-,default,
366,"|3||style=""text-align:left""|「开拓者，我看你打倒了不少拦路的家伙，干得不错嘛！但我可不能让你把『地火』的风头全抢光，接下来就一起走吧！」",default,
367,|-,default,
368,"|4||style=""text-align:left""|「古代人留下来的这些武器看起来真厉害，什么喷火的刀、发光的盾牌…就是不知道该怎么用——开拓者，交给你了，在之后的战斗中教教我吧！」",default,
369,|-,default,
370,"|5||style=""text-align:left""|「开拓者，你听说了没？遗迹里有个跟史瓦罗长得一模一样的家伙在搞破坏。唉，之前好不容易才解决掉史瓦罗，结果又冒出来一个——算了，开拓者，来把它揍趴下吧！」",default,
371,|-,default,
372,|rowspan=5|{{图标/角色|大|希露瓦}},default,
373,"|1||style=""text-align:left""|「嗨，开拓者，你也来啦？古代人留下的遗物还真是神奇，我准备拿回机械屋好好研究一下——来和我找找有趣的东西，怎么样？」",default,
374,|-,default,
375,"|2||style=""text-align:left""|「开拓者，收获如何？我虽然没在这里找到宝物，但找到了不少新歌的灵感——快来听听，这可是真正的『地下摇滚』！」",default,
376,|-,default,
377,"|3||style=""text-align:left""|「开拓者，你的寻宝之旅如何？说真的，地底的氛围还真不错，不如下次就在这里举办一场演出吧——地底废墟中的演唱会，听上去就很摇滚！」",default,
378,|-,default,
379,"|4||style=""text-align:left""|「开拓者，这儿的东西可真是不得了！如果我在铁卫的时候发现了这个遗迹，说不定就是贝洛伯格的首席发明家了…开个玩笑，还是『永动』更适合我。」",default,
380,|-,default,
381,"|5||style=""text-align:left""|「开拓者，看，出口被那个大块头挡住了。如果我没记错，应该是『筑城者』留下的东西吧，真想看看这家伙到底有多厉害…走，开拓者，一起见识下吧！」",default,
382,|-,default,
383,|rowspan=5|{{图标/角色|大|杰帕德}},default,
384,"|1||style=""text-align:left""|「等等，前方禁止通行…嗯？原来是开拓者啊。抱歉，为了下层区居民的安全，这里已经被封锁了……帮助铁卫搜查遗迹？这倒是个合规的理由，那就麻烦你了。」",default,
385,|-,default,
386,"|2||style=""text-align:left""|「这里有太多失控的机兵和怪物了，为了下城区的安全，绝对不能让它们跑到外面去。开拓者，请跟我清理掉这些贝洛伯格的威胁吧！」",default,
387,|-,default,
388,"|3||style=""text-align:left""|「开拓者，能遇到你真是太好了。铁卫们还没有熟悉在地下作战，这些敌人对我们来说太棘手了…贝洛伯格的英雄，拜托你和我们并肩作战吧。」",default,
389,|-,default,
390,"|4||style=""text-align:left""|「地底原来有这么多文物，怪不得这些寻宝者会冒险闯入，看来及时封锁遗迹是正确的抉择。开拓者，这些都是贝洛伯格宝贵的文化遗产…等等，你没有私藏什么文物吧？」",default,
391,|-,default,
392,"|5||style=""text-align:left""|「前面的那台机兵太危险了，仅靠银鬃铁卫的兵力，可能没办法阻止它…开拓者，绝不能让他离开遗迹，请和我一起打倒它吧！」",default,
393,|-,default,
394,|rowspan=5|{{图标/角色|大|娜塔莎}},default,
395,"|1||style=""text-align:left""|「哎呀，你果然也来了。最近诊所里多了不少伤员，应该都是因为想要『探宝』吧？我可不能看着大家拿生命来冒险——开拓者，帮我把他们带回家吧。」",default,
396,|-,default,
397,"|2||style=""text-align:left""|「开拓者，又见面了。在这里常常能看到被困的伤员，这些人为了财宝而不顾自己的安危…真是让人头疼。开拓者，拜托帮我带他们回去吧。」",default,
398,|-,default,
399,"|3||style=""text-align:left""|「开拓者，没受伤吧？看来我是拦不住你们这些喜欢冒险的寻宝者啊…那至少要让大家少遇到一些危险。开拓者，准备好战斗了吗？」",default,
400,|-,default,
401,"|4||style=""text-align:left""|「我从没有见到这么多的古代遗物…呵呵，我有点理解你们为什么要闯进这里了。但生命的价值比任何宝物都珍贵，开拓者，希望你和其他寻宝者都能明白这个道理。」",default,
402,|-,default,
403,"|5||style=""text-align:left""|「开拓者，总算是到最后一个遗迹了。我的伤员告诉我，他们在这里遇到了一台不讲道理的机器人，长得和史瓦罗很像…想必你马上就会见到它了。我可不会放过在下层区随便伤人的家伙，开拓者，一起去给它一点教训吧。」",default,
404,|-,default,
405,|rowspan=5|{{图标/角色|大|佩拉}},default,
406,"|1||style=""text-align:left""|「是开拓者啊，你也是来考古的吗？这里应该是筑城者修建的避难所，用于抵御寒潮来临前的天灾…还有一些情报需要搜集——要跟我一起调查一下吗？」",default,
407,|-,default,
408,"|2||style=""text-align:left""|「避难所、古代遗物、特殊机兵…贝洛伯格的地底居然埋藏了这么多东西——开拓者，做好笔记，我们去更深的地方看看吧。」",default,
409,|-,default,
410,"|3||style=""text-align:left""|「开拓者，调查进展如何？不知道你有没有发现，遗迹中的敌人拥有一些特殊的能力，这应该是古代科技的影响…看来这里有着我们不曾了解的古代技术，开拓者，来继续帮我搜集这里的情报吧。」",default,
411,|-,default,
412,"|4||style=""text-align:left""|「这、这是『古代地髓能热切割锯刃』！还有『古代磁流聚能护盾』！以前只在资料里见过，没想到这里有这么多真品…咳，开拓者，把文物拿好，千万别弄丢了！」",default,
413,|-,default,
414,"|5||style=""text-align:left""|「从地髓的颜色来看，这里应该就是遗迹最深处了。情报显示，这里出现过古代的『原型机』，那可不是普通的机兵——开拓者，最后的考察要格外小心。」",default,
415,|-,default,
416,|rowspan=5|{{图标/角色|大|克拉拉}},default,
417,"|1||style=""text-align:left""|「原来开拓者大姐姐/大哥哥也在这里呀…这里有许多失控的机器人，虽然史瓦罗先生说这种故障很难修复，但也不能继续把大家丢在这里不管——大姐姐/大哥哥，一起帮帮大家吧。」",default,
418,|-,default,
419,"|2||style=""text-align:left""|「开拓者大姐姐/大哥哥，你没事吧？失控的机器人们一直在伤害其他人…虽然它们也很可怜，但克拉拉不能让这种事情继续下去了——大姐姐/大哥哥，请让克拉拉和史瓦罗先生也帮忙战斗吧。」",default,
420,|-,default,
421,"|3||style=""text-align:left""|「开拓者大姐姐/大哥哥，史瓦罗先生好像在这里发现了一些不得了的东西，所以不管有多危险，我们都要去更深的地方。大姐姐/大哥哥，带我们前进吧。」",default,
422,|-,default,
423,"|4||style=""text-align:left""|「开拓者大姐姐/大哥哥，史瓦罗先生说，这里似乎有与他同一型号的『原型机』。对史瓦罗先生来说，或许就是他的『家人』——大姐姐/大哥哥，我们去帮史瓦罗先生找找他的家人吧。」",default,
424,|-,default,
425,"|5||style=""text-align:left""|「开拓者大姐姐/大哥哥，史瓦罗先生的『家人』就在我们面前，但是…它已经完全失控了。为了大家的安全，史瓦罗先生决定要打倒它——大姐姐/大哥哥，克拉拉不想辜负史瓦罗先生的决心，请帮帮我们吧。」",default,
426,|-,default,
427,|rowspan=5|{{图标/角色|大|桑博}},default,
428,"|1||style=""text-align:left""|「哎，这不是开拓者吗？你也是来寻宝的？既然这么有缘，咱们就一块走吧——有我老桑博在，保你不会吃亏！」",default,
429,|-,default,
430,"|2||style=""text-align:left""|「开拓者，寻宝之旅怎么样了？要是没找到什么古代遗物，我也可以便宜卖给你几件，刚刚出土，货真价实，童叟无欺！」",default,
431,|-,default,
432,"|3||style=""text-align:left""|「喂，开拓者，你的寻宝方式也太浪费了！打败的机兵不要乱扔，捡回去修一修，涂上新漆，放到古代遗物市场上，老人小孩都爱买。走，让我老桑博教教你什么叫勤俭的寻宝者~」",default,
433,|-,default,
434,"|4||style=""text-align:left""|「开拓者，你看，这层的宝贝可真不少。要我老桑博带你找找好东西吗？都是兄弟/姐妹，带路费好商量~」",default,
435,|-,default,
436,"|5||style=""text-align:left""|「开拓者，我的大救星，总算是碰到你了！我刚准备收工回家，却被一台大机器人拦住了去路。唉，看来要想出去就必须干掉他了，我一个人肯定做不到——开拓者，老桑博的生意可就全靠你了！」",default,
437,|-,default,
438,|rowspan=5|{{图标/角色|大|虎克}},default,
439,"|1||style=""text-align:left""|「出口到底在哪呢…嗯？是荣誉队员！正好，来和虎克寻宝吧——跟紧点哦，可别迷路了！」",default,
440,|-,default,
441,"|2||style=""text-align:left""|「这个遗迹居然有这么多层，真气派啊——决定了！荣誉队员，快把坏家伙全都从这里赶出去，虎克要把这里变成鼹鼠党的新基地！」",default,
442,|-,default,
443,"|3||style=""text-align:left""|「呜，好黑啊…呜哇？！原、原来是荣誉队员！虎克刚刚可不是在害怕，只是还没适应未来的新基地！你来得正好，快替虎克打头阵！」",default,
444,|-,default,
445,"|4||style=""text-align:left""|「可恶，好重的箱子…嘿，荣誉队员！这是虎克千辛万苦找到的宝物，现在交给你保管了，帮虎克搬回去吧！」",default,
446,|-,default,
447,"|5||style=""text-align:left""|「荣誉队员——终于找到你了！有个和史瓦罗长得一样的家伙不让虎克出去，太可恶了！荣誉队员，快去让它见识一下鼹鼠党的厉害！」",default,
448,|},default,
449,===拾取物品===,default,
450,{|class=wikitable,default,
451,!物品名称!!物品效果,default,
452,|-,default,
453,|古代兵器||攻击加成：伤害提高+5%，持续伤害提高+4%,content,攻击加成
454,|-,default,
455,|古代防具||防御加成：伤害减免+1%,content,防御加成
456,|-,default,
457,|治疗物资||可以回复全队角色一定的生命值百分比,default,
458,|-,default,
459,|补给物资||可以恢复一定的耐力值,default,
460,|-,default,
461,|古代炸弹||可直接击败一格区域内的普通敌人,default,
462,|-,default,
463,|古代遗物||可以为单次战斗提供增益效果。达成遗物的挑战，还可以获取额外的奖励。,default,
464,|-,default,
465,|门卡||打开前往下一层的入口,default,
466,|},default,
467,===古代遗物===,default,
468,"{|class=wikitable style=""width:100%""",default,
469,"!style=""width:10%""|名称!!效果!!挑战目标!!挑战奖励",default,
470,|-,default,
471,"|style=""text-align:center""|{{图标|中|古代遗物•红|link=无}}<br>均衡电弧||对敌方全体造成等同于各自最大生命值50%的固定数值的伤害。||使用「古代遗物」{{颜色|描述2|消灭}}1名敌人||目标达成后，获得{{颜色|描述2|3}}个{{颜色|描述2|「古代炸弹」}}。",default,
472,|-,default,
473,"|style=""text-align:center""|{{图标|中|古代遗物•蓝|link=无}}<br>超频涡轮||使指定我方单体立即行动并获得{{颜色|描述2|【超频】}}，持续{{颜色|描述2|5}}回合。{{颜色|描述2|【超频】}}状态下的目标造成的伤害提高{{颜色|描述2|150%}}，速度提高{{颜色|描述2|100%}}。||使用「古代遗物」强化我方目标，强化状态下{{颜色|描述2|消灭}}1名敌人||目标达成后，恢复{{颜色|描述2|12}}点耐力值。",default,
474,|-,default,
475,"|style=""text-align:center""|{{图标|中|古代遗物•蓝|link=无}}<br>地髓熔炉||使我方全体能量恢复至各自的能量上限并获得{{颜色|描述2|【炽热】}}，持续{{颜色|描述2|3}}回合。{{颜色|描述2|【炽热】}}状态下的目标终结技造成的伤害提高{{颜色|描述2|100%}}、弱点击破效率提高{{颜色|描述2|150%}}。||使用「古代遗物」强化我方目标，强化状态下击破1名敌人{{颜色|描述2|弱点}}||目标达成后，自动解锁{{颜色|描述2|所有}}未探索的区域。",default,
476,|-,default,
477,"|style=""text-align:center""|{{图标|中|古代遗物•蓝|link=无}}<br>储能砖石||使我方全体获得{{颜色|描述2|【储能】}}，持续{{颜色|描述2|2}}回合。{{颜色|描述2|【储能】}}状态下的目标施放战技造成的伤害提高{{颜色|描述|150%}}，并使施放战技后的下一次行动提前100%。||使用「古代遗物」强化我方目标，强化状态下{{颜色|描述2|消灭}}1名敌人||目标达成后，获得{{颜色|描述2|3}}个{{颜色|描述|「古代兵器」}}。",default,
478,|-,default,
479,"|style=""text-align:center""|{{图标|中|古代遗物•紫|link=无}}<br>衰耗镭射||为指定敌方单体添加我方全体持有的所有属性弱点，并使其陷入{{颜色|描述2|【衰耗】}}。{{颜色|描述2|【衰耗】}}状态下的目标受到的击破伤害提高{{颜色|描述|500%}}，韧性受到的伤害提高{{颜色|描述2|100%}}。||使用「古代遗物」为敌方目标添加弱点，并击破其{{颜色|描述2|弱点}}||目标达成后，获得{{颜色|描述2|3}}个{{颜色|描述2|「古代防具」}}。",default,
480,|},default,
481,===敌人能力===,default,
482,"{|class=wikitable style=""width:100%""",default,
483,|-,default,
484,!colspan=2|'''敌人能力''',default,
485,|-,default,
486,!敌人!!能力,default,
487,|-,default,
488,|{{图标|小|普通•封锁能力|link=无}}普通•封锁能力||敌人出现时，会封锁周围的区域。,default,
489,|-,default,
490,|{{图标|小|精英•封锁能力|link=无}}精英•封锁能力||敌人出现时，会封锁周围的区域。,default,
491,|-,default,
492,|{{图标|小|首领•封锁能力|link=无}}首领•封锁能力||敌人出现时，会封锁周围的区域。,default,
493,,default,
494,|-,default,
495,|{{图标|小|普通•突袭能力|link=无}}普通•突袭能力||寻宝者每行动3次，敌人会发起一次进攻，扣除寻宝者5点耐力值。,default,
496,|-,default,
497,|{{图标|小|精英•突袭能力|link=无}}精英•突袭能力||寻宝者每行动9次，敌人会发起一次进攻，扣除寻宝者12点耐力值。,default,
498,|-,default,
499,|{{图标|小|首领•突袭能力|link=无}}首领•突袭能力||寻宝者每行动9次，敌人会发起一次进攻，扣除寻宝者12点耐力值。,default,
500,|-,default,
501,|{{图标|小|普通•召唤能力|link=无}}普通•召唤能力||寻宝者每行动4次，敌人会在空白的格子上召唤一个普通敌人。,default,
502,|-,default,
503,|{{图标|小|精英•成长能力|link=无}}精英•成长能力||寻宝者每行动3次，敌人会进行自我强化，至多强化10次。敌人出现时，会封锁周围的区域。,default,
504,|-,default,
505,|{{图标|小|首领•成长能力|link=无}}首领•成长能力||寻宝者每行动3次，敌人会进行自我强化，至多强化10次。敌人出现时，会封锁周围的区域。,default,
506,|-,default,
507,|{{图标|小|精英•镇守能力|link=无}}精英•镇守能力||敌人会根据周围尚未探索的区域数目进行自我强化，至多强化8次。击败敌人后，将掉落一张{{颜色|描述|「门卡」}}。,default,
508,|-,default,
509,|{{图标|小|首领•镇守能力|link=无}}首领•镇守能力||敌人会根据周围尚未探索的区域数目进行自我强化，至多强化8次。,default,
510,|-,default,
511,|{{图标|小|普通•支援能力|link=无}}普通•支援能力||敌人出现时，为周围显形的敌人施加强化效果。,default,
512,|-,default,
513,|{{图标|小|精英•支援能力|link=无}}精英•支援能力||敌人出现时，为周围显形的敌人施加强化效果。,default,
514,|-,default,
515,|{{图标|小|首领•支援能力|link=无}}首领•支援能力||敌人出现时，为周围显形的敌人施加强化效果。,default,
516,|-,default,
517,|{{图标|小|精英•藏宝能力|link=无}}精英•藏宝能力•炸弹||寻宝者总计行动9次后，扑满（毁灭扑满）将会逃跑。在战斗中击败扑满后，将掉落{{颜色|描述|「古代炸弹」}}。,default,
518,|-,default,
519,|{{图标|小|精英•藏宝能力|link=无}}精英•藏宝能力•物资||寻宝者总计行动9次后，扑满（丰饶扑满）将会逃跑。在战斗中击败扑满后，将随机掉落{{颜色|描述|「补给物资」}}或{{颜色|描述|「治疗物资」}}。,default,
520,|-,default,
521,|{{图标|小|精英•藏宝能力|link=无}}精英•藏宝能力•装备||寻宝者总计行动9次后，扑满（存护扑满）将会逃跑。在战斗中击败扑满后，将随机掉落一种{{颜色|描述|「古代装备」}}。,default,
522,|-,default,
523,|{{图标|小|精英•藏宝能力|link=无}}精英•藏宝能力•古代遗物||寻宝者总计行动9次后，扑满（序列扑满）将会逃跑。在战斗中击败扑满后，将随机掉落一种{{颜色|描述|「古代遗物」}}。,default,
524,|-,default,
525,|{{图标|小|精英•藏宝能力•门卡|link=无}}精英•藏宝能力•门卡||寻宝者总计行动5次后，扑满（次元扑满）将会逃跑。在战斗中击败扑满后，将掉落一张{{颜色|描述|「门卡」}}。,default,
526,|},default,
527,,default,
528,==活动奖励==,default,
529,===限时奖励===,default,
530,{{切换板|开始}},default,
531,{{切换板|默认显示|第一遗迹}},default,
532,{{切换板|默认折叠|第二遗迹}},default,
533,{{切换板|默认折叠|第三遗迹}},default,
534,{{切换板|默认折叠|第四遗迹}},default,
535,{{切换板|默认折叠|第五遗迹}},default,
536,{{切换板|显示内容}},default,
537,{|class=wikitable,default,
538,|+探宝奖励,default,
539,|-,default,
540,!条件!!奖励,default,
541,|-,default,
542,|完成第一遗迹浅层探索的第4层||{{图标|材料|星琼|80}}{{图标|材料|沉沦黑曜|2}}{{图标|材料|虚空黑曜|6}},default,
543,|-,default,
544,|完成第一遗迹浅层探索的第8层||{{图标|材料|星琼|80}}{{图标|材料|沉沦黑曜|2}}{{图标|材料|虚空黑曜|6}},default,
545,|-,default,
546,|完成第一遗迹深层探索的第2层||{{图标|材料|星琼|40}}{{图标|材料|漫游指南|8}}{{图标|材料|虚空黑曜|3}},default,
547,|-,default,
548,|完成第一遗迹浅层探索的第4层||{{图标|材料|遗器残骸|30}}{{图标|材料|漫游指南|4}}{{图标|材料|信用点|6000}},default,
549,|-,default,
550,|完成第一遗迹浅层探索的第6层||{{图标|材料|遗器残骸|10}}{{图标|材料|信用点|6000}},default,
551,|},default,
552,{{切换板|内容结束}},default,
553,{{切换板|折叠内容}},default,
554,{|class=wikitable,default,
555,|+探宝奖励,default,
556,|-,default,
557,!条件!!奖励,default,
558,|-,default,
559,|完成第二遗迹浅层探索的第4层||{{图标|材料|星琼|80}}{{图标|材料|沉沦黑曜|2}}{{图标|材料|虚空黑曜|6}},default,
560,|-,default,
561,|完成第二遗迹浅层探索的第8层||{{图标|材料|星琼|80}}{{图标|材料|沉沦黑曜|2}}{{图标|材料|虚空黑曜|6}},default,
562,|-,default,
563,|完成第二遗迹深层探索的第2层||{{图标|材料|星琼|40}}{{图标|材料|漫游指南|8}}{{图标|材料|虚空黑曜|3}},default,
564,|-,default,
565,|完成第二遗迹浅层探索的第4层||{{图标|材料|遗器残骸|30}}{{图标|材料|漫游指南|4}}{{图标|材料|信用点|6000}},default,
566,|-,default,
567,|完成第二遗迹浅层探索的第6层||{{图标|材料|遗器残骸|10}}{{图标|材料|信用点|6000}},default,
568,|},default,
569,{{切换板|内容结束}},default,
570,{{切换板|折叠内容}},default,
571,{|class=wikitable,default,
572,|+探宝奖励,default,
573,|-,default,
574,!条件!!奖励,default,
575,|-,default,
576,|完成第三遗迹浅层探索的第4层||{{图标|材料|星琼|80}}{{图标|材料|沉沦黑曜|2}}{{图标|材料|虚空黑曜|6}},default,
577,|-,default,
578,|完成第三遗迹浅层探索的第8层||{{图标|材料|星琼|80}}{{图标|材料|沉沦黑曜|2}}{{图标|材料|虚空黑曜|6}},default,
579,|-,default,
580,|完成第三遗迹深层探索的第2层||{{图标|材料|星琼|40}}{{图标|材料|漫游指南|8}}{{图标|材料|虚空黑曜|3}},default,
581,|-,default,
582,|完成第三遗迹浅层探索的第4层||{{图标|材料|遗器残骸|30}}{{图标|材料|漫游指南|4}}{{图标|材料|信用点|6000}},default,
583,|-,default,
584,|完成第三遗迹浅层探索的第6层||{{图标|材料|遗器残骸|10}}{{图标|材料|信用点|6000}},default,
585,|},default,
586,{{切换板|内容结束}},default,
587,{{切换板|折叠内容}},default,
588,{|class=wikitable,default,
589,|+探宝奖励,default,
590,|-,default,
591,!条件!!奖励,default,
592,|-,default,
593,|完成第四遗迹浅层探索的第4层||{{图标|材料|星琼|80}}{{图标|材料|沉沦黑曜|2}}{{图标|材料|虚空黑曜|6}},default,
594,|-,default,
595,|完成第四遗迹浅层探索的第8层||{{图标|材料|星琼|80}}{{图标|材料|沉沦黑曜|2}}{{图标|材料|虚空黑曜|6}},default,
596,|-,default,
597,|完成第四遗迹深层探索的第2层||{{图标|材料|星琼|40}}{{图标|材料|漫游指南|8}}{{图标|材料|虚空黑曜|3}},default,
598,|-,default,
599,|完成第四遗迹浅层探索的第4层||{{图标|材料|遗器残骸|30}}{{图标|材料|漫游指南|4}}{{图标|材料|信用点|6000}},default,
600,|-,default,
601,|完成第四遗迹浅层探索的第6层||{{图标|材料|遗器残骸|10}}{{图标|材料|信用点|6000}},default,
602,|},default,
603,{{切换板|内容结束}},default,
604,{{切换板|折叠内容}},default,
605,{|class=wikitable,default,
606,|+探宝奖励,default,
607,|-,default,
608,!条件!!奖励,default,
609,|-,default,
610,|完成第五遗迹浅层探索的第4层,default,
611,|{{图标|材料|命运的足迹|1}}{{图标|材料|星琼|80}}{{图标|材料|兔子在哪里？|1}},default,
612,|-,default,
613,|完成第五遗迹浅层探索的第8层,default,
614,|{{图标|材料|星琼|80}}{{图标|材料|沉沦黑曜|2}}{{图标|材料|虚空黑曜|6}},default,
615,|-,default,
616,|完成第五遗迹深层探索的第2层,default,
617,|{{图标|材料|星琼|40}}{{图标|材料|漫游指南|8}}{{图标|材料|虚空黑曜|3}},default,
618,|-,default,
619,|完成第五遗迹浅层探索的第4层,default,
620,|{{图标|材料|遗器残骸|30}}{{图标|材料|漫游指南|4}}{{图标|材料|信用点|6000}},default,
621,|-,default,
622,|完成第五遗迹浅层探索的第10层,default,
623,|{{图标|材料|遗器残骸|10}}{{图标|材料|信用点|6000}},default,
624,|},default,
625,{{切换板|内容结束}},default,
626,{{切换板|结束}},default,
627,{|class=wikitable width=100% style=text-align:center,default,
628,!完成所有遗迹深层探索的第2层,default,
629,|{{图标|材料|自塑尘脂|1}},default,
630,|-,default,
631,!任务「地城游记」奖励,default,
632,|{{图标|材料|信用点|50000}},default,
633,|},default,
634,===奖励总计===,default,
635,"{|class=wikitable style=""text-align:center""",default,
636,!限时奖励,default,
637,|{{图标|材料|自塑尘脂|1}}{{图标|材料|命运的足迹|1}}{{图标|材料|星琼|1000}}{{图标|材料|遗器残骸|200}}{{图标|材料|兔子在哪里？|1}}{{图标|材料|漫游指南|60}}{{图标|材料|沉沦黑曜|18}}{{图标|材料|虚空黑曜|69}}{{图标|材料|信用点|650000}},default,
638,|},default,
639,==无名勋礼奖励==,default,
640,"{| class=""wikitable"" style=""text-align:center;width:100%""",default,
641,|{{图标|材料|无名客的经验|1400}},default,
642,| 在「地城探宝」中通关第五遗迹的浅层探索,default,
643,|-,default,
644,|{{图标|材料|无名客的经验|1400}},default,
645,| 在「地城探宝」中完成所有遗迹深层探索的第2层,default,
646,|},default,
