﻿line_number,content,category,character
1,{{提示|蓝色|宽度=100%|如果选择选项下面对话没变不是BUG了，而是游戏本身对话就是一样的。}},option,开拓者
2,{{任务,default,
3,|任务名称=那些逐梦的年轻人,default,
4,|任务地区=匹诺康尼,default,
5,|任务类型=开拓任务,default,
6,|所属版本=2.0,default,
7,|任务描述=姬子和瓦尔特已经先行一步，前去为列车组众人办理入住手续。和三月七一起前往「白日梦」酒店前台，同他们会合吧。,default,
8,|奖励={{图标|里程|800}}{{图标|星琼|100}}{{图标|漫游指南|8}}{{图标|提纯以太|6}}{{图标|遗失晶块|6}}{{图标|《现实原则》|1}}{{图标|信用点|80000}},default,
9,|任务条件=完成任务[[长日入夜行]],default,
10,|开放等级=34,default,
11,|相关成就=通往群星的轨道#梦之国的开拓者,default,
12,|相关道具=梦境护照、砂金的信物,default,
13,|相关书籍=,default,
14,|出场人物=三月七、米沙、姬子、瓦尔特、艾丽、砂金、星期日、知更鸟、黄泉、真理医生,default,
15,|系列任务=喧哗与骚动,default,
16,|任务编号=03,default,
17,|前置任务=*[[长日入夜行]],default,
18,|后续任务=*[[无眠之夜]],default,
19,|任务流程=*抵达「白日梦」酒店,default,
20,*（可选）向门童了解酒店详情,default,
21,*前往酒店前台，与列车组会合,default,
22,*（可选）找砂金聊聊,default,
23,*与知更鸟交谈,default,
24,*前往酒店前台，重新办理入住,default,
25,*乘坐电梯,default,
26,*前往公共休息区,default,
27,*（可选）与列车组交谈,default,
28,*回到自己的房间，准备入梦,default,
29,*在入梦池中入梦,default,
30,*调查陌生的房间,default,
31,*调查声音的来源,default,
32,*与酒店门童交谈,default,
33,*前往「匹诺康尼•黄金的时刻」,default,
34,}},default,
35,==剧情内容==,default,
36,=== 抵达「白日梦」酒店 ===,default,
37,{{任务描述|姬子和瓦尔特已经先行一步，前去为列车组众人办理入住手续。和三月七一起前往「白日梦」酒店前台，同他们会合吧。|匹诺康尼-「白日梦」酒店-现实}},default,
38,*三月七：唔…可算到了！家族的入境手续也太复杂了吧，一路下来大大小小十几道检查，行李箱都翻了四、五遍……,content,三月七
39,*三月七：我都在担心，他们会不会非要把你体内的星核拿出来看看。,content,三月七
40,{{剧情选项,default,
41,|选项1=幸好没有。,option,开拓者
42,|选项2=星核很稳定。,option,开拓者
43,}},default,
44,*三月七：某种意义上说，家族真的是非常包容了……,content,三月七
45,*三月七：但辛苦不是白费的——这酒店大堂也太壮观了吧！那密密麻麻的都是客房吗？得有多少人住在这儿啊。,content,三月七
46,*三月七：不知道咱们是哪一间，走吧走吧，杨叔他们肯定在前台排队了，我们快去汇合！,content,三月七
47,:{{颜色|灰|三月七先你一步去往前台，梦中那名蓝发的小门童又出现在你面前…}},default,
48,*？？？：欢迎光临白日梦酒店，愿您有一段难忘的度假体验！如需办理入住，请直走到酒店前台。,content,
49,{{剧情选项,default,
50,|选项1=是梦里的孩子…,option,开拓者
51,|选项2=你是酒店的服务生？,option,开拓者
52,}},default,
53,*米沙：我是米沙，匹诺康尼的服务生，很高兴为您服务。如需搬运行李……,content,米沙
54,*三月七：开拓者，快过来，好像不大对劲……,content,三月七
55,*米沙：…如需搬运行李到客房，您随时可以找我。去吧，别让您的朋友久等。,content,米沙
56,,default,
57,=== （可选）向门童了解酒店详情 ===,default,
58,{{任务描述|经历了漫无止境的入境申报和大大小小十几道检查（尽管这些事听起来像是发生在一瞬间，但你确实经历过了），你和三月七终于抵达了金碧辉煌的「白日梦」酒店大堂。<br>三月七难掩激动的心情，飞快奔向前台——你最好赶紧跟上她。|匹诺康尼-「白日梦」酒店-现实}},default,
59,*米沙：欢迎光临白日梦酒店——愿您有一段难忘的度假体验！如有搬运行李到客房的需求，随时可以找我。,content,米沙
60,{{剧情选项,default,
61,|选项1=听说这座酒店非同一般。,option,开拓者
62,|图标1=对话,default,
63,|剧情1=*米沙：是的！白日梦酒店不仅为大家提供客房，还连接着匹诺康尼的现实与梦境。来自银河各地的客人在这里沉入梦境，开启美梦之旅。,branch_content,米沙
64,{{剧情选项,default,
65,|选项1=梦不是虚假的吗？,option,开拓者
66,|图标1=对话,default,
67,|剧情1=*米沙：好深奥的问题！也许不是所有的梦都是虚假的…至少匹诺康尼的梦不是。应该这样说，它…是另一种现实。,branch_content,米沙
68,|选项2=做梦不会很累吗？,option,开拓者
69,|图标2=对话,default,
70,|剧情2=*米沙：酒店的「入梦池」会提供舒适的梦境体验，您不用担心！,branch_content,米沙
71,|选项3=在这里工作的体验怎么样？,option,开拓者
72,|图标3=对话,default,
73,|剧情3=*米沙：啊…您是在问我吗？嗯…还不错，这里人来人往，能听见许多客人讲起他们的冒险见闻。,branch_content,米沙
74,|选项4=原来如此，我知道了。,option,开拓者
75,|图标4=返回,default,
76,|剧情4=*米沙：等入梦后，您就能体会到我说的了，匹诺康尼一定不会让您失望！,branch_content,米沙
77,}},default,
78,|选项2=所以匹诺康尼究竟是…,option,开拓者
79,|图标2=对话,default,
80,|剧情2=*米沙：嗯！现实中的匹诺康尼就是这座酒店。而梦中的匹诺康尼…是奇迹诞生的地方，奢华的享乐之地，盛大的筵席永不落幕！,branch_content,米沙
81,*米沙：唔，很难用词语形容它的美妙。总之，您一定会为之惊叹的！,content,米沙
82,|选项3=听说家族举办了一场盛会。,option,开拓者
83,|图标3=对话,default,
84,|剧情3=*米沙：您的消息真灵通！那是家族提供的一个机会，也是盛会之星的传统。,branch_content,米沙
85,*米沙：大家齐聚一堂，享受着欢乐，追逐着机遇，孤注一掷赌上自己的一切，最后将梦想化作现实！,content,米沙
86,}},default,
87,{{剧情选项|选项1=没什么想问的了。|图标1=退出}},default,
88,*米沙：祝您在匹诺康尼度过一个愉快的假期！,content,米沙
89,,default,
90,=== 前往酒店前台，与列车组会合 ===,default,
91,*三月七：你看，前台怎么聚了这么多人？不会刚下车又遇到麻烦了吧……,content,三月七
92,----,default,
93,:{{颜色|灰|你和三月七来到了前台…}},default,
94,*艾丽：不好意思，可系统里确实没有您说的这个名字……,content,艾丽
95,*姬子：但星穹列车收到的信息里，写明了已为我们预订了房间，麻烦您再检查一遍吧。,content,姬子
96,*艾丽：我再为您查询一下，请稍等……,content,艾丽
97,*艾丽：星穹列车，铂金客房共四间…分别是瓦尔特•杨先生、姬子女士、三月七女士，以及……,content,艾丽
98,*艾丽：…丹恒先生。确实只有以上四位的预订信息。,content,艾丽
99,{{剧情选项,default,
100,|选项1=遇到麻烦了吗？,option,开拓者
101,|剧情1=*瓦尔特：是啊，酒店的预订信息里似乎没有你的名字……,branch_content,瓦尔特
102,|选项2=这是怎么了？,option,开拓者
103,|剧情2=*瓦尔特：遇到了点麻烦。酒店的预订信息里似乎没有你的名字……,branch_content,瓦尔特
104,|选项3=是的，我是丹恒先生。,option,开拓者
105,|剧情3=*瓦尔特：丹恒……,branch_content,瓦尔特
106,}},default,
107,*瓦尔特：…我明白了，难怪这里没有开拓者的名字。我们答复家族的时候，他/她还没有登上列车。,content,瓦尔特
108,*瓦尔特：您看这样可以吗？与我们同行的丹恒行程临时有变，没办法入住，能麻烦您把为他预留的房间转让给这孩子吗？人数也对得上。,content,瓦尔特
109,*姬子：这孩子是我们星穹列车的新乘客，我们可以为他/她的身份作担保。,content,姬子
110,*艾丽：这，您突然这么说，恐怕……,content,艾丽
111,{{剧情选项,default,
112,|选项1=（出示漫游签证…）,option,开拓者
113,|选项2=（出示筑城者的骑枪…）,option,开拓者
114,<!--|选项3=（出示结盟玉兆…）-->,option,开拓者
115,}},default,
116,*艾丽：不，我不是怀疑您的身份，只是……,content,艾丽
117,:{{颜色|灰|一名打扮华丽的金发男子缓缓走来…}},default,
118,*？？？：只是眼下正值「谐乐大典」前夕，匹诺康尼每一纪最重要的时刻。又遇上家族发出邀请，全银河的客人把这儿挤得水泄不通……,content,
119,*？？？：酒店安保是雪上加霜，容不得半点闪失。突然发生这种事，真不是这位小姐能说了算的——星穹列车的各位，就别难为人家啦。,content,
120,*瓦尔特：我们在办理入住时遇到了些问题，给您带来的不便，深感抱歉。请问这位先生是？,content,瓦尔特
121,*砂金：不才「砂金」，隶属公司战略投资部，主管「钻石」手下的不良资产清算专家，此次受{{颜色|描述1|「钟表匠」}}邀请前来……,content,砂金
122,*砂金：同时，也是一位在你们身后等了好久的游客。,content,砂金
123,*姬子：…我来吧。,content,姬子
124,*姬子：听闻星际和平公司也收到了匹诺康尼的邀请，想必您就是代表了，公司精英果真气质不凡——如此了不得的大人物，可否给我们行个方便呢？,content,姬子
125,*砂金：我没听错吧——行个方便？这话不该由我对各位说吗？,content,砂金
126,*砂金：我已经在这里等了十多分钟了，您知道对我而言，十多分钟等于多少信用点吗？,content,砂金
127,*姬子：想必是笔天文数字吧，所以现在，砂金先生，我这儿有一笔您不容错过的「投资」。,content,姬子
128,*姬子：公司影响力遍及寰宇，说话的分量自然也重，我们希望能借您的身份——为他/她做个担保。,content,姬子
129,*姬子：如此一来，您不仅能省下许多宝贵的时间，还能结交一批新朋友。,content,姬子
130,*砂金：这倒有意思。那这些朋友能为我带来什么？,content,砂金
131,*姬子：这就是个更值得一聊的话题了。同为{{颜色|描述1|「钟表匠」}}的客人，我们何不先在匹诺康尼落座，再慢慢花时间了解彼此呢？,content,姬子
132,*砂金：可以，可以。不过领航员小姐，我必须得指出——,content,砂金
133,*砂金：如果我出手，那这省下的时间应当是我为自己争取来的——而不是你们带给我的。,content,砂金
134,*姬子：……,content,姬子
135,*砂金：…但您说的后半句，我特别喜欢！朋友，对，没什么比朋友更珍贵，更何况是无名客这样光明磊落的开拓者。,content,砂金
136,*砂金：往后我这趟匹诺康尼之旅，就得劳烦各位「开拓」朋友多多照顾了。希望我们——相处愉快。,content,砂金
137,*姬子：很高兴您能这么说，那担保的事……,content,姬子
138,*砂金：小姐，你都看到了。看在我的面子上，让这位先生/女士入住吧。,content,砂金
139,*砂金：我和家族的「星期日」先生有约，稍后会拜托他出面应付这事。放心，绝不给你添麻烦。,content,砂金
140,*艾丽：这，可是……,content,艾丽
141,*？？？：艾丽，稍安勿躁。,content,
142,*？？？：家族可不能让客人们带着负担入梦啊。,content,
143,*砂金：说到就到，瞧瞧这是谁来了——星期日，匹诺康尼最英俊的男人！还有闻名宇宙的歌者「知更鸟」。,content,砂金
144,*知更鸟：他说你是匹诺康尼最英俊的人，真有意思。,content,知更鸟
145,:{{颜色|灰|姬子察觉到知更鸟声音的异常，向瓦尔特使了个眼色…}},default,
146,*星期日：让您久等了，砂金先生。这边请，我们借一步说话。,content,星期日
147,,default,
148,=== （可选）找砂金聊聊 ===,default,
149,{{任务描述|尽管办理入住期间发生了些不愉快的小插曲，但匹诺康尼最英俊的男人「星期日」和闻名宇宙的歌者「知更鸟」及时赶来解围，令你们免于进一步冲突。<br>知更鸟似乎有话对你们说，听听她想说什么吧。|匹诺康尼-「白日梦」酒店-现实}},default,
150,*砂金：嗨，朋友，还好吧？刚才开了个玩笑，希望你不要介意。,content,砂金
151,{{剧情选项,default,
152,|选项1=好冷的玩笑。,option,开拓者
153,|剧情1=*砂金：我为我的失礼道歉，拿去吧，10000信用点——一点见面礼，算是我的补偿。,branch_content,砂金
154,{{剧情选项,default,
155,|选项1=这还差不多。,option,开拓者
156,|剧情1=*砂金：不打不相识，朋友！现在我们就算真正认识了。,branch_content,砂金
157,*砂金：我还有事，先走一步。相信我们很快会再见的。,content,砂金
158,:{{颜色|描述|获得{{图标|信用点|10000}}}},default,
159,|选项2=你一点都不了解朋友是什么。,option,开拓者
160,|剧情2=*砂金：有骨气，我喜欢！你这个朋友我交定了——拿着，20000信用点！,branch_content,砂金
161,*砂金：我还有事，先走一步。相信我们很快会再见的。,content,砂金
162,:{{颜色|描述|获得{{图标|信用点|20000}}}},default,
163,}},default,
164,|选项2=没事，我不介意。,option,开拓者
165,|剧情2=*砂金：我为我的失礼道歉，拿去吧，10000信用点——一点见面礼，算是我的补偿。,branch_content,砂金
166,{{剧情选项,default,
167,|选项1=那我就不客气了。,option,开拓者
168,|剧情1=*砂金：这就对了！朋友之间不用那么见外。有什么需要的尽管开口，我都包了。,branch_content,砂金
169,*砂金：我还有事，先走一步。相信我们很快会再见的。,content,砂金
170,:{{颜色|描述|获得{{图标|信用点|10000}}}},default,
171,|选项2=谢谢，礼物就免了。,option,开拓者
172,|剧情2=*砂金：够正直，我喜欢！你这个朋友我交定了——拿着，20000信用点！,branch_content,砂金
173,*砂金：我还有事，先走一步。相信我们很快会再见的。,content,砂金
174,:{{颜色|描述|获得{{图标|信用点|20000}}}},default,
175,}},default,
176,}},default,
177,,default,
178,=== 与知更鸟交谈 ===,default,
179,*知更鸟：星穹列车的各位，请来这边稍事休息。,content,知更鸟
180,*三月七：诶，你是……,content,三月七
181,----,default,
182,*三月七：那个，请问，你…不是，您难道是……,content,三月七
183,*三月七：那位歌手，艾普瑟隆的超级巨星…《使一颗心免于哀伤》是您的作品，对吧？,content,三月七
184,*知更鸟：没想到这么可爱的小姐也是我的歌迷呢。,content,知更鸟
185,*三月七：啊，果然是那位「知更鸟」！居然能在这里见到本尊……,content,三月七
186,*知更鸟：能与各位相遇也是我的荣幸。,content,知更鸟
187,*瓦尔特：您和那位先生一样，都是匹诺康尼的家族成员？,content,瓦尔特
188,*知更鸟：实不相瞒，我和各位一样都是客人。匹诺康尼是我的故乡，但长大后我就离开了这里，此次有幸受邀，回来为「谐乐大典」献唱一曲。,content,知更鸟
189,*知更鸟：您口中的星期日是我的兄长，匹诺康尼当地的话事人之一，也是此次「谐乐大典」的主办人。他听闻列位遇到麻烦，便携我前来提供帮助。,content,知更鸟
190,*知更鸟：可惜还是到得晚了些，给各位带来了不好的入住体验，实在抱歉。,content,知更鸟
191,*星期日：请放心，我已吩咐艾丽小姐尽快解决「系统故障」——再给各位升级房型作为补偿。酒店稍后就会安排合适的房间。,content,星期日
192,*星期日：砂金先生与「橡木家系」有约，先行入住了。我代他向星穹列车的各位致歉，并期待将来与各位一同共事。,content,星期日
193,*瓦尔特：感谢您愿意从中斡旋。不过单独为我们升级房型是否不妥？据我所知，一同收到邀请的派系来宾应该不在少数吧。,content,瓦尔特
194,*星期日：您放心，家族会负责出面沟通。各位惠临匹诺康尼，我们作为{{颜色|描述1|实际管理人}}理应为各位排忧解难。,content,星期日
195,*星期日：抱歉占用了各位宝贵的时间，我们就不打扰了。如在匹诺康尼有任何需要，家族随时为您效劳。,content,星期日
196,*知更鸟：愿各位在梦中度过一段美妙的时光。,content,知更鸟
197,----,default,
198,*三月七：哎，还真是一波三折。既然那位星期…星期日先生打了包票，我们总算可以正常入住了吧？,content,三月七
199,{{剧情选项,default,
200,|选项1=我已经有点累了。,option,开拓者
201,|剧情1=*三月七：我也是，现在只想赶紧进到房间，在床上狠狠打滚……,branch_content,三月七
202,*姬子：等我们办完手续就可以了。,content,姬子
203,|选项2=希望别再遇到麻烦了。,option,开拓者
204,|剧情2=*三月七：有句话怎么说的来着？「祸不单行」……,branch_content,三月七
205,*姬子：也有种说法叫「否极泰来」。,content,姬子
206,|选项3=家族的名字都这么奇怪吗？,option,开拓者
207,|剧情3=*三月七：那应该只是个花名…吧？,branch_content,三月七
208,*姬子：我也这么想，这应该是匹诺康尼或家族的某种规矩吧。,content,姬子
209,}},default,
210,*姬子：好了，现在大堂也没人排队，我们去找艾丽小姐吧……,content,姬子
211,,default,
212,=== 前往酒店前台，重新办理入住 ===,default,
213,{{任务描述|星期日与知更鸟以「家族」的名义为列车组打了包票——说真的，这则小插曲真的有必要惊动他们吗？<br>但无论如何，他们良好的态度至少说明了这座酒店的服务确实一流，列车组想好好享受假期应该不成问题。<br>风波已定，该重新向艾丽小姐办理入住了——希望这次一切顺利。|匹诺康尼-「白日梦」酒店-现实}},default,
214,*艾丽：星穹列车的各位贵客，入住手续已经办理完成了。先前带来的诸多不便，万分抱歉。,content,艾丽
215,*艾丽：这是各位的「梦境护照」——它是酒店客房的房卡，也集成了您在「白日梦酒店」需要的全部功能和信息，并提供智能协助。,content,艾丽
216,<center>{{图片放大|开拓任务-那些逐梦的年轻人-梦境护照.png|200px|500px}}</center>,default,
217,*艾丽：同时，它还是一份特别的匹诺康尼纪念品，独一无二，只属于您！,content,艾丽
218,*艾丽：您可以活用梦境护照提供的「打卡」功能，记录您在美梦中的点点滴滴，收获各种快乐，并制作出专属于您的「梦境手账」——,content,艾丽
219,*艾丽：具体的使用方法，梦境护照也会为您提供完整指引。,content,艾丽
220,*艾丽：愿各位在匹诺康尼尽情享受美梦，乘坐那边的电梯就可以抵达客房了。,content,艾丽
221,*三月七：好耶——我们现在就出发吧！,content,三月七
222,:{{颜色|描述|获得物品{{图标|梦境护照}}}},default,
223,,default,
224,=== 乘坐电梯 ===,default,
225,{{任务描述|你们从艾丽小姐那里取得了梦境护照，这也意味着漫长的入住流程终于迎来了尾声。<br>现在，距离入梦只差一步之遥。乘坐电梯，前往客房区吧。|匹诺康尼-「白日梦」酒店-现实}},default,
226,*三月七：梦中的世界…听说匹诺康尼把梦境改造成了金碧辉煌的大都会……,content,三月七
227,*三月七：到底会是什么样子？好期待啊~,content,三月七
228,:{{颜色|描述|乘电梯前往贵宾层}},default,
229,,default,
230,=== 前往公共休息区 ===,default,
231,{{任务描述|你们从艾丽小姐那里取得了梦境护照，这也意味着漫长的入住流程终于迎来了尾声。<br>现在，距离入梦只差一步之遥。穿过走廊，前往公共休息区吧。|匹诺康尼-「白日梦」酒店-现实}},default,
232,*姬子：沿着这条路走就能到客房区了。,content,姬子
233,*瓦尔特：好长一段路啊…这座酒店是否大得有点夸张了？,content,瓦尔特
234,----,default,
235,*姬子：总算到了。大家先回房间放行李吧。,content,姬子
236,:{{颜色|灰|你和三月七前往了房间…}},default,
237,*姬子：瓦尔特，我们先喝一杯？匹诺康尼的「苏乐达」很有名哦。,content,姬子
238,*瓦尔特：…说吧，我们或许在想同一件事。,content,瓦尔特
239,*姬子：你还记得列车收到的「邀请函」吗？,content,姬子
240,*瓦尔特：「诚邀*家族的贵客*莅临匹诺康尼，与其他来宾一道，参加盛大的欢宴。」——正是因为这份邀请，我们才会出现在这里。,content,瓦尔特
241,*姬子：记得不错——但这邀请函还有下文。,content,姬子
242,*姬子：「…将梦中的不可能之事尽收眼底，寻得匹诺康尼之父『钟表匠』的遗产，而后解答：生命因何而沉睡。」,content,姬子
243,*瓦尔特：我不记得邀请函中有这么一段…你是说，其中还有密文？,content,瓦尔特
244,*姬子：这就是耐人寻味的地方。家族送来的「邀请函」是一只八音盒，转动发条便会伴着谐乐发出声音。,content,姬子
245,*姬子：可送抵我们手中的这只却有些奇怪…它播放的乐音背景中掺杂了一些不和谐音。,content,姬子
246,*姬子：我转录下这些杂音，它们与列车跃迁时的引力波频率完全吻合，而以列车引擎的空间曲率为密钥——我得到了上面这段话。,content,姬子
247,*瓦尔特：…是无名客常用的求救手段。,content,瓦尔特
248,*姬子：还不能下定论，也可能是假面愚者搞的鬼。只看手法，「谜语人」或异问魔也做得到。,content,姬子
249,*瓦尔特：什么时候发现的？,content,瓦尔特
250,*姬子：在你们处理罗浮星核的时候，我第一时间告诉了帕姆。,content,姬子
251,*瓦尔特：难怪你刚才要求出面，那位公司使节也说出了「钟表匠」这个名字。恐怕他收到的邀请函中也有类似的密文——并且同样被破译了。,content,瓦尔特
252,*瓦尔特：…还有件令我在意的事。当说到邀请函时，那位家族话事人是这么回应的：「作为匹诺康尼的实际管理人，家族理应为各位排忧解难」。,content,瓦尔特
253,*瓦尔特：现在听来，这话多少有些言外之意。而他身边的知更鸟小姐…我虽不懂歌唱，但也能听出她声音中的古怪——即将登台献唱的歌者，嗓音怎会透出一丝古怪？,content,瓦尔特
254,*姬子：你怀疑家族并非邀请函的发出者，并且——对我们有所隐瞒？,content,姬子
255,*瓦尔特：不无可能。家族向其他派系发出邀约，本就是件不同寻常的事。你的发现也印证了或许有第三者参与其中…我收回前言，这场「盛会」不简单哪。,content,瓦尔特
256,*瓦尔特：为什么不告诉孩子们？,content,瓦尔特
257,:{{颜色|灰|你和三月七回到了吧台处}},default,
258,*姬子：如果这只是匹诺康尼或家族的内部事务，我们不应随意插手。,content,姬子
259,*瓦尔特：但你也说了，这事或许与「开拓」有关。,content,瓦尔特
260,*姬子：我是这么说了，所以……,content,姬子
261,*姬子：…所以在出发前，我就告诉小三月和丹恒啦。,content,姬子
262,*瓦尔特：原来只有我被蒙在鼓里啊。,content,瓦尔特
263,{{剧情选项,default,
264,|选项1=我也是刚刚才知道邀请函的事…,option,开拓者
265,|剧情1=*三月七：因为你一路上都睡得死死的，没机会和你说嘛。,branch_content,三月七
266,|选项2=看来必须要参与了。,option,开拓者
267,|选项3=有本银河球棒侠在，都不成问题！,option,开拓者
268,|剧情3=*瓦尔特：匹诺康尼形势复杂，还是谨慎点为好。,branch_content,瓦尔特
269,}},default,
270,*姬子：邀请函究竟是哪一方势力寄出的，将一众派系召集至匹诺康尼的目的是什么，家族又为何知情不言…此行疑点众多，在查清更多事实前，不可贸然出手。,content,姬子
271,*姬子：眼下就先专注于列车长的请求，一边收集情报，一边享受「美好的假期」吧——匹诺康尼毕竟是闻名宇宙的度假胜地，很多人可能一辈子都来不了哦。,content,姬子
272,,default,
273,=== （可选）与列车组交谈 ===,default,
274,{{任务描述|在公共休息区，姬子对于邀请函的异样提出了部分担忧，但她也表示眼下更重要的还是「享受美好假期」。<br>现在，终于到了入梦的时候——但在那之前，如果你还想和同伴打个招呼也不成问题。|匹诺康尼-「白日梦」酒店-现实}},default,
275,*姬子：大家回去休息吧，准备好了就进入梦境。,content,姬子
276,*开拓者：（该回房间了…在正式入梦前，再和大家聊聊？）,content,开拓者
277,----,default,
278,:{{颜色|描述|与瓦尔特对话}},default,
279,*瓦尔特：这里的装潢实在是有些…吵闹。这就是银河上流人士的生活么……,content,瓦尔特
280,{{剧情选项,default,
281,|选项1=关于「钟表匠」…,option,开拓者
282,|图标1=对话,default,
283,|剧情1=*瓦尔特：据说是匹诺康尼的历史名人，他的传奇经历口口相传，激励人们来到盛会之星追逐梦想。真是个有趣的人，想来其遗产也极具吸引力吧。,branch_content,瓦尔特
284,*瓦尔特：不过，他为何会与邀请函扯上关系，又为何会出现在疑似无名客发出的密文里…我暂时也没有头绪。,content,瓦尔特
285,|选项2=关于「家族」…,option,开拓者
286,|图标2=对话,default,
287,|剧情2=*瓦尔特：家族信仰「同谐」，他们救苦援弱的善迹在星间闻名遐迩，匹诺康尼的稳定与繁荣与之息息相关。,branch_content,瓦尔特
288,*瓦尔特：但也有些势力始终对家族保持关注，认为他们温和的言语中另有它意…但考虑到家族对访客一贯的友好态度，我们暂时不用过分担心。,content,瓦尔特
289,|选项3=关于梦中的行程…,option,开拓者
290,|图标3=对话,default,
291,|剧情3=*瓦尔特：梦中的匹诺康尼被分成十二个时刻，我个人对「太阳的时刻」很感兴趣，那是一座承载了匹诺康尼历史、文化的观赏梦境。,branch_content,瓦尔特
292,*瓦尔特：匹诺康尼大博物馆、初醒图书馆、折纸大学…这些地方都有可能存放着我们想要探寻的过去。,content,瓦尔特
293,}},default,
294,{{剧情选项,default,
295,|选项1=先聊到这吧。,option,开拓者
296,|图标1=退出,default,
297,}},default,
298,*瓦尔特：通过客房的入梦池就可以去往「真正的匹诺康尼」，准备好了就出发吧。祝你在梦中玩得愉快。,content,瓦尔特
299,----,default,
300,:{{颜色|描述|与在沙发上休息的姬子对话}},default,
301,*姬子：怎么了，还不打算入睡？是找不到房间，还是有心事想找我聊聊？,content,姬子
302,{{剧情选项,default,
303,|选项1=关于「钟表匠」…,option,开拓者
304,|图标1=对话,default,
305,|剧情1=*姬子：谈及盛会之星，就不得不提到「钟表匠」，匹诺康尼家喻户晓的大亨。财富、名誉、地位…他靠双手打拼出了所有人向往的事业，成为梦想的象征。,branch_content,姬子
306,*姬子：但这些故事有多少是真…却无迹可寻。钟表匠的出身和过去众说纷纭，也有人怀疑他只是一个家族虚构的形象。,content,姬子
307,*姬子：暂时，我不认为这封邀请函真的和钟表匠有关，他的遗产…更像是一种引人耳目的说辞。,content,姬子
308,|选项2=关于那位公司代表…,option,开拓者
309,|图标2=对话,default,
310,|剧情2=*姬子：别有用心的公司使节，巧舌如簧的精明商人，张扬轻浮的阔绰公子…也许都是吧，直觉告诉我，他还有深藏不露的一面。,branch_content,姬子
311,*姬子：在形势明朗前，我们最好和各方都保持良好的关系，但同时也要保持警惕。,content,姬子
312,|选项3=关于梦中的行程…,option,开拓者
313,|图标3=对话,default,
314,|剧情3=*姬子：梦中的匹诺康尼被划分为十二片独立的梦境，听说初次入梦时，不同人去往的目的地也不尽相同。,branch_content,姬子
315,*姬子：我的话…会期待「热砂的时刻」，那里的野风、酒馆和{{注音|盛会海选|「苏乐达™盛会海选•热砂分会场」}}更有无名客的开拓色彩。「朝露的时刻」也是个不错的选择，可以借机拜访下家族。,content,姬子
316,}},default,
317,{{剧情选项,default,
318,|选项1=先聊到这吧。,option,开拓者
319,|图标1=退出,default,
320,}},default,
321,*姬子：因为种种意外耽误了这么久，想必你也累坏了吧——开拓之余，也别忘了好好放松哦。晚安，做个好梦。,content,姬子
322,----,default,
323,*开拓者：（三月七呢？是不是已经回房间了……）,content,开拓者
324,----,default,
325,:{{颜色|灰|你路过三月七的房间}},default,
326,*三月七：哇！好大的浴缸……,content,三月七
327,:{{颜色|描述|敲门与三月七对话}},default,
328,*三月七：哇，你是不是也激动得睡不着觉！我已经迫不及待想见识梦中的世界了！,content,三月七
329,{{剧情选项,default,
330,|选项1=打算先去哪？,option,开拓者
331,|剧情1=*三月七：那肯定是「薄暮的时刻」啦！来度假胜地怎么可以不去购物天堂！我已经准备好装满购物袋了！,branch_content,三月七
332,*三月七：嗯…买完东西之后，就换上美美的晚礼服，去匹诺康尼大剧院欣赏知更鸟小姐的演唱吧！,content,三月七
333,|选项2=关于知更鸟…,option,开拓者
334,|剧情2=*三月七：说来有些在意，杨叔似乎也发现了，知更鸟小姐的声音听着有些疲惫…我不知道怎么形容，就是和平时不太一样？,branch_content,三月七
335,*三月七：是不是之前的银河巡回演唱会累到了？这种情况还坚持演出，知更鸟小姐真是艺人的楷模啊！,content,三月七
336,|选项3=关于盛会…,option,开拓者
337,|剧情3=*三月七：开始我还以为这次真是来度假的，但现在…我觉得这场「盛会」一定非同一般！各方势力解读谜语，争夺遗产，简直和侦探小说一模一样！,branch_content,三月七
338,*三月七：说不定还会有亲人反目、家破人亡、阴阳两隔、血流成河之类的经典桥段，那可太刺激了……,content,三月七
339,{{剧情选项,default,
340,|选项1=成语储备还挺多。,option,开拓者
341,|选项2=别太吓人。,option,开拓者
342,|选项3=我要看血流成河！,option,开拓者
343,}},default,
344,*三月七：开玩笑的，怎么可能嘛。,content,三月七
345,}},default,
346,{{剧情选项,default,
347,|选项1=先聊到这吧。,option,开拓者
348,|图标1=退出,default,
349,}},default,
350,*三月七：放心，反正天塌下来，也有杨叔和姬子姐姐顶着呢，要好好享受难得的假期哦！,content,三月七
351,,default,
352,=== 回到自己的房间，准备入梦 ===,default,
353,*开拓者：（奇怪…我的房间门怎么开着？）,content,开拓者
354,:{{颜色|灰|你来到自己的房间门前，却看到房间内已经有了一个人…}},default,
355,*开拓者：（咦，他是……）,content,开拓者
356,----,default,
357,*砂金：真巧啊，咱们又见面了。,content,砂金
358,{{剧情选项,default,
359,|选项1=这是我的房间，你怎么在这？,option,开拓者
360,|选项2=这是你的房间…？,option,开拓者
361,|选项3=又见面了，朋友！,option,开拓者
362,|剧情3=*砂金：没错，朋友！,branch_content,砂金
363,}},default,
364,*砂金：别紧张，我就是过来沾沾喜气。它现在是你的房间了，但半个系统时前——还是我的。,content,砂金
365,*砂金：幸运的楼号，幸运的楼层，幸运的房间号，我费了好大工夫才订到这么个宝地…送给你了，要好好珍惜啊，朋友。,content,砂金
366,{{剧情选项,default,
367,|选项1=这房间是你让给我的？,option,开拓者
368,|剧情1=*砂金：不然呢，还能是家族白给的？,branch_content,砂金
369,|选项2=入住是你安排的？,option,开拓者
370,|剧情2=*砂金：不不，我只是把自己的房间让给了你。,branch_content,砂金
371,|选项3=不管有什么理由，出去。,option,开拓者
372,|剧情3=*砂金：哎，这话我就不爱听了……,branch_content,砂金
373,}},default,
374,*砂金：这匹诺康尼可是货真价实的梦想之地，全银河有多少人愿意花上半辈子时间，就为拿到一张白日梦酒店的入场券？,content,砂金
375,*砂金：好好想想，能入住这里的都是些什么人物。要不是我出谋划策，家族哪敢得罪那些名流大咖，来给你这位「不速之客」开后门？,content,砂金
376,*砂金：所以坐下来聊聊吧——于情于理，我都有这个资格，不是么？,content,砂金
377,{{剧情选项,default,
378,|选项1=你想聊什么？,option,开拓者
379,|剧情1=*砂金：聪明人就是爽快。,branch_content,砂金
380,|选项2=你应该找姬子，或瓦尔特。,option,开拓者
381,|剧情2=*砂金：错了，我要找的人就是你。,branch_content,砂金
382,}},default,
383,*砂金：简单来说，朋友，我需要你的帮助。你或许还不知道，匹诺康尼远没有它看上去那么简单，家族的眼线遍布这里，我不想明说，你明白的。,content,砂金
384,*砂金：我的目的很简单，帮公司拿回一些本属于它的东西。如果你愿意帮我，事成之后，你会得到丰厚的回报，还有「存护」的庇护。,content,砂金
385,*砂金：毕竟你和其他人不同。你很特别，特别到足以掀翻整张牌桌。那股*力量*，你不想使用它吗？或者…你不想摆脱它吗？你不想靠它名扬宇宙吗？,content,砂金
386,*砂金：那众人恐惧却渴望的力量，就在你双手一握中……,content,砂金
387,*砂金：…「星核」先生/小姐，我说对了吗？,content,砂金
388,{{剧情选项,default,
389,|选项1=你是怎么知道的？,option,开拓者
390,|剧情1=*砂金：我现在知道了。,branch_content,砂金
391,|选项2=我听不懂你在说什么。,option,开拓者
392,|剧情2=*砂金：演技不错，我喜欢。,branch_content,砂金
393,|选项3=我警告你，离开这里。,option,开拓者
394,|剧情3=*砂金：「警告」！哈哈哈，你太幽默了。,branch_content,砂金
395,}},default,
396,*砂金：你不用现在答复我，思考也需要时间。等时机成熟，我自然会来找你。,content,砂金
397,*砂金：当然，你也可以和同伴商量，甚至反过来利用我，我很欢迎——因为这也是在向我展示你们的价值。,content,砂金
398,*砂金：我从不做赔本买卖的，希望各位「朋友」…别让我失望。,content,砂金
399,{{剧情选项,default,
400,|选项1=我会考虑的。,option,开拓者
401,|剧情1=*砂金：嗯，很好。,branch_content,砂金
402,|选项2=我不能自作主张。,option,开拓者
403,|剧情2=*砂金：我说了，不用急着答复，因为无论如何…结果都不会变。,branch_content,砂金
404,|选项3=你真的该走了。,option,开拓者
405,|剧情3=*砂金：我说了，不用急着答复，因为无论如何…结果都不会变。,branch_content,砂金
406,}},default,
407,*砂金：哦对了，临走前，咱们再玩个游戏吧。很简单，猜猜筹码在我哪只手里——就当是认识一下，好让你更了解我这人的性格，和做事方式……,content,砂金
408,:{{颜色|描述|叮——一枚筹码被抛向空中，又眨眼间消失不见，取而代之的是两只紧握的手，横在你的面前。}},default,
409,*砂金：左还是右？准备好——我要揭晓答案了。,content,砂金
410,*砂金：…哦，好像还没问你选哪边呢。但没关系，因为——,content,砂金
411,{{折叠|标题=过场动画|内容=,default,
412,:{{颜色|灰|砂金手中玩弄着硬币向你走来…}},default,
413,*砂金：朋友，游戏已经开始了。,content,砂金
414,*砂金：和我做笔交易吧。,content,砂金
415,:{{颜色|灰|他将硬币握在手中，再次张开双手时硬币已消失不见…}},default,
416,*砂金：你无法拒绝…,content,砂金
417,*砂金：没有理由…,content,砂金
418,:{{颜色|灰|你惊讶地发现硬币到了自己的手中…}},default,
419,*砂金：也没有余地。,content,砂金
420,:{{颜色|灰|一道声音从身后传来…}},default,
421,*黄泉：喂。,content,黄泉
422,*黄泉：你们，在我的房间里做什么？,content,黄泉
423,|折叠=否}},default,
424,*砂金：…你的房间？,content,砂金
425,*砂金：……,content,砂金
426,*砂金：…厉害啊朋友，才来匹诺康尼没多久，就学会邀人入伙了。,content,砂金
427,*砂金：别误会，刚刚只是想提醒你——这地方鱼龙混杂，不怀好意的家伙可太多了，记得多长个心眼，比如…记得关门。,content,砂金
428,*砂金：那我先走一步，{{注音|开拓者|先生/小姐}}！祝你们过得愉快。,content,砂金
429,:{{颜色|灰|砂金离开了}},default,
430,*黄泉：……,content,黄泉
431,{{剧情选项,default,
432,|选项1=谢谢你。,option,开拓者
433,|选项2=你是…？,option,开拓者
434,|选项3=我们是不是在哪见过…,option,开拓者
435,}},default,
436,*黄泉：……,content,黄泉
437,*黄泉：…你为什么还不走？,content,黄泉
438,{{剧情选项,default,
439,|选项1=…啊？,option,开拓者
440,|剧情1=*黄泉：我说，你为什么还不走？,branch_content,黄泉
441,|选项2=这是我的房间啊。,option,开拓者
442,|剧情2=*黄泉：这是我的房间啊。,branch_content,黄泉
443,|选项3=你为什么还不走？,option,开拓者
444,|剧情3=*黄泉：我为什么要走？,branch_content,黄泉
445,}},default,
446,*黄泉：……,content,黄泉
447,<tabber>,default,
448,随机对话1=,default,
449,*黄泉：{{颜色|火1|…难道是我走错了？这不应该，出声打扰你们前，我再三确认过房间号的……}},content,黄泉
450,{{剧情选项|选项1=（咦…？）}},default,
451,*黄泉：{{颜色|火1|莫非是厢区…不，楼号也弄错了？抱歉，这座酒店太大了，走廊布置也很相似，稍不注意就会迷失方向……}},content,黄泉
452,|-|随机对话2=,default,
453,*黄泉：{{颜色|火1|开个玩笑，别紧张，这的确是你的房间。我只是偶然路过……}},content,黄泉
454,{{剧情选项|选项1=（咦…？）}},default,
455,*黄泉：{{颜色|火1|我也在找自己的客房，听见这边有动静…便来一探究竟。幸好你没关门，不然就危险了——那个男人显然不怀好意。}},content,黄泉
456,|-|随机对话3=,default,
457,*黄泉：{{颜色|火1|调侃一下，别在意，这的确是你的房间。此前在走廊上，我见那位先生轻手轻脚，不像是回自己房间，就有所提防……}},content,黄泉
458,{{剧情选项|选项1=（咦…？）}},default,
459,*黄泉：{{颜色|火1|后来又看见你走进同一间房间，多少就明白了。刚才情况紧急，一时想不到其他说辞…擅作主张，希望你不要介意。}},content,黄泉
460,</tabber>,default,
461,{{剧情选项|选项1=（似乎有种奇怪的感觉…）}},default,
462,*黄泉：总之，你平安无事就好。我也该回自己房间了。,content,黄泉
463,*黄泉：不过临走前，我可以再问你一个问题吗？在你听来，或许会有些古怪，甚至失礼，但我想知道……,content,黄泉
464,*黄泉：…我们在哪里见过吗？,content,黄泉
465,{{剧情选项,default,
466,|选项1=我也想问…,option,开拓者
467,|选项2=好熟悉的对话…,option,开拓者
468,|选项3=可能是在梦里…,option,开拓者
469,|选项4=应该没有。,option,开拓者
470,}},default,
471,<tabber>,default,
472,随机对话1=,default,
473,*黄泉：{{颜色|火1|…这样么。从刚才起，我就始终有种熟悉的感觉…也许这就是所谓的「既视感」吧，呵呵，也是一种缘分。}},content,黄泉
474,|-|随机对话2=,default,
475,*黄泉：{{颜色|火1|说来惭愧，因为过去的某些经历，我有时会忘记一些不该忘记的事…所以这种确认也成了平常，请别在意。}},content,黄泉
476,|-|随机对话3=,default,
477,*黄泉：{{颜色|火1|…对了，是「梦」。来这儿的途中我做了个梦，那梦里似乎有你的身影…好像有什么念头在我脑海中一闪而过……}},content,黄泉
478,</tabber>,default,
479,*黄泉：开拓者——这是你的名字，对吧？很高兴认识你。,content,黄泉
480,{{剧情选项,default,
481,|选项1=你怎么知道？,option,开拓者
482,|选项2=你还记得我？,option,开拓者
483,|选项3=我现在这么有名了？,option,开拓者
484,}},default,
485,*黄泉：你忘了，是那位先生临走前说的。我记性是不太好，但还不至于忘记几分钟前发生的事。,content,黄泉
486,*黄泉：{{颜色|火1|巡海游侠，黄泉…这是他们称呼我的方式，你随意使用吧。我们应该还会再见面的。}},content,黄泉
487,*黄泉：最后，只是一句浅浅的忠告…有这么一类人，他们拥有誓死不二的意志与信念，却并不打算将其用于正道。而在那位先生脸上，我看见了熟悉的神情。,content,黄泉
488,*黄泉：如果身配一柄刀，总要用它斩下些什么。而一名赌徒在满盘皆输前，也一定会破釜沉舟，孤注一掷…我只能言尽于此。,content,黄泉
489,*黄泉：在做出选择前，你应当知晓这些。告辞了。,content,黄泉
490,----,default,
491,:{{颜色|灰|黄泉离开了…}},default,
492,*开拓者：（黄泉回去了…奇怪，总觉得刚才始终有种微妙的感觉……）,content,开拓者
493,*开拓者：（算了。虽然一波三折，但现在总算可以入梦了吧…嗯？）,content,开拓者
494,:{{颜色|灰|黄泉又回到了房内…}},default,
495,*黄泉：……,content,黄泉
496,{{剧情选项,default,
497,|选项1=怎么回来了？,option,开拓者
498,|选项2=还有什么事？,option,开拓者
499,|选项3=重逢来得好快。,option,开拓者
500,}},default,
501,*黄泉：嗯……,content,黄泉
502,*黄泉：不好意思，可以告诉我回大堂的路该怎么走吗？这附近的走廊实在太像了……,content,黄泉
503,{{剧情选项|选项1=……}},default,
504,:你为黄泉指明了路，她向你再三道谢。,default,
505,:{{颜色|描述|获得物品{{图标|砂金的信物}}、贴纸[[file:梦境护照-黄泉.png|link=梦境护照|50px]]黄泉}},default,
506,,default,
507,=== 在入梦池中入梦 ===,default,
508,{{任务描述|你终于捱过了入梦前的一系列神秘遭遇，恭喜你！<br>只要在房间中央的入梦池躺下，再按照指引进行操作，你就可以顺利入梦了。|匹诺康尼-「白日梦」酒店-现实}},default,
509,*开拓者：（总算结束了。按照梦境护照的指引操作入梦池吧……）,content,开拓者
510,----,default,
511,{{折叠|标题=播报员台词|内容=,default,
512,*女声：欢迎来到匹诺康尼，尊贵的客人……,content,女声
513,*女声：很快，您的所有理想都将跃然眼前……,content,女声
514,*女声：请您迈入梦池，忘记生命中的悲伤与烦忧……,content,女声
515,*女声：闭上眼睛，任凭愉悦的记忆涌上心头……,content,女声
516,*女声：来世…往生……,content,女声
517,*女声：美梦…常驻……,content,女声
518,*女声：很快，现实与梦域的边界将会消融……,content,女声
519,}},default,
520,:你靠近「入梦池」，甜蜜的女声自房间四周传来，空气中有香气氤氲，二者一同将你裹入怀中。这香氛甘冽、深沉、奢华。这令你想到熟成的果实，又像霞光中的远海。,default,
521,:也许，是时候入梦了。,default,
522,{{剧情选项,default,
523,|选项1=在入梦池中躺下。,option,开拓者
524,|剧情1=:你伛身，躺倒在入梦池中央。冰冷的流质没过你的腰肢。女声继续在你的耳边轻语，伴有晚钟声，野风掀起荒原的簌簌声，知更鸟、沙鸥、天鹅与渡鸦的宣叙调……,branch_content,
525,:钟摆震荡。你期待着自己会进入哪一片梦中，昏昏欲睡……,default,
526,|选项2=再等等。,option,开拓者
527,|图标2=退出,default,
528,}},default,
529,----,default,
530,{{折叠|标题=过场动画|内容=,default,
531,:{{颜色|灰|你在入梦池中躺下…}},default,
532,*播报员：请放松，感受身体的起伏……,content,播报员
533,*播报员：专注呼吸，想象一座乐园……,content,播报员
534,*播报员：想象…一片梦想之地。,content,播报员
535,:{{颜色|灰|…你闭上双眼…}},default,
536,:{{颜色|灰|…你似乎听到了些许杂音…}},default,
537,*？？？：米哈伊尔……,content,
538,*？？？：回来吧……,content,
539,:{{颜色|灰|蓝发少年的影像一闪而过…}},default,
540,*？？？：米哈伊尔…！,content,
541,:{{颜色|灰|你向梦境中坠落…}},default,
542,|折叠=否}},default,
543,----,default,
544,:{{颜色|灰|与此同时，另一边…}},default,
545,:{{颜色|灰|…砂金找到了真理医生…}},default,
546,*砂金：怎么了，拉帝奥？别愁眉苦脸的了…嘿，我才注意到，你那英俊的石膏头呢？,content,砂金
547,*真理医生：你迟到了，整整4分16秒。你最好是用这段时间解开了阿基维利陨落之谜——如果没有，那我会忠告你别去找无名客的麻烦。,content,真理医生
548,*砂金：找麻烦？连你也这么觉得？就没人相信我真的只是想和他们交朋友？,content,砂金
549,*真理医生：聒噪的家伙可交不到朋友。一个小知识：阿蒂尼孔雀是宇宙中叫声数一数二难听的鸟类，而你这身行头正像一只花枝招展的孔雀……,content,真理医生
550,*真理医生：…看来这只孔雀的羽毛还被人拔光了——行李被家族没收了？,content,真理医生
551,*砂金：嗯，都被那穿灰西装的给扣了，所有的礼金，还有存放「基石」的匣子…嗯？你往哪走呢？,content,砂金
552,*真理医生：打道回府，告诉公司有个蠢货把一切都搞砸了。,content,真理医生
553,*砂金：几块石头罢了，这么悲观干嘛？没了又怎样？,content,砂金
554,*真理医生：没了那块「砂金石」，你就只是个被公司判了死刑的茨冈尼亚奴隶——还是说，你脖子上那行「商品编码」也是琥珀王的恩赐？,content,真理医生
555,*砂金：…哦，可以啊，幽默！看来我们这位博学的朋友是好好备过课了。,content,砂金
556,*真理医生：这是我的工作，不然一个赌徒要怎么替公司收复{{注音|匹诺康尼|边陲监狱}}？,content,真理医生
557,*砂金：放心吧，教授，我有的是办法。家族害怕公司搞事，所以才处处针锋相对…搞不好，匹诺康尼从始至终就是「同谐」的阴谋。,content,砂金
558,*砂金：要我说，那封邀请函就是个自导自演的幌子，或许是他们想在谐乐大典上做点什么出格的事……,content,砂金
559,*砂金：…又或者邀请者另有其人，但他们默许了，想将计就计再布个更大的。无所谓，家族也好，「钟表匠的遗产」也罢，能为我所用就行。,content,砂金
560,*真理医生：说重点。办法是什么？,content,真理医生
561,*砂金：现在没必要讲那么清楚——还不是亮出底牌的时候。,content,砂金
562,*真理医生：该死的赌徒，合作的前提是互相信任——茨冈尼亚人的学前教育里不包含这个吗？,content,真理医生
563,*砂金：那你信任我吗？,content,砂金
564,*真理医生：这取决于你的态度。,content,真理医生
565,*砂金：所以你也不信任我，这不就行了？还有，我没读过书，我父母也确实没教过这个——很遗憾，他们还没来得及教就走了。,content,砂金
566,*真理医生：…我无意冒犯。,content,真理医生
567,*砂金：别在意。但他们教过我「朋友就是埃维金人的武器」——在「同谐」虎视眈眈的情况下，咱们的「朋友」确实越多越好。,content,砂金
568,*砂金：我想想啊，流光忆庭和星穹列车已经接触过了，泯灭帮…多半没戏，纯美骑士团还不知道是否会赴约，至于「酒馆」的家伙们……,content,砂金
569,*砂金：…说到这个，刚才遇见个女人，说是巡海游侠。我总觉得哪里不对劲，你去帮我探探她的底细……,content,砂金
570,*砂金：…人呢？,content,砂金
571,:{{颜色|灰|在砂金转身的时候，真理医生似乎离开了…}},default,
572,*砂金：…不至于这么讨厌我吧？唉，看来还是得靠自己了。,content,砂金
573,,default,
574,=== 调查陌生的房间 ===,default,
575,{{任务描述|在甜美的人声引导中，你的思绪随着房间中蒸腾的烟雾一同氤氲、流淌，超脱现实，来到了由「忆域」构成的梦境。然而眼前的景象说是美梦，倒不如说更像噩梦，不仅如此，这房间竟还有些微妙的既视感。<br>你真的顺利来到匹诺康尼了吗？看来你又要想办法弄清现状了。|匹诺康尼-思绪长廊}},default,
576,:{{颜色|灰|另一边，你似乎已经进入了梦境…}},default,
577,:{{颜色|灰|…然而眼前的景象依然是某个酒店房间内…}},default,
578,*开拓者：（这里就是…「梦想之地」？）,content,开拓者
579,*开拓者：（总觉得气氛有点诡异，而且…刚才是不是有什么奇怪的声音？）,content,开拓者
580,----,default,
581,:{{颜色|描述|调查入梦池}},default,
582,*播报员：梦境██ █ ██酒店█ ██修缮中，请您██ █酒█ 服务██ █员指引，从指定█ █ ██进入███ █……{{黑幕|梦境「白日梦」酒店正在修缮中，请您听从酒店服务人员指引，从指定通道进入梦境……}},content,播报员
583,----,default,
584,:{{颜色|描述|调查桌子}},default,
585,*开拓者：（这是…一张纸条？）,content,开拓者
586,{{折叠|标题=「钟表匠」的谏言|内容=,default,
587,<center>梦中亦有不可能之事。</center>,default,
588,<center>找到它吧，如此便可以觐见。</center>,default,
589,}},default,
590,----,default,
591,{{折叠|折叠=是|标题=调查房门|内容=,default,
592,:这扇门似乎无法从这一侧打开。,default,
593,:{{颜色|灰|门缝中透露着诡异的红光…}},default,
594,}},default,
595,=== 调查声音的来源 ===,default,
596,{{任务描述|在甜美的人声引导中，你的思绪随着房间中蒸腾的烟雾一同氤氲、流淌，超脱现实，来到了由「忆域」构成的梦境。然而眼前的景象说是美梦，倒不如说更像噩梦，不仅如此，这房间竟还有些微妙的既视感。<br>在调查过程中，一阵急促的叫喊从房间某处传来——或许你该去看看那声音到底属于谁。|匹诺康尼-思绪长廊}},default,
597,*米沙：这边！您能看到我吗？这边！,content,米沙
598,*米沙：请往这边来！,content,米沙
599,*开拓者：（好像听到了熟悉的声音…是在画框里面吗？）,content,开拓者
600,----,default,
601,:{{颜色|描述|进入梦境空间}},default,
602,,default,
603,=== 与酒店门童交谈 ===,default,
604,{{任务描述|触摸画框，你被一股莫之能御的力量吸引，来到了「画中世界」…不，其实还是梦境的一部分，一条长长的走廊。<br>酒店门童米沙正在这里等你，他似乎有话要说。|匹诺康尼-思绪长廊}},default,
605,*米沙：啊，您来了！太好了！,content,米沙
606,*米沙：我还以为您会注意不到我呢……,content,米沙
607,----,default,
608,*米沙：欢迎光临「思绪长廊」！您可以将这里理解为入境通道，通向「黄金的时刻」。而我在这里为各位宾客提供指引。,content,米沙
609,{{剧情选项,default,
610,|选项1=我们又见面了。,option,开拓者
611,|剧情1=*米沙：咦，您记得我吗？我好开心。,branch_content,米沙
612,|选项2=这里看起来好怪异。,option,开拓者
613,}},default,
614,*米沙：这里是一座临时中转站，所以看起来会比较简陋…梦境中的「白日梦酒店」目前正在进行修缮工作。,content,米沙
615,*米沙：抱歉为您带来了不好的入住体验…但如果您去到「黄金的时刻」，相信所有的烦恼都会烟消云散的！,content,米沙
616,{{剧情选项,default,
617,|选项1=「白日梦酒店」发生什么了？,option,开拓者
618,|图标1=对话,default,
619,|剧情1=*米沙：您问的是梦境中的「白日梦酒店」吗？具体细节我也不是很清楚，非常抱歉……,branch_content,米沙
620,|选项2=「黄金的时刻」是什么？,option,开拓者
621,|图标2=对话,default,
622,|剧情2=*米沙：也许您已经在梦境护照里阅读过了，但我可以再为您介绍一遍！,branch_content,米沙
623,*米沙：「黄金的时刻」是匹诺康尼的十二梦境之一，对应时间为「午夜」——在这里，梦中的时间永远停留在零点前的瞬间，明天不会到来，而这一夜的狂欢也永远不会结束……,content,米沙
624,*米沙：…啊，不过这并不代表梦中的时间是停滞的——为了避免给各位旅客造成身心负担，梦境中的时间尺度被设定为与现实一致，请您不必担心！,content,米沙
625,|选项3=我刚才捡到了一张纸条…,option,开拓者
626,|图标3=对话,default,
627,|剧情3=*米沙：纸条？您是在房间里捡到的吗？,branch_content,米沙
628,*米沙：啊…该不会是前一位住客遗留的垃圾吧……,content,米沙
629,*米沙：是我粗心大意，没能打扫干净，给您添麻烦了…万分抱歉！,content,米沙
630,}},default,
631,{{剧情选项|选项1=我该从哪前往「黄金的时刻」？}},default,
632,*米沙：您只要穿过那边的门扉，就可以抵达「黄金的时刻」了——祝您享受一段难忘的美梦！,content,米沙
633,{{折叠|标题=额外对话（米沙）|内容=,default,
634,*米沙：只要穿过那边的门扉，就可以抵达「黄金的时刻」了。如果您还有任何疑惑，我也很乐意为您一一解答！,content,米沙
635,{{剧情选项,default,
636,|选项1=「白日梦酒店」发生什么了？,option,开拓者
637,|图标1=对话,default,
638,|剧情1=*米沙：您问的是梦境中的「白日梦酒店」吗？具体细节我也不是很清楚，非常抱歉……,branch_content,米沙
639,|选项2=「黄金的时刻」是什么？,option,开拓者
640,|图标2=对话,default,
641,|剧情2=*米沙：也许您已经在梦境护照里阅读过了，但我可以再为您介绍一遍！,branch_content,米沙
642,*米沙：「黄金的时刻」是匹诺康尼的十二梦境之一，对应时间为「午夜」——在这里，梦中的时间永远停留在零点前的瞬间，明天不会到来，而这一夜的狂欢也永远不会结束……,content,米沙
643,*米沙：…啊，不过这并不代表梦中的时间是停滞的——为了避免给各位旅客造成身心负担，梦境中的时间尺度被设定为与现实一致，请您不必担心！,content,米沙
644,|选项3=没什么了，谢谢你。,option,开拓者
645,|剧情3=*米沙：祝您在匹诺康尼享受一段难忘的美梦！}},branch_content,米沙
646,|折叠=是}},default,
647,,default,
648,=== 前往「匹诺康尼•黄金的时刻」 ===,default,
649,{{任务描述|经过米沙的讲解，你了解到梦中的「白日梦」酒店正在修缮，所有宾客因此必须通过一座临时中转站前往「黄金的时刻」——这也是你刚才所在房间的真面目。<br>现在，只要触摸另一个画框，你就可以正式进入匹诺康尼了。|匹诺康尼-思绪长廊}},default,
650,*开拓者：（这扇门背后就是真正的匹诺康尼…好期待呀。）,content,开拓者
