﻿line_number,content,category,character
1,{{提示|蓝色|宽度=100%|如果选择选项下面对话没变不是BUG了，而是游戏本身对话就是一样的。}},option,开拓者
2,{{任务,default,
3,|任务名称=诘辩无愧，折狱论非,default,
4,|任务地区=仙舟「罗浮」,default,
5,|任务类型=开拓续闻,default,
6,|所属版本=2.4,default,
7,|任务描述=按照飞霄的要求，你们踏入幽囚狱留下证词。而她派出的曜青信使将自罗浮仙舟接走关押在此许久的步离人首领，呼雷。<br>深入幽囚狱中，你们渐渐察觉到个中之事的诡谲。,default,
8,|奖励={{图标|里程|800}}{{图标|星琼|100}}{{图标|漫游指南|8}}{{图标|提纯以太|6}}{{图标|《此身堕泥犁》|1}}{{图标|《八寒阴狱》|1}}{{图标|信用点|120000}},default,
9,|任务条件=完成任务[[潜迹狼烽，兽骇鸟惊]],default,
10,|开放等级=21,default,
11,|相关成就=,default,
12,|相关道具=,default,
13,|相关书籍=,default,
14,|出场人物=景元、飞霄、怀炎、丹恒、椒丘、貊泽、雪衣、寒鸦,default,
15,|领取地点=,default,
16,|系列任务=明霄竞武试锋芒•上,default,
17,|任务编号=08,default,
18,|前置任务=*[[潜迹狼烽，兽骇鸟惊]],default,
19,|后续任务=*[[狼戾亡命，群凶未定]],default,
20,|任务流程=*前往神策府，与飞霄会面,default,
21,*前往幽囚狱入口,default,
22,*与使者对话进入幽囚狱,default,
23,*前往幽囚狱的望楼,default,
24,*在附近逛逛，等待接引判官到来,default,
25,*穿过换境画屏，前往幽囚狱深处,default,
26,*乘坐悬梯,default,
27,*跟随寒鸦指引,default,
28,*调查奇异响动的源头,default,
29,*验证身份，打开幽狱通路,default,
30,*跟随雪衣，前往幽狱之底,default,
31,}},default,
32,,default,
33,==剧情内容==,default,
34,=== 前往神策府，与飞霄会面 ===,default,
35,{{任务描述|另一边厢，神策府中，曜青将军飞霄召见列车团的成员，询问建木灾异的始末。<br>没有想象中咄咄逼人的气势，这位将军抵达罗浮的目标，或许从一开始便不在此处——她想要的，是确认景元的忠诚从未改变。|仙舟「罗浮」-神策府}},default,
36,:{{颜色|描述|与此同时，在神策府中……}},default,
37,*飞霄：百闻不如一见，星穹列车的客人。我是曜青仙舟的将军，飞霄。,content,飞霄
38,*景元：我来为天击将军介绍一番。身着青衣的这位——,content,景元
39,*飞霄：走前边这位是饮月君的隔世之身，跟在他后面的是列车组最近吸纳的新成员，二位鼎鼎大名，我这对耳朵听得可清楚了。,content,飞霄
40,*飞霄：除开罗浮报告中的记述，「曜青」天舶司也搜罗了不少关于二位的见闻。本人一直想会会你们，原因…想必景元将军也解释过了吧？,content,飞霄
41,{{剧情选项,default,
42,|选项1=我们作为证人前来回答问题。,option,开拓者
43,|剧情1=*飞霄：不错，但不是堂前会审。只是想请两位聊聊，廓清些事实。,branch_content,飞霄
44,|选项2=将军没告诉我们你想做什么…,option,开拓者
45,|剧情2=*飞霄：喔？这倒不像我认识的神策将军啊。,branch_content,飞霄
46,*景元：两位尽管据实回答，无需担心。,content,景元
47,|选项3=不就是为了建木重生的事？,option,开拓者
48,|剧情3=*飞霄：正是。直来直往，我喜欢。,branch_content,飞霄
49,}},default,
50,*飞霄：景元将军在呈递的报告中，将建木灾异的祸首归罪于{{注音|烬灭军团|反物质军团}}，警示众天将应当关注烬灭祸祖的动向。,content,飞霄
51,*飞霄：这些年来，「毁灭」的爪牙摧残了数之不尽的世界，联盟也有所防备，只是未曾想他们竟会与「丰饶」的残党联手。,content,飞霄
52,*飞霄：这场建木灾异造成的损害远比预想中低，可以说是不幸中的万幸。但反过来看…也和烬灭军团所到之处荼毒生灵的风格大相径庭。,content,飞霄
53,*飞霄：我自然相信神策将军与各位无名客的英勇事迹，但也不免对报告未能详述的一些细节感到好奇。借此机会，希望能与二位交流一番。,content,飞霄
54,*飞霄：有言在先，我所问的未必是我认为的。提问若有冒犯，还请不要见怪。,content,飞霄
55,*丹恒：将军但问无妨。只是我们能回答的，也只是我们所知的；而您所问的…或许内心也早有答案。,content,丹恒
56,*飞霄：伶牙俐齿，我喜欢。,content,飞霄
57,----,default,
58,:{{颜色|灰|进入辩论}},default,
59,:{{颜色|灰|第一回合}},default,
60,*开拓者：（这天击将军说起话来竟也头头是道。眼下她来意不明，景元又希望我们据实回答…{{颜色|描述1|也许只说知道的事实就好？}}）,content,开拓者
61,*飞霄：我就开门见山了：起初，星穹列车受通缉重犯星核猎手的引导前来此地，试图解决星核危机。,content,飞霄
62,*飞霄：可凡在银河行走的，是个人都应听说过星核猎手的昭彰恶名。各位无名客为何如此相信他们的一面之词，莫非是有人沾亲带故？,content,飞霄
63,{{剧情选项,default,
64,|选项1=一切与星核有关,option,开拓者
65,|剧情1=*开拓者：除罗浮外，宇宙中还有不少遭受星核侵蚀的世界。列车之前停靠的雅利洛-VI就是其中之一。,branch_content,开拓者
66,*丹恒：对于列车而言，星核的存在会阻塞银轨，加剧跃迁风险。因此处理星核引起的麻烦，也是无名客的分内之事。,content,丹恒
67,*飞霄：唔，星核造成的那些问题我也有所耳闻，列车联结诸界，理应对此做出应对。银河破破烂烂，「开拓」缝缝补补。言之成理。,content,飞霄
68,:{{颜色|灰|我方增加一点气势值，对方减少一点气势值}},default,
69,,default,
70,|选项2=列车就是大善人,option,开拓者
71,|剧情2=*开拓者：难道列车就不能做些善事？我们这一路上帮助过的世界都快数…倒也不至于数不清，但总之，有很多很多！,branch_content,开拓者
72,*开拓者：星核猎手警告我们，如果不前往仙舟，至少会有一半罗浮住民死于非命。,content,开拓者
73,*飞霄：有心行善，值得赞赏。云骑巡猎讨魔，也秉持向善之心。虽然总有人不明事理，多加非议，但我不会质疑各位无名客的动机。,content,飞霄
74,:{{颜色|灰|我方增加一点气势值，对方减少一点气势值}},default,
75,,default,
76,|选项3=猜测你和星核猎手的关系,option,开拓者
77,|剧情3=*开拓者：你说的不错，也许我确实和星核猎手有所关联……,branch_content,开拓者
78,*飞霄：哦…这倒是有趣。,content,飞霄
79,*飞霄：看来你和星核猎手关系匪浅。但这群通缉犯形迹可疑，你这样诚实自白，我倒是欣赏，只是你得明白，这可是在往自己身上揽嫌疑喔？,content,飞霄
80,:{{颜色|灰|我方减少一点气势值，对方增加一点气势值}},default,
81,,default,
82,|选项4=谈谈艾利欧的预言,option,开拓者
83,|剧情4=*开拓者：据传，星核猎手的首领艾利欧拥有目视未来众多可能性的力量。,branch_content,开拓者
84,*开拓者：他预见仙舟和列车都将参与对抗纳努克的战争。而将我们引来解决罗浮的星核危机，正是为了实现这一预言。,content,开拓者
85,*飞霄：从报告来看，景元将军也相信了这一说辞。这倒令我好奇，为何你们对此并无质疑？,content,飞霄
86,*飞霄：难道是因为猎手中还有一位将军的{{注音|旧相识|刃}}？,content,飞霄
87,*景元：……,content,景元
88,*怀炎：天击将军请慎言。对无名客的问话不应变成同僚间的猜疑。那名星核猎手也曾是老朽的弟子，你是否也要考验我的忠诚？,content,怀炎
89,*飞霄：炎老，我说的这些正是联盟内部对景元将军的非议。只是今日他们借我之口问了出来，要不您把我的样子想像成那几个老家伙的嘴脸？,content,飞霄
90,:{{颜色|灰|我方减少一点气势值，对方增加一点气势值}},default,
91,,default,
92,|选项5=（使用谈判策略）,option,开拓者
93,|剧情5={{剧情选项,default,
94,|选项1=使用「情绪调动」,option,开拓者
95,|图标1=对话,default,
96,|剧情1=:你沉默地盯着天击将军，嘴角勾起一丝挑衅的笑意。,branch_content,
97,:飞霄微微一笑，也不动怒。,default,
98,|选项2=使用「避实就虚」,option,开拓者
99,|剧情2=:你打定主意不对这个问题发表意见。,branch_content,
100,:飞霄微微一笑，也不动怒。,default,
101,}},default,
102,}},default,
103,----,default,
104,:{{颜色|灰|第二回合}},default,
105,*飞霄：接着，报告提及「药王秘传」魁首丹枢心怀不轨，与绝灭大君勾结，动用星核复苏了建木。,content,飞霄
106,*飞霄：可丹枢不过一介丹士长，竟如此手眼通天。她勾结外敌，召来星核也就罢了，古海建木可是持明一族的领地，她是如何绕过守卫的？,content,飞霄
107,{{剧情选项,default,
108,|选项1=罗浮龙师颇为可疑,option,开拓者
109,|剧情1=*开拓者：还能为什么？显然是罗浮龙师监守自盗，抛弃了守望建木的责任，与药王秘传勾结。,branch_content,开拓者
110,*飞霄：这倒也不是没可能。但为何不是景元将军将流放许久的丹恒先生带回了罗浮，丹恒分开古海，才致使建木失控重生。,content,飞霄
111,*丹恒：我原本没有擅入仙舟的打算，只是……,content,丹恒
112,*飞霄：你既然没有擅入仙舟的打算，那为何在流放令终止前却重返仙舟？,content,飞霄
113,*丹恒：是我担心伙伴的安危，不得不擅自行动。相关罪责，应当由丹恒一人承担。,content,丹恒
114,*飞霄：丹恒先生不必紧张，若是真有罪责，这也不是你一人能担起的。,content,飞霄
115,:{{颜色|灰|我方减少一点气势值，对方增加一点气势值}},default,
116,,default,
117,|选项2=我曾见过丹枢本人,option,开拓者
118,|剧情2=*开拓者：我和丹枢有过一面之缘。她的挚友死于方壶的战争，她憎恨「巡猎」…在丹鼎司中准备多年，正是为了向仙舟复仇。,branch_content,开拓者
119,*飞霄：复仇…这同样是一种「巡猎」。但这不意味着她就有能力将星核带入持明把守的鳞渊境。,content,飞霄
120,*丹恒：这个问题应该由丹枢自己回答。,content,丹恒
121,*飞霄：可惜丹枢已死，就连尸骸也碎成了一捧飞灰。可追究的线索又少了一个。,content,飞霄
122,:{{颜色|灰|我方增加一点气势值，对方减少一点气势值}},default,
123,,default,
124,|选项3=放逐饮月君，才有今日祸患,option,开拓者
125,|剧情3=*开拓者：要不是罗浮放逐了丹恒，持明族群龙无首，化作一盘散沙，星核又怎会被神不知鬼不觉地放入建木玄根中？,branch_content,开拓者
126,*飞霄：饮月君被放逐，是他自取其咎。丹恒作为其转世之身，往罪早已一笔勾销。他为何要在流放令尚未解除时就冒险登上罗浮？,content,飞霄
127,*丹恒：我担心伙伴安危，擅自行动，确有不是。但……,content,丹恒
128,*飞霄：但你还是回来了。从结果来看，建木重生，罗浮需要一位龙尊再度编织封印，压抑祸迹。其中利害，也难免令人浮想联翩啊。,content,飞霄
129,:{{颜色|灰|我方减少一点气势值，对方增加一点气势值}},default,
130,,default,
131,|选项4=拒绝回答,option,开拓者
132,|剧情4=*开拓者：这个问题不该由我们来回答。我们只是来解决星核危机的，丹枢的阴谋细节，无名客怎么会知道啊？,branch_content,开拓者
133,*飞霄：说的不错，这才是常人的反应。这个问题就放过二位吧。,content,飞霄
134,:{{颜色|灰|我方增加一点气势值，对方减少一点气势值}},default,
135,,default,
136,|选项5=（使用谈判策略）,option,开拓者
137,|剧情5={{剧情选项,default,
138,|选项1=使用「情绪调动」,option,开拓者
139,|图标1=对话,default,
140,|剧情1=:你沉默地盯着天击将军，嘴角勾起一丝挑衅的笑意。,branch_content,
141,:飞霄微微一笑，也不动怒。,default,
142,|选项2=使用「避实就虚」,option,开拓者
143,|剧情2=:你打定主意不对这个问题发表意见。,branch_content,
144,:飞霄微微一笑，也不动怒。,default,
145,|选项3=使用「以退为进」,option,开拓者
146,|图标3=返回,default,
147,|剧情3=*开拓者：请将军允许我们重新回答您的问题。,branch_content,开拓者
148,*飞霄：不妨事，但也要记得，辩驳亦如战场，越是犹豫，便越是远离胜利。,content,飞霄
149,}},default,
150,}},default,
151,----,default,
152,:{{颜色|灰|第三回合}},default,
153,*飞霄：报告宣称，绝灭大君幻胧是阴谋的策动者。,content,飞霄
154,*飞霄：在与你们一行同路时，她以天舶司某位接渡使的身份示人，而后又蒸发得无影无踪。这祸首倒是来去自由，拿来戴罪背锅也忒方便了。,content,飞霄
155,{{剧情选项,default,
156,|选项1=太卜符玄目击了全过程,option,开拓者
157,|剧情1=*开拓者：我们与罗浮的符太卜一起行动。她也见证了幻胧露出真面目。你该不会连自己人也不信吧？,branch_content,开拓者
158,*飞霄：太卜符玄是罗浮重臣，她的证词自然可以信任。但…即便是本人亲眼所见依然有被蒙蔽的可能。祸首来去自由，又离奇蒸发，当然让人心生疑惑。,content,飞霄
159,:{{颜色|灰|我方增加一点气势值，对方减少一点气势值}},default,
160,,default,
161,|选项2=幻胧是岁阳一族,option,开拓者
162,|剧情2=*开拓者：幻胧是曾和仙舟为敌的能量生命，「岁阳」的一员。这东西变化无常，难以捉摸。,branch_content,开拓者
163,*怀炎：开拓者小朋友说的没错。这次建木重生，根须蔓延，还凿穿了罗浮的造化洪炉，误走了其中所封印的岁阳妖火。此事倒是可以作为旁证。,content,怀炎
164,*飞霄：炎老认可，我自然没有问题。,content,飞霄
165,:{{颜色|灰|我方增加一点气势值，对方减少一点气势值}},default,
166,,default,
167,|选项3=幻胧渴望建木之力,option,开拓者
168,|剧情3=*开拓者：我跟随景元将军一同与幻胧交锋。她汲取了建木的力量，生成了一具难以消灭的肉体。也许打从一开始，她就是为此而来。,branch_content,开拓者
169,*飞霄：毁灭的卒子渴望一具肉身活下去？这倒是个未曾考虑的角度。有意思。,content,飞霄
170,:{{颜色|灰|我方增加一点气势值，对方减少一点气势值}},default,
171,,default,
172,|选项4=拒绝回答,option,开拓者
173,|剧情4=*开拓者：我不知道该怎么回答将军的问题。,branch_content,开拓者
174,*丹恒：这名绝灭大君擅长操弄局势，布计令对手自灭。如今飞霄将军对罗浮内部的怀疑，恐怕也是——,content,丹恒
175,*飞霄：照你的话讲，我是连问都不能问了。问就是内斗，这托词倒是和来无影去无踪的幻胧一样好用。,content,飞霄
176,:{{颜色|灰|我方减少一点气势值，对方增加一点气势值}},default,
177,,default,
178,|选项5=（使用谈判策略）,option,开拓者
179,|剧情5={{剧情选项,default,
180,|选项1=使用「情绪调动」,option,开拓者
181,|图标1=对话,default,
182,|剧情1=:你沉默地盯着天击将军，嘴角勾起一丝挑衅的笑意。,branch_content,
183,:飞霄微微一笑，也不动怒。,default,
184,|选项2=使用「避实就虚」,option,开拓者
185,|剧情2=:你打定主意不对这个问题发表意见。,branch_content,
186,:飞霄微微一笑，也不动怒。,default,
187,|选项3=使用「以退为进」,option,开拓者
188,|图标3=返回,default,
189,|剧情3=*开拓者：请将军允许我们重新回答您的问题。,branch_content,开拓者
190,*飞霄：不妨事，但也要记得，辩驳亦如战场，越是犹豫，便越是远离胜利。,content,飞霄
191,}},default,
192,}},default,
193,----,default,
194,{{剧情选项,default,
195,|选项1=（辩论成功）,option,开拓者
196,|剧情1=*飞霄：很好，从各位的回答来看，这些问题都能有所解释。,branch_content,飞霄
197,|选项2=（辩论失败）,option,开拓者
198,|剧情2=*飞霄：看来关于无名客如何涉入这场建木灾异的细节…各位仍有一些无法自圆其说的地方啊。,branch_content,飞霄
199,}},default,
200,*飞霄：两位将军，我的问话就到此为止了。,content,飞霄
201,*怀炎：那么，飞霄将军觉得如何？报告中的诸多疑点，是否得到了解释？,content,怀炎
202,*飞霄：两位无名客的回答倒是颇为坦诚，就算其中有些难以解释的细节，但以我的直觉看来，倒也没什么不妥。,content,飞霄
203,*飞霄：不过我方才所提到的三个问题，不仅仅是在向这两位无名客发问，也是在向景元将军传递某种声音——,content,飞霄
204,*飞霄：其一，药王秘传在罗浮内部不断壮大，六御却无所察觉，任其滋长，是为「失职」。,content,飞霄
205,*飞霄：其二，对星核猎手的说辞信之不疑，又将解决危机的重责交托外人，任其触及寿瘟祸迹，是为「失责」。,content,飞霄
206,*飞霄：其三，于建木灾异之后，一意举行演武仪典，将罗浮再度置于寰宇焦点，是为「失智」。,content,飞霄
207,*怀炎：天击将军，这是你的意思…还是「十王」的意思？,content,怀炎
208,*飞霄：我想，打从进殿起我就说了，{{颜色|描述1|我所问的未必是我认为的}}。,content,飞霄
209,*景元：…药王秘传的势力盘根错节，潜谋已久。景元失察，确有疏失。,content,景元
210,*景元：星核猎手的预言，我倒也未必全信。但在见招拆招之间，罗浮已从建木灾异中得以保全，可见艾利欧对未来的预言，亦有可观之处。,content,景元
211,*景元：至于演武仪典…景元岂会不知道开门揖盗的风险？不过风险亦是转机，罗浮这潭池水沉寂久了，也是时候该搅和搅和，让沉渣泛起，激浊扬清了。,content,景元
212,*飞霄：神策将军不愧是文化人，几句话赶得上一本仙舟成语大全了，我喜欢。,content,飞霄
213,*飞霄：但很遗憾，自报告上呈之日起，联盟内就充斥着流言和臆测。就连罗浮内部也有人参本上奏，指责将军疏怠职守，放任建木重生。,content,飞霄
214,*景元：那么，飞霄将军又是怎么想的？,content,景元
215,*飞霄：你我同为天将，自然都清楚坐这把交椅的难处。,content,飞霄
216,*飞霄：在我看来，这些统统是蚊蝇无意义的嗡鸣。相隔星海，罗浮上所发生的事，唯有神策将军最清楚其危机和背后隐含的意义……,content,飞霄
217,*飞霄：…正如曜青仙舟最近所遭遇的情况。,content,飞霄
218,*景元：你是说，曜青仙舟也…？,content,景元
219,*飞霄：青丘军的斥候回报，步离人又开始蠢蠢欲动了。原本一盘散沙的步离猎群，开始彼此攻伐，互相吞并，结成更大的猎群。在他们的背后，有个叫「蟒古思」的东西在指引他们。,content,飞霄
220,*怀炎：东西？,content,怀炎
221,*飞霄：斥候送来的情报说，那东西…不是步离人。那是一个自诩「长生主使者」的女人，「十二重面目，十二对獠牙，残酷如猛毒，变化如流沙」。步离人相信她将为他们带来重新崛起的机会。,content,飞霄
222,*景元：是幻胧。,content,景元
223,*飞霄：不错。,content,飞霄
224,*飞霄：幸好此行是我前来，若是换做{{注音|尘冥将军|有无}}或是{{注音|戎韬将军|爻光}}，这场问话或许就不会这么友善了。,content,飞霄
225,*飞霄：我向来相信直觉，自然不会怀疑各位光明磊落的侠士。但眼下罗浮面对的质疑难关也确凿无疑。因此我打算确保最关键的一点，给联盟一个交代。,content,飞霄
226,*景元：飞霄将军打算怎么做？,content,景元
227,*飞霄：景元将军心知肚明。只是你不愿做这坏人，那便由我代劳——建木一事仍需要十王司一锤定音，压服众声。,content,飞霄
228,*飞霄：为此，我要委屈两位无名客前往幽囚狱一趟。,content,飞霄
229,{{剧情选项|选项1=你要扣留我们？}},default,
230,*飞霄：不是扣留。我会申请十王司「问字部」的判官以业镜台为诸位留下一份详细证言，补上报告所缺，也是为了堵上联盟内抗议的嘴巴。,content,飞霄
231,*丹恒：…我没有问题。,content,丹恒
232,{{剧情选项,default,
233,|选项1=我也一样。,option,开拓者
234,|剧情1=*怀炎：好！年轻人心肠滚热，如此体贴，老朽感动得眼泪都掉下来了。,branch_content,怀炎
235,|选项2=我有异议！,option,开拓者
236,|剧情2=*飞霄：你担心我出尔反尔，将你们扣在幽囚狱里？那大可不必…我要是想做早就做了。一旦完成证言，诸位来去自由，礼遇如常。,branch_content,飞霄
237,|选项3=还放咱们回来吗…？,option,开拓者
238,|剧情3=*飞霄：你担心我出尔反尔，将你们扣在幽囚狱里？那大可不必…我要是想做早就做了。一旦完成证言，诸位来去自由，礼遇如常。,branch_content,飞霄
239,}},default,
240,*景元：那就依天击将军所请——,content,景元
241,*飞霄：此外，我来罗浮还有一桩要务。如果说十王司盖上大印的证言是为压服联盟高层里反对的声音。那么曜青仙舟狐人内部的声音要恳请景元将军听听。,content,飞霄
242,*景元：天击将军是为「呼雷」而来？,content,景元
243,*飞霄：正是。我要带走关押在罗浮幽囚狱中的步离人巢父「呼雷」，移交曜青仙舟看管。步离人近日的动向足以证明他们将有大图谋。我们必须及早因应。,content,飞霄
244,*景元：呼雷是狐族世仇，由狐人镇压看守也合情合理。飞霄将军信任罗浮的处置，罗浮自然也对将军的处置报以信任。炎老认为如何？,content,景元
245,*怀炎：老朽本来担心这是一场唇枪舌剑的会面。是我多心了！两位既然都做出决定，互解难题，那真是再好不过！,content,怀炎
246,*飞霄：移交呼雷一事，我会派遣下属椒丘、貊泽先行对其囚牢状况进行探视，以便后续展开押解。若无其他疑问，这就开始吧？,content,飞霄
247,{{折叠|标题=额外对话（怀炎）|内容=,default,
248,*怀炎：化干戈为玉帛，确是好事。,content,怀炎
249,|折叠=是}},default,
250,{{折叠|标题=额外对话（飞霄）|内容=,default,
251,:飞霄打量了你一眼，尽管没有任何理由，你仍然感到她以看到对手的眼光对你上下打量。,default,
252,*飞霄：你相信星核猎手的预言？,content,飞霄
253,{{剧情选项,default,
254,|选项1=我相信,option,开拓者
255,|剧情1=*开拓者：我相信。所以我来了。,branch_content,开拓者
256,|选项2=我不相信,option,开拓者
257,|剧情2=*开拓者：我不相信。所以我来了，为了证明他看到的命运不存在。,branch_content,开拓者
258,|选项3=我不知道,option,开拓者
259,|剧情3=*开拓者：仙舟的穷观阵也能预卜未来…你相信它预言的未来吗？,branch_content,开拓者
260,}},default,
261,*飞霄：…我明白了。,content,飞霄
262,{{剧情选项,default,
263,|选项1=你真的相信我们吗？,option,开拓者
264,|剧情1=:飞霄点了点头。,branch_content,
265,*飞霄：语言可以掩饰，但你说话时的目光，呼吸节奏，还有气息都在代你开口。,content,飞霄
266,*飞霄：比起别人说什么，我更相信自己的直觉。,content,飞霄
267,|选项2=你在看什么？,option,开拓者
268,|剧情2=*飞霄：你果然像怀炎说的那般，是个特别的存在。,branch_content,飞霄
269,*飞霄：但愿你行在与帝弓为友的道路上。,content,飞霄
270,}},default,
271,:{{颜色|灰|再次对话}},default,
272,*飞霄：你果然像怀炎说的那般，是个特别的存在。,content,飞霄
273,*飞霄：但愿你行在与帝弓为友的道路上。,content,飞霄
274,|折叠=是}},default,
275,,default,
276,=== 前往幽囚狱入口 ===,default,
277,*景元：实在抱歉，开拓者。幽囚狱中的笔录不会占用你们太长时间。,content,景元
278,*景元：我会召来接引者，带两位送往十王司问字部判官处，两位只需留下证言即可返回，不必担忧。,content,景元
279,*丹恒：就依将军所言。,content,丹恒
280,{{剧情选项,default,
281,|选项1=这就出发吧。,option,开拓者
282,|选项2=能再等等吗？,option,开拓者
283,|图标2=退出,default,
284,}},default,
285,----,default,
286,{{任务描述|按照飞霄的要求，你们踏入幽囚狱留下证词。而她派出的曜青信使将自罗浮仙舟接走关押在此许久的步离人首领，呼雷。|仙舟「罗浮」-鳞渊境}},default,
287,:{{颜色|描述|一段时间后，一艘星槎将你和丹恒载至一处看起来颇为熟悉的地方……}},default,
288,*接引使者：奉景元将军呼召，我等开启入口，备妥文书，在此接引。问字部判官也已知晓两位来意。,content,接引使者
289,----,default,
290,*丹恒：幽囚狱…时隔多年，没想到再次回到了这里。,content,丹恒
291,*开拓者：丹恒……,content,开拓者
292,*丹恒：不必担心我。,content,丹恒
293,*接引使者：若两位已经准备好了，我便打开狱门。,content,接引使者
294,{{剧情选项,default,
295,|选项1=这儿是幽囚狱的入口？,option,开拓者
296,|剧情1=*接引使者：此处是幽囚狱众多临时便于出入的穴门之一。两位并非犯人，自不能循押解犯人的门入内。客人，请入内。,branch_content,接引使者
297,|选项2=等等，幽囚狱也在鳞渊境里？,option,开拓者
298,|剧情2=*接引使者：严格说来，幽囚狱同处于多个洞天之中，古海不过是与其交叠的一处。客人，请入内。,branch_content,接引使者
299,|选项3=踏进去，里面便是幽囚狱？,option,开拓者
300,|剧情3=*接引使者：正是。客人，请入内。,branch_content,接引使者
301,}},default,
302,,default,
303,=== 与使者对话进入幽囚狱 ===,default,
304,{{剧情选项,default,
305,|选项1=我们准备好了，有劳。,option,开拓者
306,|选项2=请再等等。,option,开拓者
307,|图标2=退出,default,
308,}},default,
309,,default,
310,=== 前往幽囚狱的望楼 ===,default,
311,:{{颜色|灰|与此同时，先到幽囚狱一步的貊泽与椒丘两人…}},default,
312,*貊泽：你在看什么？,content,貊泽
313,*椒丘：罗浮的幽囚狱…与曜青截然不同，竟是被压在水下的。,content,椒丘
314,*貊泽：不管是在天上还是水底，要逃出去都易如反掌。,content,貊泽
315,*椒丘：小子，越狱的老毛病又犯了？别打量了，你现在已是自由之身。万一教判官们发现你有什么不轨企图，高低把你抓进去关个几百年。,content,椒丘
316,*貊泽：用不了几天，你就会再见到我的。,content,貊泽
317,*椒丘：押解呼雷返回曜青，此事不仅对曜青狐人关系重大，对将军也极为重要，留神了。,content,椒丘
318,*雪衣：两位，吾名唤雪衣，奉十王司锁字部通令在此候命。,content,雪衣
319,*椒丘：椒丘、貊泽奉天击将军飞霄之命，前来引渡步离人重犯「呼雷」前往曜青。,content,椒丘
320,*椒丘：此次前来是为探视其关押状况，为后续交接押送事宜预先准备。判官大人想必已收到了知会。,content,椒丘
321,*雪衣：探视的申请已有批复。吾将是此行的引路人。,content,雪衣
322,----,default,
323,*雪衣：罪囚呼雷，乃丰饶孽物步离人之战首、巢父，狐人之大敌。其人需为先后两千一百二十三场侵略战争及其连带罪行负责。,content,雪衣
324,*雪衣：以其凶残暴戾，所造杀孽不可胜纪，判入幽囚狱底，受无间剑树之刑直至天地荒灭，永无宽赦……,content,雪衣
325,*椒丘：判官大人，这判书上的文字就不必念了吧。呼雷其人是我狐族的天敌宿仇，他干下的暴行，可是曜青父母拿来止小儿夜啼的素材，每一桩我都清清楚楚。咱们快进到下一步吧。,content,椒丘
326,*雪衣：探视重犯，每条规矩都关乎汝等安危。,content,雪衣
327,*雪衣：就算两位曜青使者自幼耳闻呼雷的传说，但对他的所知依旧少得可怜。唯有十王司判官才清楚，幽囚狱底下关押的到底是一头什么样的孽物。,content,雪衣
328,*雪衣：自罗浮前任剑首镜流俘获呼雷已来，数百年过去了，幽囚狱从未允许呼雷进食给养。但即便馁饿至今，他依旧活着。这和记录在案的步离人生理完全不符。,content,雪衣
329,*雪衣：刑字部所造的无间剑树，本是对罪行累累的孽物施加痛苦业报的处决刑具。大部分步离人在受剑树刑后熬不过三日。但这妖物不同，剑片穿刺，即刻复原。受刑至今，他也依旧活着。,content,雪衣
330,*雪衣：这头恶兽的种种妖异之处，便是所有规矩存在的意义。话说到这儿，两位明白了吗？,content,雪衣
331,*椒丘：是椒丘冒犯了…请大人继续。,content,椒丘
332,*雪衣：关于呼雷的探视禁忌事宜，吾已交付二位，{{颜色|描述1|请认真阅读}}。,content,雪衣
333,{{折叠|标题=呼雷探视注意事项|内容=,default,
334,<b>罪囚：呼雷</b><br>,content,罪囚
335,<br>,default,
336,所涉罪行概述：<br>,content,所涉罪行概述
337,丰饶民「步离人」之战首，为多场侵略战争及连带战争罪行负责。长久奴役狐人，以其血炼药。<br>,default,
338,<br>,default,
339,羁押方式：<br>,content,羁押方式
340,应受无间剑树之刑，永不宽赦；定期转移关押地点，并在移送交接流程中确保枷锁完好生效，确保移送囚室的空气滤芯完好生效。<br>,default,
341,<br>,default,
342,备注：<br>,content,备注
343,其一，该罪囚乃仙舟与狐族盟誓之根基，任何对其判罚的异议，应以「离间盟契」论处。<br>,default,
344,其二，与之接触、交谈需预先服用丹药，或佩戴装有滤芯的呼吸面具，以免受狼毒影响。<br>,default,
345,其三，以年为周期更换羁押地点，羁押地址不应由任何云骑骁卫及判官以下官阶的人知晓。<br>,default,
346,其四，避免在与该犯人的交谈中提及「镜流」。,default,
347,|折叠=是}},default,
348,*雪衣：还有，去往下一层之前，务必要吃下这丸丹药。,content,雪衣
349,*貊泽：来历不明的药，我是不会吃的。,content,貊泽
350,*雪衣：那汝等就无法进入底层探视。,content,雪衣
351,*椒丘：吃了吧。呼雷这厮和所有步离人一样，能释放名唤「狼毒」的信息素，唤起内心的恐惧。,content,椒丘
352,*椒丘：数千年前，我族受步离人长久奴役，无力反抗。不是因为狐人天然低他们一等，原因就在这个。判官大人的药可是为咱们俩的心理健康着想呢。,content,椒丘
353,*貊泽：明白了。,content,貊泽
354,*椒丘：我就知道你是个通情达理的人。药我们已咽下了，走吧。,content,椒丘
355,----,default,
356,:{{颜色|灰|雪衣一行人前往底层…}},default,
357,:{{颜色|灰|…椒丘似乎又从空气中嗅出了什么…}},default,
358,*椒丘：……,content,椒丘
359,*椒丘：判官大人……,content,椒丘
360,*雪衣：怎么？,content,雪衣
361,*椒丘：不，没事，也许是我的错觉…咱们走吧。,content,椒丘
362,----,default,
363,:{{颜色|灰|你与丹恒到达了望楼…}},default,
364,*接引使者：我们到了。,content,接引使者
365,*接引使者：判官尚未抵达，两位请稍作等待。,content,接引使者
366,,default,
367,=== 在附近逛逛，等待接引判官到来 ===,default,
368,{{折叠|标题=额外对话（丹恒）|内容=,default,
369,*丹恒：这里…还是和过去一样冷。,content,丹恒
370,{{剧情选项,default,
371,|选项1=你还好吗，丹恒？,option,开拓者
372,|剧情1=*丹恒：抱歉，记起了一些不快的回忆。,branch_content,丹恒
373,{{剧情选项,default,
374,|选项1=等完成证言，我们就离开仙舟。,option,开拓者
375,|选项2=就算没法逃离过去，你有我们。,option,开拓者
376,}},default,
377,*丹恒：谢谢你，开拓者。都是因为我的缘故，才会将你们卷入仙舟一系列事件中。你本不应该看到幽囚狱里的景色…真是抱歉。,content,丹恒
378,*丹恒：要是有机会，我希望能以更好的方式带你们游历罗浮的景色。,content,丹恒
379,:丹恒轻轻拍了拍你的手。,default,
380,|选项2=为什么不在幽囚狱外问话？,option,开拓者
381,|剧情2=*丹恒：在仙舟上的其他地方，也许六御更有权威。但在幽囚狱里，十王司的判官却是至高无上的。,branch_content,丹恒
382,*丹恒：判官折狱，会借助「业镜台」之类的复杂审讯系统。那东西会在每一次问答时，如同透镜般解读受审者身体的变化与信号，留下存证。,content,丹恒
383,*丹恒：经由此处做出的审断，足以令其他仙舟的管理者信服…至少他们不会妄加推翻。这也是飞霄执意需要我们来此的缘故吧。,content,丹恒
384,|图标1=对话,default,
385,|图标2=对话,default,
386,|选项3=判官没来，我到处逛逛。,option,开拓者
387,|剧情3=*丹恒：好，但是别乱跑，这儿不比别的地方。,branch_content,丹恒
388,}},default,
389,|折叠=是}},default,
390,----,default,
391,:{{颜色|灰|从栏杆处向下望去…}},default,
392,:向下望去，无数监狱囚室如同蜂巢般密密麻麻展开，没入视线不可及的黑暗。,default,
393,:你暗暗猜测这里究竟能关押多少犯人？三千？三万？三十万……？也许这里只是幽囚狱系统小小的一角。,default,
394,----,default,
395,:{{颜色|灰|调查玉兆…}},default,
396,:此处的玉兆散发着奇异的光辉，不知演算着何物。也许是囚室的状态，也许是各处的安全状况……,default,
397,----,default,
398,:{{颜色|灰|调查屏幕…}},default,
399,:你注意到鳞渊境的幽囚狱建造在古海之下，是不断向下延展的柱状结构。冥差们在这块屏幕前管理着不同囚室、不同囚犯的实时信息。,default,
400,----,default,
401,:{{颜色|灰|负责问话的判官到了…}},default,
402,*寒鸦：列车的客人，久等了。问字部判官寒鸦见过两位。,content,寒鸦
403,{{剧情选项,default,
404,|选项1=寒鸦小姐？,option,开拓者
405,|剧情1=*寒鸦：又见面了，开拓者。,branch_content,寒鸦
406,|选项2=怎么是你？,option,开拓者
407,|剧情2=*寒鸦：寒鸦身为问字部判官，将会接手此次证言记录。,branch_content,寒鸦
408,|选项3=判官就你们姐妹俩是吧？,option,开拓者
409,|剧情3=*寒鸦：怎么，开拓者不想见到我？也罢，我可以唤来擅用针灸的判官，精通斧锯的判官，又或是长于鞭索的判官来问话…多种选择，必有一款适合您。,branch_content,寒鸦
410,*寒鸦：开个小玩笑。判官执勤轮流周转，开拓者只是刚巧碰上了我，可见我俩冥冥中有些缘分。,content,寒鸦
411,}},default,
412,*寒鸦：此前{{注音|绥园伏魔|镇伏岁阳}}一事，真是有劳您奔波了，容寒鸦再度致谢。,content,寒鸦
413,*丹恒：看来在我和三月七不知不觉的时候，你已经在罗浮仙舟上颇有人缘了啊。,content,丹恒
414,{{剧情选项,default,
415,|选项1=都是机缘巧合，机缘巧合。,option,开拓者
416,|选项2=毕竟在家靠帕姆，出外靠朋友。,option,开拓者
417,}},default,
418,*寒鸦：虽说开拓者与我有一面之缘，但十王御下，不容徇私。前往「录事厅」留下证言以及之后的一切流程，请两位务必听我号令，不得擅自行动。,content,寒鸦
419,*寒鸦：此处不是阳世凡人久待之地。丹恒先生，开拓者，随我来。,content,寒鸦
420,*丹恒：请判官为我们引路。,content,丹恒
421,*寒鸦：待我启动机关，各位再向前走，务必小心脚下。,content,寒鸦
422,{{折叠|标题=额外对话（寒鸦）|内容=,default,
423,*寒鸦：这一路行去，各位一定要留神自己的落脚处。,content,寒鸦
424,*寒鸦：幽囚狱内地势险怪，稍有不慎便会坠入深处。运气要是背些，只怕在救援赶到前，会被冻入幽邃坚冰里，又或是被焦炎烧成炭烬。,content,寒鸦
425,*开拓者：噫……,content,开拓者
426,*寒鸦：不过以两位的身手我想不必担心。,content,寒鸦
427,{{剧情选项,default,
428,|选项1=这儿不会有十八层吧？,option,开拓者
429,|剧情1=*寒鸦：开拓者说笑了，幽囚狱各处山重水复，层层相叠。还请来了持明的龙脉巧匠，用尽了洞天之术的奇巧。两位肉眼所见的只是幽囚狱的一部分。,branch_content,寒鸦
430,{{剧情选项|选项1=真的吗，丹恒？}},default,
431,*丹恒：也许吧，从外观看，这座幽囚狱的许多建筑都留有持明的制式…也许在古早之前，持明确实参与营建了此处。,content,丹恒
432,*寒鸦：要问此处到底有多少层？让两位见笑了，即便身为判官的我也不知道。,content,寒鸦
433,*寒鸦：不过判官之间流传，有短生种犯人试图逃脱，却不慎坠下…当我们寻到他时，他已是个垂垂老者了……,content,寒鸦
434,*寒鸦：如此想来，他究竟是在下落中度过了一生的时间，还是被某些长生种犯人吸食精气变老？这就不得而知了。总之，两位可不要轻易尝试啊。,content,寒鸦
435,|选项2=怎么不好好施工？,option,开拓者
436,|剧情2=*寒鸦：开拓者说笑了，幽囚狱各处山穷水复，层层相叠。还请来了持明的龙脉巧匠，用尽了洞天之术的奇巧。两位肉眼所见的只是幽囚狱的一部分。,branch_content,寒鸦
437,{{剧情选项|选项1=真的吗，丹恒？}},default,
438,*丹恒：也许吧，从外观看，这座幽囚狱的许多建筑都留有持明的制式…也许在古早之前，持明确实参与营建了此处。,content,丹恒
439,*寒鸦：只不过幽囚狱的路既是为十王司人员所设的通道，也是为犯人所设的障碍。,content,寒鸦
440,*寒鸦：此地关押的多是些大奸大恶，触犯仙舟律条的犯人。这班人中又以步离、慧骃、{{注音|羽夷|造翼者}}之类的丰饶孽物居多。这些丰饶民，说句不妥帖的，各个身怀绝技…谋划脱狱之事时有发生。,content,寒鸦
441,*寒鸦：只消能为他们逃离此处多增添一份困难，这些艰难道路对咱们十王司的人来说算得了什么。,content,寒鸦
442,}},default,
443,*寒鸦：两位这边走。,content,寒鸦
444,|折叠=是}},default,
445,,default,
446,=== 穿过换境画屏，前往幽囚狱深处 ===,default,
447,,default,
448,=== 乘坐悬梯 ===,default,
449,{{折叠|标题=试图离开寒鸦指定的路线|内容=,default,
450,:寒鸦拦住了你的去路。她身负要务，必须确保你一路所至之处由她决定。,default,
451,|折叠=是}},default,
452,{{折叠|标题=额外对话（寒鸦）|内容=,default,
453,*寒鸦：听闻阳世即将召开演武仪典。寒鸦犹记得自己小时候曾与姐姐观赏过其中一场剑斗。,content,寒鸦
454,*寒鸦：为罗浮守擂的云骑剑士英武非凡，剑光如电。异邦的挑战者一头火发，一只手竟是镔铁铸成，拳锋如雷。两人相斗良久，难分胜负。,content,寒鸦
455,*寒鸦：一眨眼，时间已经过去了这么久。寒鸦和姐姐都成了冥世之身，再不会为什么比赛激动雀跃了。,content,寒鸦
456,*寒鸦：开拓者，这一回演武仪典，星槎海的人流多吗？,content,寒鸦
457,{{剧情选项,default,
458,|选项1=熙熙攘攘，看不到边。,option,开拓者
459,|剧情1=*寒鸦：真好啊。可惜寒鸦公务繁忙，不能观赏赛事…以我如今的样貌，去了只怕也会吓到旁人。,branch_content,寒鸦
460,|选项2=咱们不上电梯吗？,option,开拓者
461,|剧情2=*寒鸦：对不起，是我走神了。,branch_content,寒鸦
462,}},default,
463,*寒鸦：咱们走吧。,content,寒鸦
464,|折叠=是}},default,
465,:{{颜色|灰|前往阴寒狱层}},default,
466,,default,
467,=== 跟随寒鸦指引 ===,default,
468,*开拓者：…好冷。,content,开拓者
469,*寒鸦：此处引来极境洞天北号峰的寒气。,content,寒鸦
470,*寒鸦：饶是生命力顽强的长生种也抵受不住。,content,寒鸦
471,----,default,
472,*寒鸦：嗯？两位听见什么响动了吗？,content,寒鸦
473,*寒鸦：让我看看怎么回事。,content,寒鸦
474,,default,
475,=== 调查奇异响动的源头 ===,default,
476,{{任务描述|按照飞霄的要求，你们踏入幽囚狱留下证词。而她派出的曜青信使将自罗浮仙舟接走关押在此许久的步离人首领，呼雷。<br>深入幽囚狱中，你们渐渐察觉到个中之事的诡谲。|仙舟「罗浮」-幽囚狱}},default,
477,*寒鸦：箱笼堆叠，真是碍眼。,content,寒鸦
478,----,default,
479,*丹恒：这些箱子…看起来有些眼熟。,content,丹恒
480,*寒鸦：前些日子冥差收到传唤，说是公司的运输船遭受了步离人袭击。随后一大群孽畜便被丢进了这里。,content,寒鸦
481,*寒鸦：想来演武仪典召开，总有不轨之徒蠢蠢欲动。只是货物与劫匪一同被扔进监狱的事情，我倒是从没见过。,content,寒鸦
482,{{剧情选项,default,
483,|选项1=那些箱子里的机甲可不好惹。,option,开拓者
484,|选项2=公司似乎招惹了步离人…,option,开拓者
485,}},default,
486,*寒鸦：我听说啦，博识学会的人似乎造出了某种危险的东西。因果殿的卷宗中有不少关于这些智叟的记录，他们为了突破机巧技术的极限，总喜欢涉足禁忌研究。,content,寒鸦
487,*寒鸦：我见过箱中的机甲，造型与步离人颇为近似。真不知道这回他们打算做什么？,content,寒鸦
488,*寒鸦：正事要紧，我们走吧。,content,寒鸦
489,----,default,
490,{{折叠|标题=过场动画|内容=,default,
491,*寒鸦：奇怪,content,寒鸦
492,*寒鸦：我印象中并未对收容物进行二次检查……,content,寒鸦
493,:{{颜色|灰|正要离去之际，寒鸦发现了异样…}},default,
494,*丹恒：小心！,content,丹恒
495,:{{颜色|灰|货箱中的不再是公司机甲，而是幽府武弁}},default,
496,:{{颜色|灰|已被启动的公司机甲从天而降袭击了你们}},default,
497,*寒鸦：情况紧急，武弁听令！速来支援！,content,寒鸦
498,*寒鸦：情况紧急，武弁听令！速来支援！,content,寒鸦
499,:{{颜色|灰|寒鸦试图呼叫支援，却无人应答…}},default,
500,|折叠=否}},default,
501,:{{颜色|灰|进入战斗}},default,
502,*寒鸦：怎么回事？这些东西为何动起来了？,content,寒鸦
503,*寒鸦：不对劲，守卫们毫无回应…,content,寒鸦
504,*寒鸦：这东西…发起狂来和步离人一样。,content,寒鸦
505,*丹恒：看来，我们得自救了。,content,丹恒
506,:{{颜色|灰|获得胜利}},default,
507,*寒鸦：这怎么可能，冥差们已经按照规程切断了箱子里机器的动力，还在箱子之外施加了封印。为何这些机甲还能行动？,content,寒鸦
508,*丹恒：和当时在工造司里的情况一样，这些货物仿佛失去了控制一般攻击在场所有人。,content,丹恒
509,{{剧情选项,default,
510,|选项1=灵砂说机甲内有生物组织。,option,开拓者
511,|剧情1=*丹恒：丹鼎司的人检查过机甲，这东西内部隐含着非同一般的结构。,branch_content,丹恒
512,|选项2=冥差呢？为什么没人增援？,option,开拓者
513,|剧情2=*寒鸦：从刚才开始，似乎有某种东西在干扰幽囚狱内的通讯。,branch_content,寒鸦
514,*丹恒：说不定正是这些机甲干的好事。,content,丹恒
515,}},default,
516,*丹恒：这样危险的东西出现在幽囚狱里，唯一的目的就是——,content,丹恒
517,*寒鸦：劫狱。,content,寒鸦
518,*丹恒：而送来这些「货物」的人，显然希望仙舟严格的审核流程能将它的危险暴露在天舶司和云骑的眼前。他们想确保的是它一定会被送入幽囚狱。,content,丹恒
519,*寒鸦：如果在所有人无法察觉的时候，这些东西已经开始行动。那整座监狱现在的状况就非常危险了。,content,寒鸦
520,*寒鸦：更危险的是，除两位之外，刚才还有一队来访者进入了幽囚狱深处——曜青仙舟的使者。,content,寒鸦
521,*寒鸦：他们探访的对象…也许就是这些狼形机甲被送入此地的目标。若是让镇压在底部的那头恶兽逃了出来…恐怕罗浮仙舟也将有大灾难！,content,寒鸦
522,,default,
523,=== 验证身份，打开幽狱通路 ===,default,
524,{{提示消息|黄色|'''正在切换至【椒丘】视角…'''<br>受曜青将军所遣，椒丘与貊泽踏入幽囚狱探视关押在此的步离人战首呼雷……}},default,
525,:{{颜色|描述|片刻之前，雪衣已引领曜青使者来到幽狱之底。}},default,
526,*雪衣：到了。,content,雪衣
527,*椒丘：判官大人，这便到了吗？,content,椒丘
528,*椒丘：这儿可没什么囚笼啊？,content,椒丘
529,*雪衣：犯尽十恶，大逆不道的罪人都被镇于幽狱之底，以单独的洞天囚禁。若无谕令，等闲不会开启。,content,雪衣
530,*雪衣：「青鸟开道，冥灯照路」。助我点亮这些灯座，通往幽狱之底的前路自会显现。,content,雪衣
531,{{折叠|标题=额外对话（貊泽)|内容=,default,
532,:你看向貊泽，他微微摇头，示意你现在实在不是个插科打诨的好时机。,default,
533,:不知是否是幽囚狱的气氛过于沉肃压抑，教他连开口说话的兴致也欠奉。,default,
534,|折叠=是}},default,
535,----,default,
536,{{折叠|标题=站在底层看向威灵丑面|内容=,default,
537,:巨大的威灵丑面凶恶地瞪视着你，仿佛在警告你行止戒慎。,default,
538,:它们的目光交汇处，有一个黑黢黢的空洞，不知作何之用？,default,
539,|折叠=是}},default,
540,*雪衣：点灯所需的图示吾已交给你了。看看吧。,content,雪衣
541,:{{颜色|灰|按照冥灯开路指引点亮冥灯}},default,
542,{{折叠|标题=查看「断狱轮钥」|内容=,default,
543,:形如撑天巨柱的「钥匙」贯入「锁孔」中，开启通往镇伏凶犯的幽狱之底。,default,
544,:这便是「断狱轮钥」，负责把守重刑犯的最终门关。,default,
545,|折叠=是}},default,
546,,default,
547,=== 跟随雪衣，前往幽狱之底 ===,default,
548,*雪衣：两位，路已开启。一旦下到幽狱之底，绝不要轻举妄动。,content,雪衣
549,----,default,
550,:{{颜色|灰|来到关押呼雷的大门前…}},default,
551,*雪衣：在这扇门后的洞天里，关押的便是狐人的大敌，呼雷。,content,雪衣
552,*门后的声音：呃啊啊啊啊啊——,content,门后的声音
553,*雪衣：依循常例，曜青使节每百年一次抵达罗浮仙舟，确认这头孽物的关押事宜与其生死状况。,content,雪衣
554,*雪衣：尽管十王司判处呼雷受无间剑树之刑，令其日日苦楚，万世不休。但吾很明白，曜青使者们最想看到的是呼雷咽气的死状……,content,雪衣
555,*雪衣：可惜，这七百年来他们全都失望而归了，那是头杀不死的恶兽。,content,雪衣
556,*椒丘：世间至毒若能入药，换回一条无辜的生命，也或许能稍稍抵偿他所犯下的累累血罪了。,content,椒丘
557,*椒丘：治愈将军的法子，会是你吗，呼雷？,content,椒丘
558,*？？？：这一次，曜青的使节也将失望而归。但我和我的兄弟们就不同了……,content,
559,*雪衣：谁？！,content,雪衣
560,*？？？：在下是「犀犬猎群」一介小小的策问官，你可以叫我…末度。,content,
561,*雪衣：武弁！底层遭到入侵，速速增援！,content,雪衣
562,*末度：在幽狱之底，没人能听见诸位的呼喊。,content,末度
563,*末度：多谢你替我们打开了囚牢，判官。剩下的事情，交给我们就好。,content,末度
564,*椒丘：难怪我始终嗅到一股熟悉的兽臭味，原来这不是我的错觉啊。貊泽，动手！,content,椒丘
565,*雪衣：两位，绝不能让这些孽物靠近！,content,雪衣
566,:{{颜色|灰|进入战斗}},default,
567,*雪衣：可恶，这些孽物人数太多了。,content,雪衣
568,*末度：一旦进入幽囚狱，可用之「兵」到处都是。,content,末度
569,*末度：我奉劝诸位及早投降。,content,末度
570,*末度：当然，我绝不会留各位性命。,content,末度
571,*末度：…至少这样省去了无谓的痛苦。,content,末度
572,*雪衣：口出狂言！受死吧！,content,雪衣
573,*椒丘：貊泽，找机会离开。,content,椒丘
574,*貊泽：…还没到这时候。,content,貊泽
575,:{{颜色|灰|获得胜利}},default,
576,{{折叠|标题=过场动画|内容=,default,
577,*雪衣：守住门关，绝不能放他们进去！,content,雪衣
578,:{{颜色|描述|貊泽试图阻止大门打开，但失败了…}},default,
579,*椒丘：快走！,content,椒丘
580,:{{颜色|描述|雪衣试图阻止呼雷离开囚牢，也失败了…}},default,
581,*呼雷：我等了…太久了……,content,呼雷
582,*呼雷：重获自由的第一餐…竟是同胞的血肉，实在令人悲伤。,content,呼雷
583,*末度：久违了，战首。我们来迎你归巢。,content,末度
584,|折叠=否}},default,
585,*呼雷：距离上次狩猎，{{注音|青丘究竟旋转了多少次|究竟过去了多少年}}？{{注音|都蓝的崽子|步离人的血裔}}！告诉我你的名字！,content,呼雷
586,*末度：伟大的呼雷汗，狐人之敌，众生的猎者。我只是犀犬猎群中一个小小的策问官，也许曾是您血脉中产下的最微不足道的子嗣之一。我名{{注音|末度|Mok Tok}}。,content,末度
587,*末度：距离您上次率领我族驰骋星海的猎场，已经过去…至少七百年时间了。看到您依旧如过去般狡猾机敏，我无限欢欣。,content,末度
588,*呼雷：七百年…七百年过去了，都蓝的崽子为什么长成了你这般模样？回答我，末度，为什么你长成了我们最可鄙的奴隶和敌人——狐人的模样？,content,呼雷
589,*末度：我受命前来，将您从可憎的囚牢中释放。这是{{注音|Sain Jiyaa|命运}}注定如此。为此，我不得不服下魔药，披上{{注音|贱畜|狐人}}的{{注音|皮|形貌}}，用伪装来应对他们的虚伪。,content,末度
590,*呼雷：既然你有逃离的计划，那么说说，接下来该怎么做才能离开这艘大到没边的天船？,content,呼雷
591,*末度：我和弟兄们会封死这座监狱的门关，把狱卒闷死在里面。这样我们能暂时得到喘息的时间。,content,末度
592,*末度：那些和我一样伪装的弟兄们会为您的逃离准备船只。按照计划，我们总共有两个时辰离开这儿。,content,末度
593,*末度：原本我打算在明日执行营救您的计划，不过他们打算将您送往曜青仙舟关押，我必须趁此良机，将您解放出来。,content,末度
594,*呼雷：有勇无谋的计划，蠢货！就算有船，我们能逃出去的机会也比狐人逃过我爪子的机会要少得多！,content,呼雷
595,*末度：为了救回您，我们别无选择！派我前来的长生主的天使如此说过，「只有您的回归才能结束步离人漫长的分裂」。,content,末度
596,*末度：此行的所有兄弟都已做好了牺牲的准备——只要能让您离开这儿。,content,末度
597,*呼雷：像你这样靠狡诈求生的弱者，居然在计划中表现出近乎愚蠢的勇悍。你会得偿所愿的…所有都蓝的崽子都会得偿所愿的。,content,呼雷
598,*末度：那么，大人，我们该走了。,content,末度
599,*呼雷：在离开前，把你们吃下的魔药给我一丸。,content,呼雷
600,*末度：您…您居然要披上贱畜的皮？这有辱您伟大的身份……,content,末度
601,*呼雷：白痴，失去自由的伟大一文不值！一旦离开此地，我需要一张至少看起来不那么可疑的皮囊。,content,呼雷
602,*末度：谨遵您的命令。,content,末度
603,*呼雷：那个狐人奴隶，是献给我的食粮吗？,content,呼雷
604,*末度：不，他是曜青仙舟的使节。请您暂时忍耐爪牙，他还有作为人质的价值。带上他，咱们走！,content,末度
605,*椒丘：……,content,椒丘
