﻿line_number,content,category,character
1,{{多义词|梦境护照、梦境护照（道具）}},default,
2,==邀请函==,default,
3,<center>,default,
4,"{| class=""wikitable"" style=""text-align:center""",default,
5,|<big>'''邀请函'''</big><br>,default,
6,[[file:梦境护照-家族纹章.png|link=|100px]]<br>,default,
7,'''尊敬的逐梦客'''<br><br>,default,
8,欢迎您来到匹诺康尼。<br>,default,
9,自您入住白日梦酒店的一刻起，一段瑰丽的梦幻之旅便已揭开帷幕。<br>,default,
10,放下纷纷扰扰的现实绝非易事，做出全心全意拥抱梦境的选择势必也需要非凡的勇气。<br>,default,
11,我们有自信做出承诺，在家族的精心厝置下，等在您旅程前方的只有甜蜜的滋味和悦耳的音律。<br>,default,
12,愿您抛下俗世的一切烦忧，开上一瓶经典款苏乐达，静心醉享匹诺康尼的梦境奇迹。,default,
13,<div style=text-align:right>来自&nbsp;&nbsp;'''<big>家族</big>'''</div>,default,
14,|},default,
15,</center>,default,
16,,default,
17,==01-入梦须知==,default,
18,"<center><div style=""border:solid 1px black;padding:5px 30px 5px 30px;margin-top:10px;display:inline-block"">在使用入梦池正式入梦前，请确保您已仔细阅读了以下「入梦须知」</div></center><br>",default,
19,01. 保持心境平和。剧烈的情绪波动可能导致预料之外的入梦感受（如坠落、失重、疼痛等）。<br><br>,default,
20,02. 面部朝上入梦。请勿尝试以卧姿、跪姿或其它非常规动作入梦，避免溺水风险。<br><br>,default,
21,03. 请勿服用助眠药物。入梦池中的梦液自带快速助眠效果，无需药物辅助。若您在全身浸泡状态下仍长时间无法入梦，请联系酒店工作人员。<br><br>,default,
22,04. 请勿裸身入梦。您在梦境中的初始形象将与您入梦时的状态相同。为避免对其他宾客造成惊吓，请在确保自身穿戴整齐后再入梦。<br><br>,default,
23,05. 请勿剽窃他人身份。家族尊重每位宾客的身份和隐私，请勿尝试在梦境中冒充、攻击或污蔑其他宾客。<br><br>,default,
24,06. 谨代表橡木、苜蓿草、隐夜鸫、猎犬及鸢尾花，祝您一梦平安。,default,
25,,default,
26,==02-宾客须知==,default,
27,"<center><div style=""border:solid 1px black;padding:5px 30px 5px 30px;margin-top:10px;display:inline-block"">尊敬的逐梦客</div></center><br>",default,
28,目前，位于梦境时分「黄金的时刻」内的白日梦酒店正在进行修葺翻新。<br>,default,
29,<br>,default,
30,若您选择进入「黄金的时刻」，您仍会在梦境酒店中醒来，但您将无法离开客房，也不能使用酒店的常规服务。我们已经为宾客设计了临时的入梦流程，引导您顺利登陆「黄金的时刻」。<br>,default,
31,<br>,default,
32,对您的梦境之旅造成的不便敬请谅解。,default,
33,==03-白日梦==,default,
34,又一场激动人心的开拓之旅即将开始！<br>这次的开局没有冰天雪地的冻原，也没有咄咄逼人的仙舟高层…除了通篇谜语的男人和女人，一切看上去都那么美好。<br>说起来，好像还从来没有人问过你这个问题——你喜欢哪种旅行？,default,
35,{{剧情选项,default,
36,|选项1=直奔当地旅游胜地,option,开拓者
37,|剧情1=每场激动人心的旅行，你都会直奔当地最为出名的景点——一个最值得敬佩的行动派！和你结伴旅行一定少不了冒险和刺激。<br>不过仔细想想，这样一来你的定位和三月七可能就有些重合了。或许你该重新考虑一下自己的人设定位，做个能带给人新鲜感的女人/男人。,branch_content,
38,|选项2=宅在房间睡一整天,option,开拓者
39,|剧情2=你对激动人心的旅行兴致寥寥，宁愿自己宅在舒服的客房里睡上一整天。很无趣，但很真实…大部分现代人可能都会如此选择，只是羞于承认。<br>不过仔细想想，说不定丹恒就是这种角色——他所谓的自我调整，指不定就是在房间里舒舒服服地睡觉？你决定下次回到列车后好好问问他。,branch_content,
40,|选项3=跟着别人随波逐流,option,开拓者
41,|剧情3=你对激动人心的旅行没有什么想法，反正都是随大流跑来跑去罢了。真没想到，在这方面你居然是个毫无主见的漂流派——和你平时爱出风头的做派完全不同。<br>不过仔细想想，一个团队里总要有几个习惯依附于他人想法的人，意见领袖过多往往不见得是什么好事。有姬子和瓦尔特在，你只要当一只跟在他们身后的乖乖浣熊就够了。,branch_content,
42,}},default,
43,"{| class=""wikitable"" style=""text-align:center; width:100%""",default,
44,!colspan=5|贴纸,default,
45,|-,default,
46,"! style=""width:20%""|波提欧 !! style=""width:20%""|银枝 !! style=""width:20%""|砂金 !! style=""width:20%""|花火 !! style=""width:20%""|米沙",default,
47,|-,default,
48,|[[file:梦境护照-波提欧.png|100px]]||[[file:梦境护照-银枝.png|100px]]||[[file:梦境护照-砂金.png|100px]]||[[file:梦境护照-花火.png|100px]]||[[file:梦境护照-米沙.png|100px]],default,
49,|-,default,
50,| 瞅着银河，遍地都是宝贝！ || 纯美不过黄粱一梦。 || 没有任何一个世界天生富饶，正如我们出生时都一贫如洗。 || 哪怕身体已经*四分五裂*，脸上也要记得挂笑哦~ || 孩子的梦很缤纷，孩子的梦也很单纯。,default,
51,|-,default,
52,| <small>故事告一段落后，回到荒梦坠落之处</small> ||<small>故事告一段落后，回到巨星诞生之处</small> ||<small>默认解锁</small> || <small>故事告一段落后，回到被愚者戏弄之处</small> || <small>故事告一段落后，回到帮少年解围之处</small>,default,
53,|-,default,
54,! 星期日 !! 加拉赫 !! 真理医生 !! 黑天鹅 !! 黄泉,default,
55,|-,default,
56,|[[file:梦境护照-星期日.png|100px]]||[[file:梦境护照-加拉赫.png|100px]]||[[file:梦境护照-真理医生.png|100px]]||[[file:梦境护照-黑天鹅.png|100px]]||[[file:梦境护照-黄泉.png|100px]],default,
57,|-,default,
58,| 某些人轮回的开始，某些人轮回的结束 || 最方便的通勤方式就是喝得酩酊大醉，反正醒来你就到家了。 ||哪怕被一万个人问过，答案也不会变：是医生，不是博士。 || 梦是还未发生的记忆；记忆是清醒时做的梦。 || 天命如织，当断立断。,content,答案也不会变
59,|-,default,
60,| <small>默认解锁</small> || <small>故事告一段落后，回到和少女邂逅之处</small>||<small>探索你在梦境中的「着陆点」</small> || <small>故事告一段落后，回到被忆者拯救之处</small> || <small>推进开拓任务获得</small>,default,
61,|-,default,
62,! 流萤 !! 知更鸟 !! 萨姆,default,
63,|-,default,
64,|[[file:梦境护照-流萤.png|100px]]||[[file:梦境护照-知更鸟.png|100px]] ||[[file:梦境护照-萨姆.png|100px]],default,
65,|-,default,
66,|灯红酒绿的海洋里，善意如萤火般难寻。 || 噤声的鸟儿仍是自由的，至少她还能飞翔。  || 一支残烛亦能化作燎原烈火。,default,
67,|-,default,
68,|<small>故事告一段落后，回到你们留下回忆之处</small> || <small>默认解锁</small> || <small>故事告一段落后，回到被烈火焚烧之处</small>,default,
69,|},default,
70,==04-挥洒万金==,default,
71,在你眼前展开的正是「黄金的时刻」，匹诺康尼跃动的心脏。<br>告诉我——这座城市给你的第一印象是什么？,default,
72,{{剧情选项,default,
73,|选项1=我一眼就爱上它了,option,开拓者
74,|剧情1=你一眼就爱上了「黄金的时刻」——谁不会呢？<br>大部分人都与你感同身受，这也是为何匹诺康尼能吸引如此之多的逐梦客。<br>忘记曾经烦扰自己的一切，纵情感受盛会之城的魅力吧。不过记得时刻长个心眼，小心反过来被它吃干抹净。,branch_content,
75,|选项2=空气中都是资本的臭味,option,开拓者
76,|剧情2=你厌恶浮华之物，所以你也厌恶「黄金的时刻」。<br>啊，一个时刻保持警醒，绝不会被眼前的灯红酒绿蒙蔽的灵魂。向你致敬。<br>考虑到你已然身处梦中，不如暂时放下成见，纵情感受盛会之城的魅力。当然，时刻长个心眼总不会错…如果你不想反被这座城市吃干抹净。,branch_content,
77,|选项3=又爱又恨，很难形容,option,开拓者
78,|剧情3=初次踏入「黄金的时刻」，你很难形容这座城市带给你的感受。<br>有趣的评价。我看出来了，你是个喜欢思考的人…不会轻易下判断。<br>不如先卸下那些繁杂的思想武装，投入盛会之城的怀抱中。当然，时刻长个心眼总不会错…如果你不想反被这座城市吃干抹净。,branch_content,
79,}},default,
80,"{| class=""wikitable"" style=""text-align:center; width:100%""",default,
81,!colspan=5|贴纸,default,
82,|-,default,
83,"! style=""width:20%""|奥帝商业中心 !! style=""width:20%""|梦境贩售店 !! style=""width:20%""|黄金中央车站 !! style=""width:20%""|「推销员」 !! style=""width:20%""|喷钞机",default,
84,|-,default,
85,|[[file:梦境护照-奥帝商业中心.png|100px]]||[[file:梦境护照-梦境贩售店.png|100px]]||[[file:梦境护照-黄金中央车站.png|100px]]||[[file:梦境护照-「推销员」.png|100px]]||[[file:梦境护照-喷钞机.png|100px]],default,
86,|-,default,
87,| 在家里嫉富如仇，在外面挥金如土。 || 代表一种躺着就能把钱赚了的致富之路。 || 当快速旅行成为了一种理所当然时，它却选择了造一座华丽的车站。 || 消费主义总能找到办法战胜你的理性。 || 普通国家经济体请勿模仿。,default,
88,|-,default,
89,| <small>参观奥帝商业中心</small> || <small>推进开拓任务获得</small> || <small>参观黄金中央车站</small> || <small>与任意一位广告牌「推销员」交谈</small> || <small>令喷钞机喷出钞票。</small>,default,
90,|-,default,
91,! 黄金时报 !! 无名客的梦泡 !! 经典款苏乐达 !! 飞碟汉堡,default,
92,|-,default,
93,|[[file:梦境护照-黄金时报.png|100px]]||[[file:梦境护照-无名客的梦泡.png|100px]]||[[file:梦境护照-经典款苏乐达.png|100px]]||[[file:梦境护照-飞碟汉堡.png|100px]],default,
94,|-,default,
95,| 看你喜欢听真诚的废话还是捏造的故事。 || 祂已经死了；祂还活着。 || 第一口喝下去没什么感觉，五分钟后已经三瓶下肚了。 || 前五分钟都在想该怎么下嘴。,default,
96,|-,default,
97,| <small>在奥帝商业中心进行「阅读」相关消费</small> || <small>推进开拓任务获得</small> || <small>默认解锁</small> || <small>在奥帝商业中心进行「饮食」相关消费</small>,default,
98,|-,default,
99,! 有关金钱 !! 有关幸福 !! 有关爱 !! 有关死亡 !! 有关生命,default,
100,|-,default,
101,| 在这座城市里，金钱既是手段也是目的。 || 这大街上的男女老（没有少）都在挥霍着自己在现实中过剩的幸福。 || 你当然能在这里找到真爱。尽管它是假的。 || 在这里，你可以体验一把字面意义上的「笑死」。 || 如果不能放肆地做梦，活着又有什么意思？,default,
102,|-,default,
103,| <small>在链接梦境与现实的银行旁结识富有的老奶奶</small> || <small>默认解锁</small> || <small>结识一位痴情的广告牌「推销员」</small> || <small>鼓励（业余）脱口秀演员杰伊</small> || <small>结识街角的「小动物」毕丝塔</small>,default,
104,|},default,
105,==05-不夜之城==,default,
106,在灯红酒绿的迷宫中，幸运的你找到了一位当地向导。<br>你还没法判断流萤作为向导的能力是否合格，但你觉得……,default,
107,{{剧情选项,default,
108,|选项1=我们可以成为朋友,option,开拓者
109,|剧情1=关于流萤…你觉得自己可以和她成为朋友。<br>你相信自己看人的眼光，也相信自己有足够的人格魅力，能把旅途中擦肩而过的每位少女都留在你的生命中。,branch_content,
110,|选项2=我想知道她的秘密,option,开拓者
111,|剧情2=关于流萤…你希望她能与你分享她的秘辛。<br>你很敏锐——只一眼就能看出流萤的眼眸里藏着秘密。你想要更了解她…你想打开少女手中的盒子。,branch_content,
112,|选项3=也许只是匆匆过客,option,开拓者
113,|剧情3=关于流萤…或许她只是你匆匆旅途中的过客。<br>悲观的想法充斥你的脑海。这一晌，你与少女何其亲密…但或许等到太阳再次升起，你们又会各自拥抱孤独。,branch_content,
114,}},default,
115,"{| class=""wikitable"" style=""text-align:center; width:100%""",default,
116,!colspan=5|贴纸,default,
117,|-,default,
118,"! style=""width:20%""|逐梦客之眼 !! style=""width:20%""|匹诺康尼电视台 !! style=""width:20%""|家族需要你！ !! style=""width:20%""|颉颃天籁 !! style=""width:20%""|障眼信息",default,
119,|-,default,
120,|[[file:梦境护照-逐梦客之眼.png|100px]]||[[file:梦境护照-匹诺康尼电视台.png|100px]]||[[file:梦境护照-家族需要你！.png|100px]]||[[file:梦境护照-颉颃天籁.png|100px]]||[[file:梦境护照-障眼信息.png|100px]],default,
121,|-,default,
122,| 靠意念调整焦距。 || 在广告里插播了两集肥皂剧。 || 看来有人不想努力了。 || 极大概率是你人生中最美妙的两个小时。 || 我说什么来着？纸质媒体还活着（梦里）。,default,
123,|-,default,
124,| <small>通过望远镜完成一次邂逅</small> || <small>向爱德华医生推销一段属于你自己的美梦</small> || <small>默认解锁</small> || <small>在黄金的时刻远眺匹诺康尼大歌剧院</small> || <small>默认解锁</small>,default,
125,|-,default,
126,! 乱耳杂声,default,
127,|-,default,
128,|[[file:梦境护照-乱耳杂声.png|100px]],default,
129,|-,default,
130,| 消除了一个最大的障碍：没播放器也能听。,content,消除了一个最大的障碍
131,|-,default,
132,| <small>通过「窥梦电话」窥探任意角色的梦境</small>,default,
133,|-,default,
134,! 简报•其一 !! 简报•其二 !! 简报•其三 !! 简报•其四 !! 简报•其五,default,
135,|-,default,
136,"| 最新普查表明，来到「黄金的时刻」的游客平均身价为3,584,680,988信用点。你达到平均线了吗？ || 你知道吗？平均每四个逐梦客里就有一个患有严重精神疾病——真不愧是有钱人！ || 逐梦客平均每次就餐的开销是9,450信用点——看着不多，是吧？那再看看这组数据：逐梦客平均每个系统时要就餐2.3次。 || 冷知识：你在梦境中不必呼吸，不会口渴，也不用进食！但是谁能抵得住花花世界的诱惑呢？ || 哪怕手中的瓶子开口和你说话了，砸碎它的时候也不必有心理负担！",content,那再看看这组数据
137,|-,default,
138,| <small>通过基南了解理财产品</small> || <small>通过阿然了解什么是梦境鼓励师</small> || <small>和黄金中央车站前热心的记者聊聊</small> || <small>在黄金的时刻找到新闻播报主持人</small> || <small>结识强壮的训物师</small>,default,
139,|-,default,
140,! 简报•其六,default,
141,|-,default,
142,| 很多宾客回到家乡后会被要求重考驾照——凡是在黄金的时刻待过的人都能明白，这相当合理。,default,
143,|-,default,
144,| <small>被匹诺康尼的交通工具撞飞</small>,default,
145,|},default,
146,==06-娱乐至死==,default,
147,「黄金的时刻」能够提供的享乐形式如此丰富…姑且不论它们该不该被放在台面上讨论。<br>但任何享乐都比不上旧友重逢。那抹避不开的蓝色，他对你而言究竟意味着……,default,
148,{{剧情选项,default,
149,|选项1=为什么非得是他,option,开拓者
150,|剧情1=你开始质疑自己这一路以来的运气…因为你又遇见了桑博。<br>「一次跨越星海的久别重逢」——你无数次在脑海中彩排过类似的情境。但为什么必须得是桑博·科斯基？你觉得宇宙跟你开了个残酷的玩笑。,branch_content,
151,|选项2=叙叙旧倒也不坏,option,开拓者
152,|剧情2=再次遇见桑博，你心中竟然涌起一股…怀念的情愫。<br>看来你是个念旧的人…的确，你们曾经在冰雪星球上经历的那些事已经足够被称为「革命友谊」了。,branch_content,
153,|选项3=那家伙不是什么好人,option,开拓者
154,|剧情3=你又遇见了桑博…此前的经历让你此刻依然对他恨得牙痒痒。<br>多么不可动摇的正义感，真令人钦佩。但换个角度想想，桑博·科斯基曾经也算是救过你一命——对人的要求或许还是不要太苛刻为好。,branch_content,
155,}},default,
156,"{| class=""wikitable"" style=""text-align:center; width:100%""",default,
157,!colspan=5|贴纸,default,
158,|-,default,
159,"! style=""width:20%""|艾迪恩公园 !! style=""width:20%""|黄金扭蛋机 !! style=""width:20%""|起舞吧 !! style=""width:20%""|金表钞 !! style=""width:20%""|艾迪恩代币",default,
160,|-,default,
161,|[[file:梦境护照-艾迪恩公园.png|100px]]||[[file:梦境护照-黄金扭蛋机.png|100px]]||[[file:梦境护照-起舞吧.png|100px]]||[[file:梦境护照-金表钞.png|100px]]||[[file:梦境护照-艾迪恩代币.png|100px]],default,
162,|-,default,
163,| 没事上公园遛遛弯也算是一种开拓。 || 有资格扭它的人估计早就是人生赢家了。 || 谁说在广场上跳舞是中老年人的专利？ || 现金交易是种浪漫——尤其是在犯罪片里。 || 据说有伙窃贼专偷这种游戏币。,default,
164,|-,default,
165,| <small>参观艾迪恩公园</small> || <small>参观巨大的黄金扭蛋机</small> || <small>在舞池旁感受黄金时刻的派对氛围</small> || <small>找到损坏的喷钞机并尝试修复它</small> || <small>结识可以兑换「艾迪恩游戏币」的派对客</small>,default,
166,|-,default,
167,! 对，都是你的 !! 好兆头扭蛋 !! 银河第一福星扭蛋 !! 开怀畅饮,default,
168,|-,default,
169,|[[file:梦境护照-对，都是你的.png|100px]]||[[file:梦境护照-好兆头扭蛋.png|100px]]||[[file:梦境护照-银河第一福星扭蛋.png|100px]]||[[file:梦境护照-开怀畅饮.png|100px]],default,
170,|-,default,
171,| 散发着一股财务自由的香气——躺在上面一定很爽 || 在部分人眼里是格调，在你眼里是时尚小垃圾 || 可别许下「一夜暴富」这么掉价的愿望。 || 梦比现实更加血淋淋。,default,
172,|-,default,
173,| <small>默认解锁</small> || <small>默认解锁</small> || <small>参观巨大的黄金扭蛋机</small> || <small>见证艾迪恩公园内水晶杯与三只酒瓶的故事</small>,default,
174,|-,default,
175,! 趣闻•其一 !! 趣闻•其二 !! 趣闻•其三 !! 趣闻•其四,default,
176,|-,default,
177,| 据说只要按照特定的节奏敲击艾迪恩公园的游艺机器，就能召唤来稀有神兽：梦境猎犬。 || 据说曾经有一位享誉银河的流行巨星，他只需要在舞台上站着不动就能引得众生倾倒。 || 「像钻石一样闪闪发光~像钻石一样闪闪发光~」 || 拥有二十亿信用点的富豪是世界上最惨的富豪：不能直接退休，继续工作下去又不值得。哎，烦恼。,content,就能召唤来稀有神兽
178,|-,default,
179,| <small>与「钟表匠」聊聊钟表匠</small> || <small>与演唱家聊聊匹诺康尼大歌剧院</small> || <small>与车行店员聊聊梦中的豪车</small> || <small>与艺术批评家聊聊艺术</small>,default,
180,|},default,
181,==07-会说话的钟==,default,
182,一个活生生的卡通形象出现在你面前。很可惜，你并算不上钟表小子系列动画的拥趸…但兴趣是可以被慢慢培养出来的，对吧？,default,
183,{{剧情选项,default,
184,|选项1=它的出现肯定是某种隐喻,option,开拓者
185,|剧情1=一个活生生的卡通形象出现在你面前…这一定是对你这段旅途的某种隐喻。<br>第一幕出现的枪，在第三幕一定会开火，对吧？你想的或许没错，在这个遵从因果的宇宙里，没有任何一次相遇是毫无意义的。,branch_content,
186,|选项2=它就像是我的专属朋友,option,开拓者
187,|剧情2=一个活生生的卡通形象出现在你面前，它简直就像…你的专属朋友。<br>你已经习惯了被当做那个「特殊」的人——毕竟从「出生」的那天起，你就一直处在漩涡的中心。这次，你也一定能成为一个合格的主角。,branch_content,
188,|选项3=它的能力简直不可思议,option,开拓者
189,|剧情3=一个活生生的卡通形象出现在你面前，还送给了你一项超乎想象的能力。<br>很新奇，很强大。可能还伴随着一点…道德层面上的不确定性。幸好你是个品行高尚的人，不会随便拨弄他人的情绪…对吧？,branch_content,
190,}},default,
191,"{| class=""wikitable"" style=""text-align:center; width:100%""",default,
192,!colspan=5|贴纸,default,
193,|-,default,
194,"! style=""width:20%""|嗨！我叫钟表小子 !! style=""width:20%""|悲伤小子 !! style=""width:20%""|愤怒小子 !! style=""width:20%""|欢乐小子 !! style=""width:20%""|镇静小子",default,
195,|-,default,
196,|[[file:梦境护照-嗨！我叫钟表小子.png|100px]]||[[file:梦境护照-悲伤小子.png|100px]]||[[file:梦境护照-愤怒小子.png|100px]]||[[file:梦境护照-欢乐小子.png|100px]]||[[file:梦境护照-镇静小子.png|100px]],default,
197,|-,default,
198,| 写台词的时候记住他的口头禅：「嘀嗒」。 || 两点钟方向，啜泣不断。 || 五点钟方向，暴跳如雷。 || 七点钟方向，欣喜若狂。 || 十点钟方向，面如平湖。,content,写台词的时候记住他的口头禅
199,|-,default,
200,| <small>默认解锁</small> || <small>获得三个「悲郁」齿轮</small> || <small>获得三个「愤懑」齿轮</small> || <small>获得三个「欢欣」齿轮</small> || <small>获得三个「镇静」齿轮</small>,default,
201,|-,default,
202,! 瞧！他叫哈努兄弟 !! 哟！这不是折纸鸟吗 !! 衔着梦想飞行 !! 啊！讨厌的石头老板 !! 一个纯粹的反派,default,
203,|-,default,
204,|[[file:梦境护照-瞧！他叫哈努兄弟.png|100px]]||[[file:梦境护照-哟！这不是折纸鸟吗.png|100px]]||[[file:梦境护照-衔着梦想飞行.png|100px]]||[[file:梦境护照-啊！讨厌的石头老板.png|100px]]||[[file:梦境护照-一个纯粹的反派.png|100px]],default,
205,|-,default,
206,| 这家伙没有台词——是人设，不是偷懒。 || 呆毛才是本体。 || 在密集恐惧症发作之前还挺可爱的。 || 一般人都没发现的秘密：蓝鳄鱼有头发。 || 那种在动画片里一直吃瘪，到最后甚至会让人感到有点心疼的反派角色。,content,一般人都没发现的秘密
207,|-,default,
208,| <small>默认解锁</small> || <small>默认解锁</small> || <small>发现折纸小鸟在黄金的时刻的聚集地</small> || <small>默认解锁</small> || <small>在奥帝购物中心外的街道上介入一场交通事故</small>,default,
209,|-,default,
210,! 台词：暴力 !! 台词：示爱 !! 台词：哲学 !! 台词：自恋 !! 台词：自卑,content,台词
211,|-,default,
212,| 哦，你这糟糕的家伙！我好想把你的头从脖子上给拧下来！ || 小心肝…你好像一颗专属梦泡，每晚入睡时我都要拥你入怀。 || 霰弹枪还是火箭筒？这是一个问题… || 镜子是这世界上最棒的发明——它居然能映出这世界上最完美无瑕的我！ || 百无一用，是我…酒囊饭袋，也是我……,default,
213,|-,default,
214,| <small>平息漫游乐手对于自动乐团的不满</small> || <small>了解悲伤的商铺安保背后的故事</small> || <small>了解收集狂智械对于技术进步的真正看法</small> || <small>让（自称）最高的皮皮西人感到快乐</small> || <small>鼓励陷入消极情绪的证书收藏家</small>,default,
215,|},default,
216,==08-一场虚幻的流星雨==,default,
217,良宵苦短，和少女一起前进吧。<br>在普通宾客不被允许出入的筑梦边境，你和流萤共同见证了奇迹般的美景，留下了共同的足迹…还记得你那时的心情吗？,default,
218,{{剧情选项,default,
219,|选项1=从未感觉如此幸福,option,开拓者
220,|剧情1=你与少女共同见证了幻梦中的流星雨——你在现实中从未感觉如此幸福。<br>你愿意全身心地投入某个值得留恋的时刻…哪怕温暖转瞬即逝，这短暂的幸福也值得你铭记终生。,branch_content,
221,|选项2=期待未来更多的邂逅,option,开拓者
222,|剧情2=你与少女共同见证了幻梦中的流星雨——你开始期待更多藏于未来的邂逅。<br>你享受生命中每个值得留恋的瞬间，并不断追寻着下一站的幸福…那一刻很美，但你不会因为痴迷驻足太久。,branch_content,
223,|选项3=只是一段旅行的插曲,option,开拓者
224,|剧情3=你与少女共同见证了幻梦中的流星雨——但你知晓这只是颠簸旅途中的短暂温存。<br>你会为了恰如其分的美好瞬间露出笑容，但那并不意味着你对任何人或事物过度依恋。短暂的插曲与漫长的乐章，你深知二者之间的差别。,branch_content,
225,}},default,
226,"{| class=""wikitable"" style=""text-align:center; width:100%""",default,
227,!colspan=5|贴纸,default,
228,|-,default,
229,"! style=""width:20%""|使者 !! style=""width:20%""|家族建设局 !! style=""width:20%""|观景台 !! style=""width:20%""|一尊奇怪的雕塑 !! style=""width:20%""|制作人",default,
230,|-,default,
231,|[[file:梦境护照-使者.png|100px]]||[[file:梦境护照-家族建设局.png|100px]]||[[file:梦境护照-观景台.png|100px]]||[[file:梦境护照-一尊奇怪的雕塑.png|100px]]||[[file:梦境护照-制作人.png|100px]],default,
232,|-,default,
233,| 不如把枪投进熔炉，再用原料铸一口大锅。 || 好消息：甲方从不多嘴。坏消息：甲方啥也不说。 || 前有绝景。赞：5000 踩：1 || 最纯粹形式的不可能。 || 看到那座山了吗？你能爬上去。,content,好消息
234,|-,default,
235,| <small>与格-蕾聊聊，填补她缺失的情绪</small> || <small>默认解锁</small> || <small>探索并发现修建中的观景台</small> || <small>从特定的角度「观察」空中花园中央的雕塑</small> || <small>与班尼聊聊，填补他缺失的情绪</small>,default,
236,|-,default,
237,! 海盗 !! 灯光师就位 !! 筑梦鸟 !! 筑梦鸟（另一只） !! 石头先生,default,
238,|-,default,
239,|[[file:梦境护照-海盗.png|100px]]||[[file:梦境护照-灯光师就位.png|100px]]||[[file:梦境护照-筑梦鸟.png|100px]]||[[file:梦境护照-筑梦鸟（另一只）.png|100px]]||[[file:梦境护照-石头先生.png|100px]],default,
240,|-,default,
241,| 通常只在虚构作品里才显得公正且浪漫。 || 灯光有了，麦克风也有了…现在只缺一个有故事的人了。 || 鸟——你不禁想——为什么这里到处都是鸟？ || 回答上个问题：大概是因为无人机太无趣了。 || 如果贪婪有颜色，那它一定是红色的。,content,回答上个问题
242,|-,default,
243,| <small>与科琳聊聊，填补她缺失的情绪</small> || <small>在黄金的时刻的街头帮助表演中的智械</small> || <small>通过筑梦遥眼连接不可思议的通路</small> || <small>通过筑梦遥眼连接不可思议的通路（再一次）</small> || <small>默认解锁</small>,default,
244,|-,default,
245,! 汽水瓶,default,
246,|-,default,
247,|[[file:梦境护照-汽水瓶.png|100px]],default,
248,|-,default,
249,| ——好吧，偶尔也会是蓝色的。看它心情。,default,
250,|-,default,
251,| <small>默认解锁</small>,default,
252,|-,default,
253,! 筑梦师：愤懑 !! 筑梦师：追求 !! 筑梦师：执念 !! 筑梦师：疲倦 !! 筑梦师：无奈,content,筑梦师
254,|-,default,
255,| 根本不懂造梦的人却被委以领导筑梦师的重任，惹人耻笑。 || 一切决定为性价比让道，最后的结果就是不断地产出垃圾！ || 哪怕注定一生都只能为打灰为生，那就给每一桶灰都倾注我的灵魂！ || 成千上百个系统时都耗在了这梦境里，真是有命赚，没命花！ || 没完没了的会议和形式主义的流程，是艺术创作的最大敌人！,default,
256,|-,default,
257,| <small>了解阿锡卡不愿提起的过去</small> || <small>了解平田平次对于二次元全新的追求</small> || <small>了解老袁对于自己尾巴真正的看法</small> || <small>了解克劳迪娅与她家人的故事</small> || <small>了解惠特克爵士对于「家族」的看法</small>,default,
258,|},default,
259,==09-谁人的过去==,default,
260,不知是谁人的回忆被编织成了一座迷宫，只差一点就将你困在其中。<br>如果你的记忆也能拥有形体，你觉得它会是……,default,
261,{{剧情选项,default,
262,|选项1=一片蓊郁的森林,option,开拓者
263,|剧情1=如果你的记忆亦有形体，你认为它会是蓊郁幽静的丛林——混杂着扑面而来的土壤味道和神秘的气息。<br>哪怕是你自己走入其中，恐怕也有可能在浓雾中迷失。,branch_content,
264,|选项2=一片辽阔的大海,option,开拓者
265,|剧情2=如果你的记忆亦有形体，你认为它会是一望无际的大海——表面风平浪静，却深不可测、暗藏波澜。<br>海底究竟深埋着多少秘密，就连你自己都无法估量。,branch_content,
266,|选项3=一座繁华的城市,option,开拓者
267,|剧情3=如果你的记忆亦有形体，你认为它会是被霓虹灯和物欲照亮的大都市——浮华的外表下，冰冷的内核被刻意遮掩。<br>若是让你走入这座城市，你害怕自己会变得和街边流浪汉一样一无所有。,branch_content,
268,}},default,
269,"{| class=""wikitable"" style=""text-align:center; width:100%""",default,
270,!colspan=5|贴纸,default,
271,|-,default,
272,"! style=""width:20%""|记忆冰泉 !! style=""width:20%""|玩具屋 !! style=""width:20%""|钟表工坊 !! style=""width:20%""|爷爷的作品 !! style=""width:20%""|洄游的记忆",default,
273,|-,default,
274,|[[file:梦境护照-记忆冰泉.png|100px]]||[[file:梦境护照-玩具屋.png|100px]]||[[file:梦境护照-钟表工坊.png|100px]]||[[file:梦境护照-爷爷的作品.png|100px]]||[[file:梦境护照-洄游的记忆.png|100px]],default,
275,|-,default,
276,| 冷冽的，刺痛的记忆。终有一天会凝结成冰。 || 小心翼翼地行走，不要踩碎任何一粒梦想。 ||述说着充满温存和希望的旧时光。 || 功能性小于艺术性小于纪念意义。 ||  不一定是鱼——也可以是火箭或者别的什么。,default,
277,|-,default,
278,| <small>发现梦境中壮观的记忆冰泉</small> || <small>发现梦境中温馨的玩具房</small> || <small>发现梦境中静谧的书房</small> || <small>触碰某人关于钟表的记忆</small> || <small>默认解锁</small>,default,
279,|-,default,
280,! 凝固的记忆 !! 椅子 !! 积木 !! 气球,default,
281,|-,default,
282,|[[file:梦境护照-凝固的记忆.png|100px]]||[[file:梦境护照-椅子.png|100px]]||[[file:梦境护照-积木.png|100px]]||[[file:梦境护照-气球.png|100px]],default,
283,|-,default,
284,| 踩一脚鞋子也不会湿。 || 多少孩子梦寐以求的恶作剧把戏。 || 只搭到了一半，恐怕永远也无法完成。 || 被戳破以后会传来阵阵孩童的笑声。,default,
285,|-,default,
286,| <small>默认解锁</small> || <small>触碰某人关于工作的记忆</small> || <small>触碰某人关于玩具的记忆</small> || <small>默认解锁</small>,default,
287,|-,default,
288,! 回忆•其一 !! 回忆•其二 !! 回忆•其三 !! 回忆•其四,default,
289,|-,default,
290,| 有人在敲门，但我不敢答应。 || 抱住我最爱的玩偶，它能带给我勇气。 || 破碎的前一秒，我仅存的希望已经全部流走。 || 回来吧，求求你…回来吧。,default,
291,|-,default,
292,| <small>察觉某人关于门的记忆</small> || <small>察觉某人关于玩偶的记忆</small> || <small>察觉某人关于希望的记忆</small> || <small>察觉某人关于…的记忆</small>,default,
293,|},default,
294,==10-梦中诡诞•其一==,default,
295,越来越多的重要人物开始登上舞台；梦境被深水淹没，未来被乱线纠缠。你迈出的每一歩都通向未知和谜团。<br>还记得吗？那时陪在你身边的两个女人——若是必须做出选择，你更愿意由谁来掌舵你的未来？,default,
296,{{剧情选项,default,
297,|选项1=那位忆者,option,开拓者
298,|剧情1=如果有得选，你愿意将自己的未来托付给名叫黑天鹅的忆者。<br>无论何时，人总要依赖自身的经验和记忆来做出选择。她的眼睛仿佛能看穿你的一切——哪怕你失去了所有记忆，她也会替你记得。,branch_content,
299,|选项2=那个佩刀的女人,option,开拓者
300,|剧情2=如果有得选，你愿意将自己的命运交于黄泉之手。<br>神秘且可靠，寡言且强大。你从她的眼中看到了…你什么都看不到。但你十分确信，只要待在她的身边就不会受到伤害。,branch_content,
301,|选项3=我只信自己,option,开拓者
302,|剧情3=你放弃了做选择的权力——你宁愿独自与命运抗争。<br>任何善意的信号都有可能是一种伪装，在强者的世界里，尔虞我诈乃家常便饭。那就一个人上路吧，贯彻你倔强且孤独的「开拓」。,branch_content,
303,}},default,
304,"{| class=""wikitable"" style=""text-align:center; width:100%""",default,
305,!colspan=5|贴纸,default,
306,|-,default,
307,"! style=""width:20%""|梦境客房 !! style=""width:20%""|梦境大堂 !! style=""width:20%""|监控室 !! style=""width:20%""|视线无处不在 !! style=""width:20%""|我心支离破碎",default,
308,|-,default,
309,|[[file:梦境护照-梦境客房.png|100px]]||[[file:梦境护照-梦境大堂.png|100px]]||[[file:梦境护照-监控室.png|100px]]||[[file:梦境护照-视线无处不在.png|100px]]||[[file:梦境护照-我心支离破碎.png|100px]],default,
310,|-,default,
311,| 客房不错，要是有张床就更好了。 || 连退房手续也要收15%的服务费。 || 不是你盯着屏幕，是屏幕盯着你。 || 证据全都留着，等待日后清算。 || 用最坚硬的外壳掩盖最空无的内心。,default,
312,|-,default,
313,| <small>发现梦境中的酒店客房</small> || <small>发现梦境中的酒店大堂</small> || <small>发现梦境中的监控室</small> || <small>默认解锁</small> || <small>默认解锁</small>,default,
314,|-,default,
315,! 何物朝向死亡 !! W？!! 无信号 !! 故障屏,default,
316,|-,default,
317,|[[file:梦境护照-何物朝向死亡.png|100px]]||[[file:梦境护照-W？.png|100px]]||[[file:梦境护照-无信号.png|100px]]||[[file:梦境护照-故障屏.png|100px]],default,
318,|-,default,
319,| 没有人能活着数完眼睛的数量。 || 人畜有害。 || 知道什么叫「趋肤效应」吗？不知道就去搜搜。 || 别急着找人修，先拍两下试试。,default,
320,|-,default,
321,| <small>默认解锁</small> || <small>在铂金客房外的大厅里找到姆利斯，填补他缺失的情绪</small> || <small>在艾迪恩公园结识被簇拥的「赌神」</small> || <small>在梦境酒店的贵宾休息室走廊发现无法被修复的玩具箱</small>,default,
322,|-,default,
323,! 迷失•其一 !! 迷失•其二 !! 迷失•其三 !! 迷失•其四 !! 迷失•其五,default,
324,|-,default,
325,| 游泳池在十四层，欢迎您前来体验溺水的感觉。 || 七层有餐厅，在那里您随时都可以被食物噎住。 || 九十层有桑拿房，温度足够融化您的皮肉。 || 一百五十六层有舞厅，灯光绝对能刺瞎您的眼睛。 || 别忘了二百零三层的宴会厅，每天都要举办三场集体葬礼。,default,
326,|-,default,
327,| <small>找到梦境酒店内巨大的茶杯</small> || <small>找到梦境酒店内的备餐室</small> || <small>找到梦境酒店内僻静的书房</small> || <small>找到梦境酒店内巨大的鲸鱼形梦泡</small> || <small>找到梦境酒店内空无一人的舞台</small>,default,
328,|},default,
329,==11-逐梦客==,default,
330,真是一团糟——你本以为这次旅行的内容就是不带任何目的性和功利性的吃喝玩乐，谁能料到剧情会朝着这个方向发展呢？<br>口蜜腹剑的公司代表向你提出了一笔交易，但你甚至不知道自己手上持有什么筹码。告诉我，你是一个赌徒吗？,branch_content,
331,{{剧情选项,default,
332,|选项1=我热爱概率的游戏,option,开拓者
333,|剧情1=口蜜腹剑的公司代表向你提出了一笔交易。<br>而你恰好是个天生的赌徒——最重要的是汲取游戏过程中产生的乐趣，输赢与否并不重要。<br>你在任何境遇下都能笑出声来，这很好。毕竟在某些特定的场合，入局与否和你自身的意愿无关……,branch_content,
334,|选项2=我从不相信命运,option,开拓者
335,|剧情2=口蜜腹剑的公司代表向你提出了一笔交易。<br>你意志坚定，洁身自好，绝不会在概率的游戏中丢弃自己的原则。<br>这恐怕会是一场巨大的考验。毕竟在某些特定的场合，入局与否和你自身的意愿无关……,branch_content,
336,|选项3=只要别玩得太大,option,开拓者
337,|剧情3=口蜜腹剑的公司代表向你提出了一笔交易。<br>你很审慎，但也不至于过度无趣——你理解人们为何会痴迷于概率的游戏。<br>说来简单，但找到平衡有时难于登天。毕竟在某些特定的场合，入局与否和你自身的意愿无关……,branch_content,
338,}},default,
339,"{| class=""wikitable"" style=""text-align:center; width:100%""",default,
340,!colspan=5|贴纸,default,
341,|-,default,
342,"! style=""width:20%""|爵士 !! style=""width:20%""|家族 !! style=""width:20%""|明星 !! style=""width:20%""|商人 !! style=""width:20%""|暴君",default,
343,|-,default,
344,|[[file:梦境护照-爵士.png|100px]]||[[file:梦境护照-家族.png|100px]]||[[file:梦境护照-明星.png|100px]]||[[file:梦境护照-商人.png|100px]]||[[file:梦境护照-暴君.png|100px]]||,default,
345,|-,default,
346,| 愿你能寻到自己的巢，愿你能书写自己的诗。||如果你发现能用一套话术赢得所有争论…也许并不是你的技巧有多高明，而是恰巧碰上了家族。 || 多少人的愿望，就是成为一簇稍纵即逝的焰火。 || 生命是一盏灯，开关就在自己手上。 || 路边的猫咪不会在乎喂它零食的人手上是否沾了血。,default,
347,|-,default,
348,|<small>完成「筑梦诗」，记录湛蓝爵士的故事</small> ||<small>默认解锁</small> || <small>完成「银河之星」，记录莱斯利•迪恩的故事</small> || <small>完成「想象一朵未来的玫瑰」，记录柯柯娜的故事</small> || <small>完成「好人难寻」，记录蒂索克二世的故事</small>,default,
349,|-,default,
350,! 学者 !! 英雄 !! 「白日梦」贵宾休息室 !! 女儿,default,
351,|-,default,
352,|[[file:梦境护照-学者.png|100px]] ||[[file:梦境护照-英雄.png|100px]]||[[file:梦境护照-「白日梦」贵宾休息室.png|100px]]||[[file:梦境护照-女儿.png|100px]],default,
353,|-,default,
354,|天才总是战胜不了权力——因为妒忌，因为恐惧。|| 而你，我的朋友，是你自己的英雄。 || 工本不高的椅子承载了太多身家万贯的屁股。 || 爱的反面不是淡漠，是悲剧。,default,
355,|-,default,
356,|<small>完成「树海归于谧宁」，记录查德威克的故事</small> ||<small>找到现实酒店贵宾休息区里奇怪的玩偶，了解他背后的故事</small> || <small>默认解锁</small> || <small>在所有地图内见证韦斯莱和佩内洛普父女的故事</small>,default,
357,|-,default,
358,! 你哪位？ !! 距离感 !! 大人物 !! 狐朋狗友 !! 勇敢者,default,
359,|-,default,
360,| 只要一离开系统给的提示，你就完全记不起此人的名字了。 || 那家伙看上去就不太好惹，还是离得越远越好。 || 向你心中真正的大人物致敬！ || 私下里，你觉得这位朋友和你一样对垃圾桶念念不忘。 || 绝对是吃鱼从不吐刺的那种人。,default,
361,|-,default,
362,| <small>在奥帝购物的中心找到奎茵，填补她缺失的情绪</small> || <small>在路边的小巷找到夏布罗，填补他缺失的情绪</small> || <small>在黄金的时刻艾迪恩公园入口处找到波奇，填补他缺失的情绪</small> || <small>在奥帝购物的中心找到愚致思，填补他缺失的情绪</small> || <small>在奥帝购物中心一辆展出的豪车旁找到莫里斯，填补他缺失的情绪</small>,default,
363,|-,default,
364,! 空白格,default,
365,|-,default,
366,| 如果有的选，你希望自己的人生中查无此人。,default,
367,|-,default,
368,| <small>在奥帝购物中心的奢侈品店旁找到埃韦，填补他缺失的情绪</small>,default,
369,|},default,
370,==12-最荒诞的舞台==,default,
371,这是你与那位赌徒惊心动魄的共演舞台。<br>他为了胜利孤注一掷，却对胜利本身漠然置之。他究竟为什么要这么做？,default,
372,{{剧情选项,default,
373,|选项1=他想要的只是毁灭本身。,option,开拓者
374,|剧情1=「虚无」的令使，黄泉，实现了他的夙愿。<br>他的人生与安详无缘，而命运却教他活着，用他的与生俱来的「幸运」亲手杀死每一位至亲。现在，他终于有机会解脱了。,branch_content,
375,|选项2=他想制造死亡，为公司打开局面。,option,开拓者
376,|剧情2=「虚无」的令使，黄泉，令他圆满完成了任务。<br>他本可以活用公司的资源——财富、情报、甚至下属的生命——但他选择用自己押注。这是出于善意，还是出于谋略？我们如今已无法得知。,branch_content,
377,|选项3=我完全不能理解这个人。,option,开拓者
378,|剧情3=「虚无」的令使，黄泉，无情地击倒了他。<br>为公司掠夺财富是他的目标。你们因此无可避免地走向对立面，但你不辱使命，恭喜。,branch_content,
379,}},default,
380,"{| class=""wikitable"" style=""text-align:center; width:100%""",default,
381,!colspan=5|贴纸,default,
382,|-,default,
383,"! style=""width:20%""|影城导航 !! style=""width:20%""|好伙计们•一 !! style=""width:20%""|好伙计们•二 !! style=""width:20%""|气态笑声 !! style=""width:20%""|禁止明火",default,
384,|-,default,
385,|[[file:梦境护照-影城导航.png|100px]]||[[file:梦境护照-好伙计们•一.png|100px]]||[[file:梦境护照-好伙计们•二.png|100px]]||[[file:梦境护照-气态笑声.png|100px]]||[[file:梦境护照-禁止明火.png|100px]],default,
386,|-,default,
387,| 以此处的地形复杂程度而言，纯属多余。 || 方脸盘的噩梦 || 长得再高也只能当个小弟。 || 在梦里怎么戳也戳不破。 || 想和石头老板一起上天吗？,default,
388,|-,default,
389,| <small>默认解锁</small> || <small>在仓鼠球骑士主题区的拍照版处与同伴们合影</small> || <small>在哈努兄弟主题区的拍照版处与同伴们合影</small> || <small>默认解锁</small> || <small>通过弹珠机到达哈努兄弟主题区的隐藏区域，发现被困的游客。</small>,default,
390,|-,default,
391,! 「慈善家」 !! 匹城黑帮 !! 仓鼠时速 !! 豪车影院 !! 3…2…1…开拍,default,
392,|-,default,
393,|[[file:梦境护照-「慈善家」.png|100px]]||[[file:梦境护照-匹城黑帮.png|100px]]||[[file:梦境护照-仓鼠时速.png|100px]]||[[file:梦境护照-豪车影院.png|100px]]||[[file:梦境护照-3…2…1…开拍.png|100px]],default,
394,|-,default,
395,| 帮的和害的都是同一拨人。 || 不戴墨镜入内，被殴打几率将上升30% || 请自带仓鼠跑轮 || 是豪车，不是汽车——区别很大 || 想不到吧？梦里的屏幕也会频闪。,default,
396,|-,default,
397,| <small>在影视乐园的主题酒吧找到奥科萨娜，填补她缺失的情绪</small> || <small>探索克劳克影视乐园的哈努兄弟主题区</small> || <small>探索克劳克影视乐园的仓鼠球骑士主题区</small> || <small>探索克劳克影视乐园的露天影院区域</small> || <small>在影视乐园的入口附近发现可怕的凶案现场</small>,default,
398,|-,default,
399,! 钟表小子的名句 !! 哈努兄弟的名句 !! 仓鼠球骑士的名句 !! 石头老板的名句,default,
400,|-,default,
401,| 「滴答！真正的好伙计，绝对不会一大早就冲着闹钟撒脾气！」 || 「哼」 || 「速度就是一切！踩下那脚油门吧，朋友！」 || 「穷人哪怕到了梦里也还是穷人——因为这帮可怜虫压根就没见过什么世面！」,default,
402,|-,default,
403,| <small>与影城入口的「钟表小子」交谈，揭示其真实身份</small> || <small>让动漫逐梦客艾薇拉冷静下来，认清现实</small> || <small>让正在烦恼的梦泡艺术家尼奥尼开心起来</small> || <small>与本地人沃尔特交谈，发现他对「结拜兄弟」真正的看法</small>,default,
404,|},default,
405,==13-大梦中的小人物==,default,
406,你听闻一位逐梦客造访此处。他妄图赢得一切，却满盘皆输。<br>无数逐梦客为了美梦赌上未来，却不知美梦本身才是最大的庄家——如果明知赌局必输无疑，你会像那位使节一样押上一切吗？,default,
407,{{剧情选项,default,
408,|选项1=输赢本身没有乐趣可言。,option,开拓者
409,|剧情1=你是真正的「欢愉」化身。<br>你很清楚博弈的乐趣无关输赢，而在每一个揭开底牌的瞬间。但，务必永远记得：有的「欢愉」只会带来一种结局——毁灭。,branch_content,务必永远记得
410,|选项2=失利不意味着亏折。,option,开拓者
411,|剧情2=你认为风险与回报对等。<br>你的思路十分有趣。如果你不是无名客，而是星际和平公司的职员，这份锐利的额直觉一定能助你平步青云。,branch_content,
412,|选项3=只有疯子才会这么做。,option,开拓者
413,|剧情3=你的投资风格绝对消极保守。<br>但这绝不是坏事。生意场如战场，消极保守往往是明哲保身的体现。<br>只是，风险与回报往往对等。即便看似全无胜机，回报终究也会以意想不到的方式来到你身边。,branch_content,
414,}},default,
415,"{| class=""wikitable"" style=""text-align:center; width:100%""",default,
416,!colspan=5|贴纸,default,
417,|-,default,
418,"! style=""width:20%""|城市沙盘：入口 !! style=""width:20%""|城市沙盘：地基 !! style=""width:20%""|城市沙盘：楼群 !! style=""width:20%""|城市沙盘：广告 !! style=""width:20%""|城市沙盘：苏乐达",content,城市沙盘
419,|-,default,
420,|[[file:梦境护照-城市沙盘：入口.png|100px]]||[[file:梦境护照-城市沙盘：地基.png|100px]]||[[file:梦境护照-城市沙盘：楼群.png|100px]]||[[file:梦境护照-城市沙盘：广告.png|100px]]||[[file:梦境护照-城市沙盘：苏乐达.png|100px]],content,城市沙盘
421,|-,default,
422,| 如果不想呕吐，变小时记得紧闭眼睛。 || 该沙盘基于梦幻引擎5搭建开发。 || 比例尺为1:100。 || 你无法想象这个广告位有多昂贵。 || 什么叫品牌效应啊？（战术喝苏乐达）,default,
423,|-,default,
424,| <small>默认解锁</small> || <small>在朝露公馆深处的会议室找到麦考先生，填补他缺失的情绪</small> || <small>在梦境酒店扭曲的贵宾休息室走廊找到薇丝普，填补她缺失的情绪</small> || <small>探索微缩模型，通过气泡弹珠机来到模型最高处</small> || <small>探索微缩模型，通过气泡弹珠机来到高处的平台</small>,default,
425,|-,default,
426,! 城市沙盘：卡座 !! 城市沙盘：恶势力 !! 城市沙盘：微醺「小」鸟,content,城市沙盘
427,|-,default,
428,|[[file:梦境护照-城市沙盘：卡座.png|100px]]||[[file:梦境护照-城市沙盘：恶势力.png|100px]]||[[file:梦境护照-城市沙盘：微醺「小」鸟.png|100px]],content,城市沙盘
429,|-,default,
430,| 要小心别被一巴掌拍扁。 || 千万别和这个男人（还有他的同伙）谈生意，否则后果自负 || 喝到脸都绿了。,default,
431,|-,default,
432,| <small>探索微缩模型，在模型的地面上看到巨大的钢笔</small> || <small>默认解锁</small> || <small>在微缩模型内拔出巨大的折纸「小」鸟</small>,default,
433,|-,default,
434,! 第3轮验收会议结论：不通过 !! 第8轮验收会议结论：不通过 !! 第11轮验收会议结论：不通过 !! 第20轮验收会议结论：不通过,content,轮验收会议结论
435,|-,default,
436,| 「第3轮验收会议结论：不通过」<br>「这栋建筑往右移动两米。」<br>「酒吧的设计再精致一点」<br>「这个招牌再放大一些。」 ||「第8轮验收会议结论：不通过」<br>「奥帝•艾弗法先生对于浮雕的质感表达了不满，会后需要联系筑梦师团队进行微调。」|| 「第11轮验收会议结论：不通过」<br>「原因：星期日先生一票否决了用落叶代替羽毛的视觉效果迭代提议，需要重新迭代方案。」 ||  「第20轮验收会议结论：不通过」<br>「方案熔断，遣散小组。以上。」,content,轮验收会议结论
437,|-,default,
438,| <small>听听朝露公馆的模范侍者与告解者之间的故事</small> || <small>与公馆前厅工作的布琳娜分享八卦趣闻</small> || <small>了解朝露公馆的安保队长里奥悲观的一面</small> || <small>惹怒朝露公馆内自称穿着炫酷机甲的家族护卫</small>,default,
439,|},default,
440,==14-梦中群星==,default,
441,梦里，人造的夜空中，群星飘忽。他们说，伟大的灵魂终将成为天星，为地上的人指引方向。<br>匹诺康尼的繁星由无数逐梦客织成。当你抬头，你会思考些什么？,default,
442,{{剧情选项,default,
443,|选项1=他们也走在「开拓」的道路上。,option,开拓者
444,|剧情1=是啊，「开拓」所涵盖的意涵远比它看上去要深刻得多。令美梦从无到有、令匹诺康尼从贫穷到繁荣，最终隐于繁皇…他们是当之无愧的「无名客」。,branch_content,
445,|选项2=他们与芸芸众生并无区别。,option,开拓者
446,|剧情2=没有人生来比其他人更伟大，你始终恪守这条准则。身为一名无名客，没有什么比这更宝贵的品质了。,branch_content,
447,|选项3=他们不过是追名逐利的投机者。,option,开拓者
448,|剧情3=「这些淘金者简直像一群蝗虫」…如果我没猜错；这句引言足够概括你当下的想法了。<br>他们的伟大只是偶然——历史、或者阿哈的恶作剧——不是么？,branch_content,
449,}},default,
450,"{| class=""wikitable"" style=""text-align:center; width:100%""",default,
451,!colspan=5|贴纸,default,
452,|-,default,
453,"! style=""width:20%""|格拉克斯 !! style=""width:20%""|哈努努 !! style=""width:20%""|无名英雄 !! style=""width:20%""|折纸五杰 !! style=""width:20%""|橡木",default,
454,|-,default,
455,|[[file:梦境护照-格拉克斯.png|100px]]||[[file:梦境护照-哈努努.png|100px]]||[[file:梦境护照-无名英雄.png|100px]]||[[file:梦境护照-折纸五杰.png|100px]]||[[file:梦境护照-橡木.png|100px]],default,
456,|-,default,
457,| 真正的大师总能青史留名。||阿斯德纳最后的狼性。||世界需要更多无名的英雄。||齐心协力，伟大无需多言。||领导者的工作秘诀：永远别让其他人知道你在干什么。,content,领导者的工作秘诀
458,|-,default,
459,| <small>在歌剧院的某个包间中获得格拉克斯的盛会之星收藏卡</small>||<small>完成最后的哈努行动，获取哈努努的盛会之星收藏卡，哼！</small>||<small>在流梦礁高处的秘密台球室获取无名客的盛会之星收藏卡</small>||<small>完成所有折纸小鸟的故事，获取折纸五杰的盛会之星收藏卡</small>||<small>默认解锁</small>,default,
460,|-,default,
461,!苜蓿草!!隐夜鸫!!猎犬!!鸢尾花!!艾迪恩先生,default,
462,|-,default,
463,|[[file:梦境护照-苜蓿草.png|100px]]||[[file:梦境护照-隐夜鸫.png|100px]]||[[file:梦境护照-猎犬.png|100px]]||[[file:梦境护照-鸢尾花.png|100px]]||[[file:梦境护照-艾迪恩先生.png|100px]],default,
464,|-,default,
465,| 有事印钱，无事印着玩。 || 一线工作者总能令人感到亲切。 || 「里子」——好狗狗总是知道应该咬谁。 || 「面子」——总把最光鲜亮丽的一面呈现给你。||一句广告词挣了一辈子的钱。,default,
466,|-,default,
467,|<small>默认解锁</small> || <small>默认解锁</small> || <small>默认解锁</small> || <small>默认解锁</small>||<small>在艾迪恩公园获取艾迪恩先生的盛会之星收藏卡</small>,default,
468,|-,default,
469,! 奥帝•艾弗法 !! 哈姆兹 !! 莱斯利•迪恩 !! 知更鸟 !!梅芙恩•伊里斯,default,
470,|-,default,
471,|[[file:梦境护照-奥帝•艾弗法.png|100px]]||[[file:梦境护照-哈姆兹.png|100px]]||[[file:梦境护照-莱斯利•迪恩.png|100px]]||[[file:梦境护照-梦中群星-知更鸟.png|100px]]||[[file:梦境护照-梅芙恩•伊里斯.png|100px]],default,
472,|-,default,
473,|屹立千年不倒的商界纵横家。 || 滚起来，速度等于生命！ || 转瞬即逝的绚烂流星。 || 一切纷争都在她的歌声中消弭。 ||闭目，开出天籁之花。,default,
474,|-,default,
475,| <small>在奥帝购物的中心获取老奥帝的盛会之星收藏卡</small> || <small>在影视乐园的仓鼠球骑士主题区找到最适合观赏比赛的座位</small> || <small>见证莱斯利•迪恩的故事后，在他的房间里找到他的盛会之星收藏卡</small> || <small>在钟表小子广场收获知更鸟的盛会之星收藏卡</small>|| <small>在朝露公馆深处的某尊雕像下获取梅芙恩•伊里斯的盛会之星收藏卡</small>,default,
476,|-,default,
477,! 歌斐木,default,
478,|-,default,
479,|[[file:梦境护照-歌斐木.png|100px]],default,
480,|-,default,
481,|他的树荫遮蔽一切。,default,
482,|-,default,
483,|<small>在朝露公馆的微缩沙盘附近获得歌斐木的盛会之星收藏卡</small>,default,
484,|-,default,
485,! 橡木家训 !! 苜蓿草家训 !! 隐夜鸫家训 !! 猎犬家训 !! 鸢尾花家训,default,
486,|-,default,
487,| 「同闻，同视，同言，同行。」 || 「多交朋友，因为朋友就是金钱！」 || 「每根细嫩的枝条都是梦乡的筑材。」 || 「只让你的敌人听到一声犬嚎。」 || 「用音符和舞步编织美梦。」,default,
488,|-,default,
489,| <small>在朝露公馆调查橡木家的徽记</small> || <small>在朝露公馆调查苜蓿草的徽记</small> || <small>在朝露公馆调查隐夜鸫的徽记</small> || <small>在朝露公馆调查猎犬家的徽记</small> || <small>在朝露公馆调查鸢尾花的徽记</small>,default,
490,|},default,
491,==15-最后的大亨==,default,
492,月光下，一位老人睡着了。<br>他为自己热爱的土地、为故友、为「开拓」献出了一生。现在，他抵达「开拓」的终点，坠入此生最漫长的梦，徒留空洞的躯壳躺在人间，一如那枚过去承载着某人珍视之物的梦泡。<br>如今，你们正共享同一片星空。两道「开拓」之旅于是交织——对此，你会做如何感想？,default,
493,{{剧情选项,default,
494,|选项1=我想要继续他未尽的道路。,option,开拓者
495,|剧情1=看来...你视每一个瞬间为「开拓」的起点。如此，「开拓」之旅便永远不会结束。<br>真有趣，你与那位米哈伊尔的思想简直如出一辙。倘若他还活着......<br>...你们一定能够成为意气相投的好伙伴吧。,branch_content,
496,|选项2=很高兴我们能同享一片风景。,option,开拓者
497,|剧情2=看来...你珍惜「开拓」之旅的每一个瞬间，每一次交汇。<br>真有趣，那位拉扎莉娜也曾有过无比相似的感想。如果你们生活在同一时代...<br>...你们一定会有许多共同语言吧。,branch_content,
498,|选项3=我们不过是彼此「开拓」之旅的过客。,option,开拓者
499,|剧情3=看来...你相信「开拓」是孤独的，一条直指终点的苦旅。<br>真有趣，你竟然与那位铁尔南默契十足。虽然他不善言语，但假如你们能结伴而行......<br>...他一定会放心将后背交给你的。,branch_content,
500,}},default,
501,"{| class=""wikitable"" style=""text-align:center; width:100%""",default,
502,!colspan=5|贴纸,default,
503,|-,default,
504,"! style=""width:20%""|涂鸦•一 !! style=""width:20%""|涂鸦•二 !! style=""width:20%""|涂鸦•三 !! style=""width:20%""|街边小憩 !! style=""width:20%""|钟表匠的礼帽",default,
505,|-,default,
506,|[[file:梦境护照-涂鸦•一.png|100px]]||[[file:梦境护照-涂鸦•二.png|100px]]||[[file:梦境护照-涂鸦•三.png|100px]]||[[file:梦境护照-街边小憩.png|100px]]||[[file:梦境护照-钟表匠的礼帽.png|100px]],default,
507,|-,default,
508,| 现在是，抗争时间 || 活在谎言里，直到大厦崩塌。 || 真相总是不够悦耳 || 什么人会把沙发放在室外？ || 每一个不曾起舞的日子，都是对「开拓」的辜负。,default,
509,|-,default,
510,|<small>默认解锁</small> || <small>默认解锁</small> || <small>默认解锁</small> || <small>探索流梦礁没有行人的小巷，追寻「流梦帮」的足迹</small> || <small>推进开拓任务获得</small>,default,
511,|-,default,
512,! 米哈伊尔之眠!! 神的存在 !! 旧友 !! 睡城 !! 梦的内核,default,
513,|-,default,
514,|[[file:梦境护照-米哈伊尔之眠.png|100px]]||[[file:梦境护照-神的存在.png|100px]]||[[file:梦境护照-旧友.png|100px]]||[[file:梦境护照-睡城.png|100px]]||[[file:梦境护照-梦的内核.png|100px]],default,
515,|-,default,
516,| 闭上眼，放下一切，然后酣眠。 || 信则存在，不信则无。 || 即使虚构，亦是坚不可摧的忠诚。 || 在梦的界域，混乱无序方为真实。 || 残破、腐朽，但还是要看向天空。,default,
517,|-,default,
518,| <small>和流梦礁的守护者聊聊</small> || <small>探索流梦礁居民区，了解「万千铁桶之神」</small> || <small>调查钟表匠身边的雕像</small> || <small>调查流梦礁中的扭曲漩涡</small> || <small>调查已经生锈的巨大钟表小子</small>,default,
519,|-,default,
520,! 迷途日记•士兵 !! 迷途日记•舞者 !! 迷途日记•流浪者 !! 迷途日记•富翁,default,
521,|-,default,
522,| 「我为太多的不义之举开过枪，也为太多品性恶劣的指挥官负过伤。但在这里，我终于找到了一个能说服自己继续战斗的理由。」 || 「在睡城，他们不会把我跳的每一支舞都当作商品。我喜欢这里。」 || 「一无所有不好吗？一无所有很好。我喜欢这种生活」 || 「谁能想到？我这辈子第一次感觉自己被当成一个正常人对待，居然是在这么个不见天日的破地方！该死的，我甚至都想一辈子留在这里，当个好好先生慈善家了！」,default,
523,|-,default,
524,| <small>在流梦礁居民区的栏杆处拾取</small> || <small>在流梦礁的驻唱者身边拾取</small> || <small>在流梦礁的车站处拾取</small> || <small>在流梦礁的某个垃圾箱附近拾取</small>,default,
525,|},default,
526,==16-那是一个最好的时代==,default,
527,海选赛场欢声雷动，一如匹城新生时万众逐梦的世纪。<br>那是最好的时代，也是最坏的时代：那是人人得见幸福的乐园，那是适者生存的蛮荒之地；人们应有尽有，人们一无所有；我们永远记念过去，我们永远逃离过去——<br>可又有谁能说，我们已经挣脱一切矛盾，走向无可置疑的新世界？,content,也是最坏的时代
528,{{剧情选项,default,
529,|选项1=没错，世界本就矛盾，我们无计可施。,option,开拓者
530,|剧情1=事实正是如此，所有人都活在一串沉重的诅咒中。<br>人们为之抗争，为之沉沦；为之胜利，为之失败。在如此种种矛盾层叠中，我们的时代终将在深渊中攀升，直到离阳光更近。,branch_content,
531,|选项2=但我们已为之付出努力，这就足够了。,option,开拓者
532,|剧情2=毫无疑问，努力本身就有价值。<br>请记得：你现在所做的一切，都比曾经做过的更伟大；你「开拓」之旅的前方，也将比你曾了解的地方更美好。,branch_content,请记得
533,|选项3=我不想思考这些，只想好好活着。,option,开拓者
534,|剧情3=毋庸讳言，生存才是生命唯一的主旋律。<br>我们的时代纵然同它自己时刻针锋相对，但生命总会找到出路。人们唯一要做的便是等待，心怀希望，然后前进。,branch_content,
535,}},default,
536,"{| class=""wikitable"" style=""text-align:center; width:100%""",default,
537,!colspan=5|贴纸,default,
538,|-,default,
539,"! style=""width:20%""|片场 !! style=""width:20%""|代言人 !! style=""width:20%""|开拍！ !! style=""width:20%""|金主 !! style=""width:20%""|大本营",default,
540,|-,default,
541,|[[file:梦境护照-片场.png|100px]]||[[file:梦境护照-代言人.png|100px]]||[[file:梦境护照-开拍！.png|100px]]||[[file:梦境护照-金主.png|100px]]||[[file:梦境护照-大本营.png|100px]],default,
542,|-,default,
543,| 灯光师在哪？ || 手把手教你如何包装一名（或一对）偶像。 || 所有人都见过，但只有很少人知道这东西叫什么——记住了，「场记板」。|| 但你还是得自掏腰包买饮料喝。 || 完结一切哈努兄弟的哈努…大兄弟。,default,
544,|-,default,
545,| <small>默认解锁</small> || <small>修复加西亚的心绪表盘</small> || <small>默认解锁</small> || <small>帮助在会场入口偶遇的汽水瓶完成选拔</small> || <small>在哈努兄弟关卡的终点拾取</small>,default,
546,|-,default,
547,! 孤独的巨人 !! 盛会起点 !! 巨星诞生,default,
548,|-,default,
549,|[[file:梦境护照-孤独的巨人.png|100px]]||[[file:梦境护照-盛会起点.png|100px]]||[[file:梦境护照-巨星诞生.png|100px]],default,
550,|-,default,
551,| 越显眼，越孤单。 || 从这里开始踏上巨星之路。 || 喷射一次需要消耗5.7吨苏乐达,default,
552,|-,default,
553,| <small>在巨型梦境迷钟关卡的终点拾取</small> || <small>在会场的入口拾取</small> || <small>在会场的终点拾取</small>,default,
554,|-,default,
555,! 狐人族的参赛留言 !! 假面愚者的参赛留言 !! 纯美骑士的参赛留言,default,
556,|-,default,
557,|「离开仙舟之后我才知道，原来宇宙里不是所有人都喜欢毛绒绒的耳朵和尾巴的…很不幸，我遇上的那位评委就对狐人的毛发过敏。」 || 「我当然知道我赢不了——但嬴也从来不是我的目标。尽心尽力地给其他选手添乱才是我的欢愉来源！」 || 「多么荒诞的秀场，引人嗤笑…但谁知道呢，或许在赢得那所谓的巨星名号后，美丽的伊德莉拉会向我投来瞥视？啊…抱歉，我后悔了——请让我报名。」,default,
558,|-,default,
559,| <small>默认解锁</small> || <small>选秀结束后，完成任意一个彩蛋关卡</small> || <small>选秀结束后，找到会场内的某个隐藏房间</small>,default,
560,|},default,
561,==17-晨星与昏星==,default,
562,「梦想之地」匹诺康尼的故事终于落下帷幕。<br>无名客、反目的兄妹、「虚无」令使、公司的使节…有太多命途行者走上台前，将自己视为主角，用各自的信念与行动共同编织出这场盛大的悲喜剧。然而，台面上的悲欢并非戏剧的全部。总得有人始终隐于幕后，而我便是其中之一。<br>不如来玩个简单的小游戏吧——猜猜我是谁？,default,
563,{{剧情选项,default,
564,|选项1=你一定是我熟悉的人。,option,开拓者
565,|剧情1=我们早就熟悉彼此...有意思的是，我也有同感。<br>但正确答案果真如此吗？别心急，等到一同见证尘埃全部落定，我就会向你表明真身。,branch_content,
566,|选项2=你给我一种陌生的感觉。,option,开拓者
567,|剧情2=我们不过是彼此「开拓」之旅的过客...有意思的是，我也有同感。<br>但正确答案果真如此吗？别心急，等到一同见证尘埃全部落定，我就会向你表明真身。,branch_content,
568,|选项3=我毫无头绪。,option,开拓者
569,|剧情3=我们完全无法看透彼此...有意思的是，我也有同感。<br>那么，正确答案究竟是什么？别心急，等到一同见证尘埃全部落定，我就会向你表明真身。,branch_content,
570,}},default,
571,"{| class=""wikitable"" style=""text-align:center; width:100%""",default,
572,!colspan=5|贴纸,default,
573,|-,default,
574,"! style=""width:20%""|天眼 !! style=""width:20%""|幕间休息 !! style=""width:20%""|星光聚集之处 !! style=""width:20%""|节目单 !! style=""width:20%""|舞者•一",default,
575,|-,default,
576,|[[file:梦境护照-天眼.png|100px]]||[[file:梦境护照-幕间休息.png|100px]]||[[file:梦境护照-星光聚集之处.png|100px]]||[[file:梦境护照-节目单.png|100px]]||[[file:梦境护照-舞者•一.png|100px]],default,
577,|-,default,
578,| 没有任何梦能逃过它的千双锐眼。 || 即使不在舞台上，举手投足也要保持优雅。 || 在世界的中心歌颂同谐 || 没有一个节目不是在歌颂家族 || 舞，为了宇宙的律动。,default,
579,|-,default,
580,| <small>尝试对一只黑鸟发动钟表把戏</small> || <small>在歌剧院的接待大厅处拾取</small> || <small>在舞台的入口处拾取</small> || <small>完成知更鸟的委托</small> || <small>故事告一段落后，回到歌剧院的混乱之屋</small>,default,
581,|-,default,
582,! 舞者•二 !! 舞者•三 !! 同音共律的来日 !! 醉于盛会的此刻 !! 身陷樊笼的往昔,default,
583,|-,default,
584,|[[file:梦境护照-舞者•二.png|100px]]||[[file:梦境护照-舞者•三.png|100px]]||[[file:梦境护照-同音共律的来日.png|100px]]||[[file:梦境护照-醉于盛会的此刻.png|100px]]||[[file:梦境护照-身陷樊笼的往昔.png|100px]],default,
585,|-,default,
586,| 舞，为了世界的温热。 || 舞，为了心灵的祥和。 || 在一个完美的世界里，你我都是乐手。 || 在一个完美的世界里，你我都是社会名流。 || 在一个完美的世界里，你我都是笼中囚鸟。,default,
587,|-,default,
588,| <small>故事告一段落后，回到歌剧院的同谐之屋</small> || <small>故事告一段落后，回到歌剧院的秩序之屋</small> || <small>默认解锁</small> || <small>默认解锁</small> || <small>默认解锁</small>,default,
589,|-,default,
590,! 彩排片段•其一 !! 彩排片段•其二 !! 彩排片段•其三,default,
591,|-,default,
592,|「放弃你毕生所学的一切舞技，与你身边的每位舞者心灵相通。一百只鞋跟与舞台相撞，只应发出一声铿响。」 || 「忘记属于你自己的舒适音域，与你身边的每位歌者融为一体。万人齐颂，应如一灵独唱。」 || 「忘记你曾学习过的任何表演，将身心彻底投入无我的时空。莫摆出做作的神情，令无暇的同谐蒙羞。」,default,
593,|-,default,
594,| <small>安慰疲倦的梦境修理工</small> || <small>倾听筑梦师乔治的故事</small> || <small>了解指挥家对于「谐乐大典」的看法</small>,default,
595,|},default,
596,==18-尘归尘，土归土==,default,
597,终于，美梦的安可曲也步入尾声。所有人，这场小小闹剧中的所有人，也包括我，都获得了与他们的付出相配的结局。<br>再次感谢你为匹诺康尼付出的一切。星穹列车前测绘师，拉扎莉娜•简•艾丝黛拉，向你致敬——<br>——愿你的「开拓」之旅永不终结，{玩家名}。,default,
598,{{剧情选项,default,
599,|选项1=也向你致敬，无名客。,option,开拓者
600,|剧情1=少女的长梦已抵达终点，此处再无人能够回应了。,branch_content,
601,|选项2=竟然是你？难道你还活着？,option,开拓者
602,|剧情2=少女的长梦已抵达终点，此处再无人能够回应了。,branch_content,
603,}},default,
604,"{| class=""wikitable"" style=""text-align:center; width:100%""",default,
605,!colspan=5|贴纸,default,
606,|-,default,
607,"! style=""width:20%""|流萤 !! style=""width:20%""|「星核猎手」萨姆 !! style=""width:20%""|砂金 !! style=""width:20%""|卡卡瓦夏 !! style=""width:20%""|托帕",default,
608,|-,default,
609,|[[file:梦境护照-第十八页-流萤.png|100px]]||[[file:梦境护照-第十八页-「星核猎手」萨姆.png|100px]]||[[file:梦境护照-第十八页-砂金.png|100px]]||[[file:梦境护照-第十八页-卡卡瓦夏.png|100px]]||[[file:梦境护照-第十八页-托帕.png|100px]],default,
610,|-,default,
611,| 我们的未来一定会再次交汇。 || 今天，映红的天空也格外美好。 || 我看到了。你要继续赢下去。 || 你们看到了吗？我又赢了。 || 让大部分人满意的结果，也算是不虚此行。,default,
612,|-,default,
613,| <small>默认解锁</small> || <small>默认解锁</small> || <small>默认解锁</small> || <small>默认解锁</small> || <small>默认解锁</small>,default,
614,|-,default,
615,! 真理医生 !! 翡翠 !! 黑天鹅 !! 黄泉 !! 花火,default,
616,|-,default,
617,|[[file:梦境护照-第十八页-真理医生.png|100px]]||[[file:梦境护照-第十八页-翡翠.png|100px]]||[[file:梦境护照-第十八页-黑天鹅.png|100px]]||[[file:梦境护照-第十八页-黄泉.png|100px]]||[[file:梦境护照-第十八页-花火.png|100px]],default,
618,|-,default,
619,| 只是做好一个配角该做的事。 || 下一站，也会有许多伫候实现的愿望。 || 宝贵的记忆，最终还是跑进我的掌心了呢。 || 在清醒的世界里再次起舞吧。 || 面具可是个好东西…要不，你也弄一个戴戴？,default,
620,|-,default,
621,| <small>默认解锁</small> || <small>默认解锁</small> || <small>默认解锁</small> || <small>默认解锁</small> || <small>默认解锁</small>,default,
622,|-,default,
623,! 花火大小姐的炸弹 !! 米沙 !! 加拉赫 !! 知更鸟 !! 星期日,default,
624,|-,default,
625,|[[file:梦境护照-第十八页-花火大小姐的炸弹.png|100px]]||[[file:梦境护照-第十八页-米沙.png|100px]]||[[file:梦境护照-第十八页-加拉赫.png|100px]]||[[file:梦境护照-第十八页-知更鸟.png|100px]]||[[file:梦境护照-第十八页-星期日.png|100px]],default,
626,|-,default,
627,| 丁零当啷，叽里咕噜，乒乒乓乓，噼里啪啦！ || 我们会永远活下去，对吗？ ||书写一段真实的历史，这感觉不坏。 || 从现在起，我也要为了自己歌唱。 || 祂说，要有光…慈和的，并不灼烈的光。,default,
628,|-,default,
629,| <small>默认解锁</small> || <small>默认解锁</small> || <small>默认解锁</small> || <small>默认解锁</small> || <small>默认解锁</small>,default,
630,|-,default,
631,! 波提欧 !! 银枝 !! 舒翁 !! 米凯 !! 王下一桶,default,
632,|-,default,
633,|[[file:梦境护照-第十八页-波提欧.png|100px]]||[[file:梦境护照-第十八页-银枝.png|100px]]||[[file:梦境护照-第十八页-舒翁.png|100px]]||[[file:梦境护照-第十八页-米凯.png|100px]]||[[file:梦境护照-第十八页-王下一桶.png|100px]],default,
634,|-,default,
635,| 这地方到处都是宝贝！字面意思，你别误会。 || 挚友，你的美德指引着我前行的路。 || 抬头看不见太阳的时候，就低头喝一杯吧…会好的。 || 想找人倾诉的时候，你知道去哪找我。 || 会嬴的。,default,
636,|-,default,
637,| <small>默认解锁</small> || <small>默认解锁</small> || <small>默认解锁</small> || <small>默认解锁</small> || <small>默认解锁</small>,default,
638,|-,default,
639,! 钟表小子 !! 哈努兄弟 !! 湛蓝爵士 !! 翠绿经理 !! 妃色夫人,default,
640,|-,default,
641,|[[file:梦境护照-第十八页-钟表小子.png|100px]]||[[file:梦境护照-第十八页-哈努兄弟.png|100px]]||[[file:梦境护照-第十八页-湛蓝爵士.png|100px]]||[[file:梦境护照-第十八页-翠绿经理.png|100px]]||[[file:梦境护照-第十八页-妃色夫人.png|100px]],default,
642,|-,default,
643,| 滴答！回头见咯，灰色的朋友！ || …哼。（但你听懂了他的言下之意：「干得漂亮，伙计。」） || 再来一起建设梦境吧，啾！ || 再来一起规划经营吧，啾！ || 再来一起盛装打扮吧，啾！,content,但你听懂了他的言下之意
644,|-,default,
645,| <small>默认解锁</small> || <small>默认解锁</small> || <small>默认解锁</small> || <small>默认解锁</small> || <small>默认解锁</small>,default,
646,|-,default,
647,! 赤红大哥 !! 黄金公子 !! {玩家名} !!  !!,default,
648,|-,default,
649,|[[file:梦境护照-第十八页-赤红大哥.png|100px]]||[[file:梦境护照-第十八页-黄金公子.png|100px]]||[[file:梦境护照-第十八页-开拓者.png|100px]]|| ||,default,
650,|-,default,
651,| 再来一起耀武扬威吧，啾！ || 再来一起挥金如土吧，啾！ || 开拓者，船长，以及真正的盛会巨星！ ||  ||,default,
652,|-,default,
653,| <small>默认解锁</small> || <small>默认解锁</small> || <small>默认解锁</small> ||  ||,default,
654,|-,default,
655,! 邂逅与告别•其一 !! 邂逅与告别•其二 !! 邂逅与告别•其三 !! 完美结局•其一 !! 完美结局•其二,default,
656,|-,default,
657,| 贯穿时空始末的混沌，你与她的邂逅始于一颗名为星核的祸种。若猎手不曾遵循剧本的进程，银河的后天又会有何剧变？ || 混乱不堪的空间站，你与他们的邂逅始于诞生之后的苏醒。若列车不曾停靠于湛蓝色的星球，旅途的续篇又会如何书写？ || 霓虹闪烁的幻梦街头，你与她的邂逅始于一场意外的纠纷。若你的脑中不曾冒出调停的想法，故事的结局又会走向何方？ || 所有悲郁的、欢欣的、镇定的、愤懑的，全都在今天变成了同一种情绪——敬这趟旅程的完美结局！ || 曾经，我们梦见彼此互不相识。醒来，却发现我们原本相亲相爱。,default,
658,|-,default,
659,| <small>默认解锁</small> || <small>默认解锁</small> || <small>默认解锁</small> || <small>默认解锁</small> || <small>默认解锁</small>,default,
660,|-,default,
661,|},default,
