﻿line_number,content,category,character
1,{{角色图鉴,default,
2,|名称=瓦尔特,default,
3,|外文名=Welt,default,
4,|称号=,default,
5,|全名=瓦尔特•杨/约阿希姆•诺基安维塔宁,default,
6,|性别=男,default,
7,|稀有度=5星,default,
8,|限定=否,default,
9,|阵营=星穹列车,default,
10,|命途=虚无,default,
11,|命途材料=虚无1,default,
12,|元素属性=虚数,default,
13,|介绍=老成持重的列车组前辈。<br>享受着久违的冒险奇遇，心底埋藏的热血再度燃烧。<br>偶尔还会将经历的冒险旅程画在本子里。,default,
14,|TAG=行动延后、减速、额外伤害、附加伤害、易伤、能量、自身伤害提升、特殊领域、群攻,default,
15,|星魂TAG=,default,
16,|角色定位=瓦尔特是一名虚无命途的虚数属性角色。在其施放战技和终结技后，能减缓敌方行动。,default,
17,|实装日期=2023年04月26日,default,
18,|实装版本=1.0,default,
19,|昵称/外号=杨叔、{{黑幕|老杨}}、{{黑幕|杨卧起坐}},default,
20,|派系=无名客、星穹列车,default,
21,|出身=地球,default,
22,|体型=成男,default,
23,|种族=人类（前律者）,default,
24,|职业=「星穹列车」成员，前逆熵盟主,default,
25,|所在位置=星穹列车-观景车厢<!-- 地图名称 -->,default,
26,|中文CV=彭博,default,
27,|日文CV=細谷佳正,default,
28,|韩文CV=한신,default,
29,|英文CV=Corey Landis,default,
30,|卷首语=「这片银河容得下任何的可能性，而人的命运也不应当只有上天给予的那一条道路。」,default,
31,|短信签名=列车组各位，随时保持联系,default,
32,|角色详细=老成持重的前逆熵盟主，继承了「世界」之名，曾屡次拯救世界于灭亡的边缘。<br>圣方丹事件结束后，瓦尔特被迫与事件始作俑者去向星门另一侧。<br>或许连他自己也未曾料到，在那里等待着的，将是全新的旅途和同伴。,default,
33,|角色故事1=前往星门的路途中，瓦尔特取了一支笔，开始在纸上勾勒画面。之前的八年，他一直重复着这样的工作。<br><br>,default,
34,当时间再往前回溯，他曾使用另一种方式构建物件，只需那些印象在他的头脑中出现。但他始终无法视其为「创造」，因为那只是世界原本的模样，与他本人的想法无关。<br><br>,default,
35,这不过是继承了「世界」之名的他应尽的责任，如果世界需要他拯救，他便成为这样的英雄，毫不犹豫。他倒下过很多次，被嘲弄过很多次，但他总会站在所有人面前，从过去到将来，从未改变。<br><br>,default,
36,只是如今，他要踏上新的旅程。,default,
37,|角色故事2=当瓦尔特重新投入危险的宇宙战场中，他身体中的热血久违地重又燃烧起来。<br><br>,default,
38,即使自己搭坐的飞船在宇宙中失去动力、漫无目的地漂泊时，他也曾见怪不怪地与同伴开玩笑：''「一段冒险的终点，往往是另一段冒险的开场。」''<br><br>,content,他也曾见怪不怪地与同伴开玩笑
39,当路过的姬子把他们从飞船里救出，告知他们无法回家时，他仍然打趣道：''「这种剧情拍成动画，大家都会觉得太过凑巧。」''<br><br>,branch_content,他仍然打趣道
40,事情就是这么凑巧。<br><br>,default,
41,——既然暂时找不到回到家乡、回到和平生活的办法，那就再次开始战斗吧？<br><br>,default,
42,这一次，无需背负命运，一切听从自己的旨意。,default,
43,|角色故事3=如今的瓦尔特不会轻易出手，他是否还保存着鼎盛时期的实力并未可知。只是从他由「伊甸之星」改造的手杖而言，「操纵重力」仍旧是他惯用的作战手段。<br><br>,default,
44,将敌人以重力压制，甚至制造近似黑洞的存在——他习以为常的能力，却得到了列车上年轻人的声声惊叹。<br><br>,default,
45,''「杨叔什么都会，好厉害！」<br>「如果有不懂的地方，你可以请教瓦尔特先生。」<br>「一个个来，你们让他歇一会儿……」''<br><br>,default,
46,他惊觉，自己的信手拈来与云淡风轻，不过是经历了太多，满是岁月流过的痕迹。而列车上的年轻人仍像是一张白纸，正在书写他们自己的人生。<br><br>,default,
47,——自己应当在其中承担怎样的责任呢？<br><br>,default,
48,他不禁想起了自己的生命中，那些曾经帮助过他的名字。,default,
49,|故事3角色=三月七、丹恒、姬子,default,
50,|角色故事4=''「瓦尔特的日志 ████年██月██日。''<br><br>,default,
51,''███与主角组的人际关系：''<br><br>,content,与主角组的人际关系
52,''█——███心中如动画主角般闪闪发光的年轻人，冲吧！''<br>,default,
53,''███——活泼的年轻人，希望她能一直这么想象力丰富，即使做错事了也不希望她太愧疚，年轻人犯点错都是难免的事，有███在可以帮她搞定''。<br>,default,
54,''██——可靠的年轻人，基本不用操心。希望他能多和███聊聊，但如果他不想聊也就这样吧。''<br>,default,
55,''██——可以交付生命的同伴，███相信她会做出最正确的决定。''<br>,default,
56,''██——动画作品中常见的角色，一个看似可爱但实际背景深厚力量强大的生物。''<br><br>,default,
57,''注：如果能回到家乡，考虑把这段经历拍成动画吧。」'',content,注
58,|故事4角色=三月七、丹恒、姬子、开拓者,default,
59,|晋阶属性材料=往日之影的金饰,default,
60,|晋阶系列材料=铁卫,default,
61,|速度=102,default,
62,|能量上限=120,default,
63,|生命值=153,default,
64,|20生命值=298,default,
65,|20+生命值=359,default,
66,|30生命值=436,default,
67,|30+生命值=497,default,
68,|40生命值=574,default,
69,|40+生命值=635,default,
70,|50生命值=712,default,
71,|50+生命值=773,default,
72,|60生命值=849,default,
73,|60+生命值=911,default,
74,|70生命值=987,default,
75,|70+生命值=1048,default,
76,|80生命值=1125,default,
77,|攻击力=84,default,
78,|20攻击力=164,default,
79,|20+攻击力=198,default,
80,|30攻击力=240,default,
81,|30+攻击力=274,default,
82,|40攻击力=316,default,
83,|40+攻击力=350,default,
84,|50攻击力=392,default,
85,|50+攻击力=426,default,
86,|60攻击力=468,default,
87,|60+攻击力=502,default,
88,|70攻击力=544,default,
89,|70+攻击力=578,default,
90,|80攻击力=620,default,
91,|防御力=69,default,
92,|20防御力=135,default,
93,|20+防御力=162,default,
94,|30防御力=197,default,
95,|30+防御力=225,default,
96,|40防御力=259,default,
97,|40+防御力=287,default,
98,|50防御力=322,default,
99,|50+防御力=349,default,
100,|60防御力=384,default,
101,|60+防御力=412,default,
102,|70防御力=446,default,
103,|70+防御力=474,default,
104,|80防御力=509,default,
105,|星魂1=名的传承,default,
106,|星魂1描述=施放终结技后，瓦尔特获得强化，在随后2次施放普攻或战技时额外对敌方目标造成1次附加伤害。施放普攻造成的附加伤害等同于普攻伤害倍率的50%，施放战技造成的附加伤害等同于战技伤害倍率的80%。,default,
107,|星魂2=星的凝聚,default,
108,|星魂2描述=触发天赋时，瓦尔特恢复3点能量。,default,
109,|星魂3=和平的祈愿,default,
110,|星魂3描述=战技等级+2，最多不超过15级；普攻等级+1，最多不超过10级。,default,
111,|星魂4=义的名号,default,
112,|星魂4描述=施放战技时，使受到攻击的敌方目标速度降低的基础概率提高35%。,default,
113,|星魂5=善的力量,default,
114,|星魂5描述=终结技等级+2，最多不超过15级；天赋等级+2，最多不超过15级。,default,
115,|星魂6=光明的未来,default,
116,|星魂6描述=施放战技时，对随机敌方单体额外造成1次伤害。,default,
117,|周本材料=毁灭者的末路,default,
118,}},default,
119,==行迹==,default,
120,{{角色/行迹,default,
121,|命途=虚无,default,
122,|命途材料=虚无1,default,
123,|普攻=重力压制,default,
124,|战技=虚空断界,default,
125,|终结技=拟似黑洞,default,
126,|天赋=时空扭曲,default,
127,|秘技=画地为牢,default,
128,|普攻TAG=单攻,default,
129,|普攻描述=对指定敌方单体造成少量{{颜色|虚数|虚数属性伤害}}。,default,
130,|战技TAG=弹射,default,
131,|战技能量=10,default,
132,|战技描述=对指定敌方单体造成少量{{颜色|虚数|虚数属性伤害}}，并{{颜色|描述2|额外造成2次伤害}}，每次伤害对敌方随机单体造成{{颜色|虚数|虚数属性伤害}}。攻击命中时有一定{{颜色|描述2|{{技能注释|基础概率}}}}使受到攻击的敌方目标{{颜色|描述2|速度降低10%}}，持续2回合。,default,
133,|战技效果加成=星魂4、星魂6,default,
134,|战技属性数=3,default,
135,|战技属性1=战技单体伤害,default,
136,|战技属性1LV1=36%攻击力,default,
137,|战技属性1LV2=39.6%攻击力,default,
138,|战技属性1LV3=43.2%攻击力,default,
139,|战技属性1LV4=46.8%攻击力,default,
140,|战技属性1LV5=50.4%攻击力,default,
141,|战技属性1LV6=54%攻击力,default,
142,|战技属性1LV7=58.5%攻击力,default,
143,|战技属性1LV8=63%攻击力,default,
144,|战技属性1LV9=67.5%攻击力,default,
145,|战技属性1LV10=72%攻击力,default,
146,|战技属性1LV11=75.6%攻击力,default,
147,|战技属性1LV12=79.2%攻击力,default,
148,|战技属性1LV13=82.8%攻击力,default,
149,|战技属性1LV14=86.4%攻击力,default,
150,|战技属性1LV15=90%攻击力,default,
151,|战技属性2=战技弹射伤害,default,
152,|战技属性2LV1=36%攻击力,default,
153,|战技属性2LV2=39.6%攻击力,default,
154,|战技属性2LV3=43.2%攻击力,default,
155,|战技属性2LV4=46.8%攻击力,default,
156,|战技属性2LV5=50.4%攻击力,default,
157,|战技属性2LV6=54%攻击力,default,
158,|战技属性2LV7=58.5%攻击力,default,
159,|战技属性2LV8=63%攻击力,default,
160,|战技属性2LV9=67.5%攻击力,default,
161,|战技属性2LV10=72%攻击力,default,
162,|战技属性2LV11=75.6%攻击力,default,
163,|战技属性2LV12=79.2%攻击力,default,
164,|战技属性2LV13=82.8%攻击力,default,
165,|战技属性2LV14=86.4%攻击力,default,
166,|战技属性2LV15=90%攻击力,default,
167,|战技属性3=敌方减速概率,default,
168,|战技属性3LV1=65%,default,
169,|战技属性3LV2=66%,default,
170,|战技属性3LV3=67%,default,
171,|战技属性3LV4=68%,default,
172,|战技属性3LV5=69%,default,
173,|战技属性3LV6=70%,default,
174,|战技属性3LV7=71.25%,default,
175,|战技属性3LV8=72.5%,default,
176,|战技属性3LV9=73.75%,default,
177,|战技属性3LV10=75%,default,
178,|战技属性3LV11=76%,default,
179,|战技属性3LV12=77%,default,
180,|战技属性3LV13=78%,default,
181,|战技属性3LV14=79%,default,
182,|战技属性3LV15=80%,default,
183,|终结技TAG=群攻,default,
184,|终结技描述=对敌方全体造成{{颜色|虚数|虚数属性伤害}}，有{{颜色|描述2|100%}}的{{技能注释|基础概率}}使受到攻击的敌方目标陷入禁锢状态，持续1回合。<br>禁锢状态下，敌方目标{{颜色|描述2|{{技能注释|行动延后}}}}，{{颜色|描述2|速度降低10%}}。,default,
185,|终结技效果加成=星魂1、额外能力1、额外能力2,default,
186,|终结技属性数=2,default,
187,|终结技属性1=全体伤害,default,
188,|终结技属性1LV1=90%攻击力,default,
189,|终结技属性1LV2=96%攻击力,default,
190,|终结技属性1LV3=102%攻击力,default,
191,|终结技属性1LV4=108%攻击力,default,
192,|终结技属性1LV5=114%攻击力,default,
193,|终结技属性1LV6=120%攻击力,default,
194,|终结技属性1LV7=127.5%攻击力,default,
195,|终结技属性1LV8=135%攻击力,default,
196,|终结技属性1LV9=142.5%攻击力,default,
197,|终结技属性1LV10=150%攻击力,default,
198,|终结技属性1LV11=156%攻击力,default,
199,|终结技属性1LV12=162%攻击力,default,
200,|终结技属性1LV13=168%攻击力,default,
201,|终结技属性1LV14=174%攻击力,default,
202,|终结技属性1LV15=180%攻击力,default,
203,|终结技属性2=行动延后,default,
204,|终结技属性2LV1=32%,default,
205,|终结技属性2LV2=32.8%,default,
206,|终结技属性2LV3=33.6%,default,
207,|终结技属性2LV4=34.4%,default,
208,|终结技属性2LV5=35.2%,default,
209,|终结技属性2LV6=36%,default,
210,|终结技属性2LV7=37%,default,
211,|终结技属性2LV8=38%,default,
212,|终结技属性2LV9=39%,default,
213,|终结技属性2LV10=40%,default,
214,|终结技属性2LV11=40.8%,default,
215,|终结技属性2LV12=41.6%,default,
216,|终结技属性2LV13=42.4%,default,
217,|终结技属性2LV14=43.2%,default,
218,|终结技属性2LV15=44%,default,
219,|天赋TAG=强化,default,
220,|天赋GIF=0,default,
221,|天赋描述=击中处于减速状态的敌方目标时，额外造成1次{{颜色|虚数|虚数属性{{技能注释|附加伤害}}}}。,default,
222,|天赋效果加成=星魂2、额外能力3,default,
223,|天赋属性1=附加伤害,default,
224,|天赋属性1LV1=30%攻击力,default,
225,|天赋属性1LV2=33%攻击力,default,
226,|天赋属性1LV3=36%攻击力,default,
227,|天赋属性1LV4=39%攻击力,default,
228,|天赋属性1LV5=42%攻击力,default,
229,|天赋属性1LV6=45%攻击力,default,
230,|天赋属性1LV7=48.75%攻击力,default,
231,|天赋属性1LV8=52.5%攻击力,default,
232,|天赋属性1LV9=56.25%攻击力,default,
233,|天赋属性1LV10=60%攻击力,default,
234,|天赋属性1LV11=63%攻击力,default,
235,|天赋属性1LV12=66%攻击力,default,
236,|天赋属性1LV13=69%攻击力,default,
237,|天赋属性1LV14=72%攻击力,default,
238,|天赋属性1LV15=75%攻击力,default,
239,|秘技TAG=妨害,default,
240,|秘技描述=使用秘技后，制造1片持续{{颜色|描述2|15秒}}的特殊领域。处于特殊领域内的敌人{{颜色|描述2|移动速度降低50%}}。与处于特殊领域内的敌人进入战斗后，有{{颜色|描述2|100%}}的{{技能注释|基础概率}}使敌方目标陷入禁锢状态，持续1回合。<br>禁锢状态下，敌方目标{{颜色|描述2|{{技能注释|行动延后}}20%}}，{{颜色|描述2|速度降低10%}}。我方制造的领域效果最多存在1个。,default,
241,|额外能力1=惩戒,default,
242,|额外能力1描述=释放终结技时，有{{颜色|描述2|100%}}基础概率使目标受到的伤害提高{{颜色|描述2|12%}}，持续2回合。,default,
243,|额外能力2=审判,default,
244,|额外能力2描述=施放终结技时，额外恢复{{颜色|描述2|10点}}能量。,default,
245,|额外能力3=裁决,default,
246,|额外能力3描述=对被弱点击破的敌方目标造成的伤害提高{{颜色|描述2|20%}}。,default,
247,|属性加成1=攻击,default,
248,|属性加成1数值=4.0,default,
249,|属性加成2=虚数,default,
250,|属性加成2数值=3.2,default,
251,|属性加成3=攻击,default,
252,|属性加成3数值=4.0,default,
253,|属性加成4=效果抵抗,default,
254,|属性加成4数值=4.0,default,
255,|属性加成5=攻击,default,
256,|属性加成5数值=6.0,default,
257,|属性加成6=虚数,default,
258,|属性加成6数值=4.8,default,
259,|属性加成7=攻击,default,
260,|属性加成7数值=6.0,default,
261,|属性加成8=效果抵抗,default,
262,|属性加成8数值=6.0,default,
263,|属性加成9=虚数,default,
264,|属性加成9数值=6.4,default,
265,|属性加成10=攻击,default,
266,|属性加成10数值=8.0,default,
267,}},default,
268,==角色搭配推荐==,default,
269,{{主观提示|攻略相关}},default,
270,===配装推荐===,default,
271,<br>,default,
272,{{角色/配装推荐|开始}},default,
273,{{角色/配装推荐|默认显示|C位输出流}},default,
274,{{角色/配装推荐|默认折叠|推条辅助流}},default,
275,{{角色/配装推荐|显示内容}},default,
276,{{角色/配装推荐/表,default,
277,|遗器套装={{图标/遗器|盗匪荒漠的废土客|||4件套}}{{图标/遗器|死水深潜的先驱|||4件套}}{{图标/遗器|野穗伴行的快枪手|||4件套}},default,
278,|位面饰品={{图标/遗器|泛银河商业公司|||2件套}}{{图标/遗器|停转的萨尔索图|||2件套}}{{图标/遗器|繁星竞技场|||2件套}},default,
279,|套装推荐理由=瓦尔特为虚无命途的虚数属性输出兼辅助型角色。其战技弹射伤害拥有极高的削韧效率，加上天赋的附加伤害后倍率更是超越许多主C，这使得提升输出成为了瓦尔特培养方向的首选。但是，瓦尔特从光锥到技能、行迹，又非常缺少双暴属性，这使得其高度依赖遗器的双暴加成。,default,
280,{{颜色|描述2|'''【遗器套装】'''}}<br>,default,
281,[[盗匪荒漠的废土客]]可以提升瓦尔特自身的增伤和双暴乘区，瓦尔特终结技和秘技可以给敌方全体施加禁锢，非常契合该遗器。<br>,default,
282,[[死水深潜的先驱]]可以提供增伤和双暴。瓦尔特提供的负面效果可吃到2件套以及4件套的加成。<br>,default,
283,[[野穗伴行的快枪手]]能提供攻击力和速度，可以作为前期的过渡。<br>,default,
284,{{颜色|描述2|'''【位面饰品】'''}}<br>,default,
285,[[泛银河商业公司]]提供效果命中，并使效果命中转化为攻击力，可以提供些许瓦尔特所需的效果命中。<br>,default,
286,[[停转的萨尔索图]]提供暴击率和终结技的增伤，提高瓦尔特的伤害。<br>,default,
287,[[繁星竞技场]]提供暴击率和普攻与战技的增伤。瓦尔特战技倍率较高，虽然70%暴击率的阈值对于瓦尔特来说难以达到，但如果能够达到则会是比[[停转的萨尔索图]]更加合适的位面饰品。,default,
288,|套装主词条推荐={{颜色|描述2|'''【躯干】'''}}暴击率、暴击伤害<br>,default,
289,{{颜色|描述2|'''【脚部】'''}}攻击力百分比、速度<br>,default,
290,{{颜色|描述2|'''【位面球】'''}}虚数属性伤害提高<br>,default,
291,{{颜色|描述2|'''【连结绳】'''}}攻击力百分比、能量恢复效率,default,
292,|套装副词条推荐=暴击率、暴击伤害、效果命中、攻击力、速度,default,
293,|套装词条推荐理由=双暴、攻击可以提升瓦尔特作为副C的伤害，效果命中可以提升瓦尔特控制的稳定性，速度可以提升瓦尔特的出手次数。如果有高星魂的瓦尔特，能量恢复效率可以让瓦尔特的充能循环发生质变，实现三乃至两动一大。,default,
294,|毕业光锥={{图标/光锥|以世界之名}}{{图标/光锥|雨一直下}},default,
295,|毕业光锥推荐理由=[[以世界之名]]为瓦尔特的五星毕业光锥，可以提升瓦尔特的伤害和战技减速效果的命中。,default,
296,[[雨一直下]]可以为瓦尔特提供效果命中，基于DEBUFF数量的暴击率，以及高贵的易伤。,default,
297,|可选光锥1={{图标/光锥|晚安与睡颜}}{{图标/光锥|后会有期}},default,
298,|可选光锥推荐理由1=[[晚安与睡颜]]可以根据敌方的DEBUFF数量，提升对陷入负面状态敌人的伤害，可以提升瓦尔特的输出。<br>,default,
299,[[后会有期]]为大月卡光锥，可以提供普攻和战技的额外附加伤害，变相提高瓦尔特普攻战技的倍率，能提升瓦尔特的输出能力。,default,
300,|可选光锥2={{图标/光锥|决心如汗珠般闪耀}},default,
301,|可选光锥推荐理由2=[[决心如汗珠般闪耀]]可以附加减防，提升瓦尔特的辅助能力。,default,
302,|可选光锥3={{图标/光锥|渊环}},default,
303,|可选光锥推荐理由3=对减速敌人增伤，契合瓦尔特的技能，可用于前期过渡。,default,
304,}},default,
305,{{角色/配装推荐|内容结束}},default,
306,{{角色/配装推荐|折叠内容}},default,
307,{{角色/配装推荐/表,default,
308,|遗器套装={{图标/遗器|流星追迹的怪盗|||4件套}}{{图标/遗器|野穗伴行的快枪手|||4件套}}{{图标/遗器|晨昏交界的翔鹰|||4件套}},default,
309,|位面饰品={{图标/遗器|泛银河商业公司|||2件套}}{{图标/遗器|生命的翁瓦克|||2件套}},default,
310,|套装推荐理由={{颜色|描述2|'''【遗器套装】'''}}<br>,default,
311,[[流星追迹的怪盗]]能提高瓦尔特击破后的推条幅度，并在触发击破后回复能量，适合对方有虚数弱点时使用。<br>,default,
312,[[野穗伴行的快枪手]]提供攻击力和速度。而风套可以提供释放终结技后的拉条，提高瓦尔特出手频率。<br>,default,
313,{{颜色|描述2|'''【位面饰品】'''}}<br>,default,
314,[[泛银河商业公司]]提供效果命中，并使效果命中转化为攻击力，可以提供些许瓦尔特所需的效果命中。<br>,default,
315,[[生命的翁瓦克]]可以提供稀缺的充能，以及开局的40%行动提前，提高辅助能力。,default,
316,|套装主词条推荐={{颜色|描述2|'''【躯干】'''}}效果命中<br>,default,
317,{{颜色|描述2|'''【脚部】'''}}速度<br>,default,
318,{{颜色|描述2|'''【位面球】'''}}虚数属性伤害提高<br>,default,
319,{{颜色|描述2|'''【连结绳】'''}}能量恢复效率,default,
320,|套装副词条推荐=效果命中、速度、暴击率、暴击伤害、攻击力,default,
321,|套装词条推荐理由=效果命中可以提升瓦尔特控制的稳定性，速度可以提升瓦尔特的出手次数。而双暴和攻击可以为瓦尔特提高些许伤害。,default,
322,|毕业光锥={{图标/光锥|以世界之名}}{{图标/光锥|雨一直下}},default,
323,|毕业光锥推荐理由=[[以世界之名]]为瓦尔特的五星毕业光锥，可以提升瓦尔特的伤害和战技减速效果的命中。,default,
324,[[雨一直下]]可以为瓦尔特提供效果命中，基于DEBUFF数量的暴击率，以及高贵的易伤。,default,
325,|可选光锥1={{图标/光锥|决心如汗珠般闪耀}},default,
326,|可选光锥推荐理由1=[[决心如汗珠般闪耀]]可以附加减防，提升瓦尔特的辅助能力。,default,
327,|可选光锥2={{图标/光锥|新手任务开始前}},default,
328,|可选光锥推荐理由2=可以提高瓦尔特的效果命中，在队伍携带减防辅助时，攻击被减防的敌人，可以为老杨回复能量，加快终结技的释放。,default,
329,|可选光锥3={{图标/光锥|幽邃}},default,
330,|可选光锥推荐理由3=可以提高瓦尔特的效果命中，适合新手前期过渡。,default,
331,}},default,
332,{{角色/配装推荐|内容结束}},default,
333,{{角色/配装推荐|结束}},default,
334,===阵容搭配===,default,
335,{{切换板|开始}},default,
336,{{切换板|默认显示|单C配队}},default,
337,{{切换板|默认折叠|量子虚数双色队}},default,
338,{{切换板|显示内容}},default,
339,"{| class=""wikitable"" style=""margin-top:0px;width:100%""",default,
340,|-,default,
341,| 瓦尔特不推荐作为纯辅助，因为其对队伍的直接输出提升只有终结技的易伤效果一个途径，而减速、禁锢的辅助效果也较为有限，其战技点需求又会抢占许多资源。因此相比而言，副C甚至主C的定位会更加合理。,default,
342,<center>,default,
343,"{| class=""wikitable"" style=""margin-top:10px;margin-bottom:10px;text-align:center""",default,
344,! 1号位,default,
345,! 2号位,default,
346,! 3号位,default,
347,! 4号位,default,
348,|-,default,
349,| {{图标|大|瓦尔特}} || {{图标|大|驭空}} || {{图标|大|佩拉}} || {{图标|大|罗刹}},default,
350,|},default,
351,</center>,default,
352,{{图标|驭空}}为瓦尔特提供高额攻击和双暴加成，都是瓦尔特需要的属性，同时瓦尔特也能享受驭空行迹的全队虚数属性增伤。驭空还能快速削韧，增加瓦尔特行迹【裁决】以及虚数四件套的覆盖率。<br>,default,
353,{{图标|佩拉}}为敌方全体施加减防，符合瓦尔特偏群攻的输出模式。<br>,default,
354,{{图标|罗刹}}作为生存位，对战技点需求较少。在队伍战技点压力不大时（如驭空六魂），也可以换成其他生存位。,default,
355,|},default,
356,{{切换板|内容结束}},default,
357,{{切换板|折叠内容}},default,
358,"{| class=""wikitable"" style=""margin-top:0px;width:100%""",default,
359,|-,default,
360,|,default,
361,<center>,default,
362,"{| class=""wikitable"" style=""margin-top:10px;margin-bottom:10px;text-align:center""",default,
363,! 1号位,default,
364,! 2号位,default,
365,! 3号位,default,
366,! 4号位,default,
367,|-,default,
368,| {{图标|大|希儿}} || {{图标|大|瓦尔特}} || {{图标|大|银狼}} || {{图标|大|罗刹}},default,
369,|},default,
370,</center>,default,
371,双色队可以最大限度利用{{图标|银狼}}添加弱点的机制。由于大部分精英敌人都有量子、虚数两个弱点中的一个，这个队伍有不错的泛用性。{{图标|希儿}}可以快速斩杀小怪，让瓦尔特的战技伤害集中在精英敌人上。瓦尔特的减速、禁锢配合希儿的再现，可以实现我方的连续多次行动。这个队伍的缺点是在银狼需要频繁施放战技时，战技点需求较大，此时需要希儿或瓦尔特改用普攻恢复战技点循环。,default,
372,|},default,
373,{{切换板|内容结束}},default,
374,{{切换板|结束}},default,
375,,default,
376,{{WIKI底部导航|角色图鉴=展开}},default,
