﻿line_number,content,category,character
1,{{面包屑|星海纪闻}}{{星海纪闻导航}},default,
2,{{施工中}},default,
3,{{互动文本导航}},default,
4,==通用==,default,
5,===快递箱===,default,
6,:你听到快递箱里传来窸窸窣窣的异响。你猜不到是什么生物——也可能不是——在箱子里乱动。,default,
7,-----,default,
8,:这只快递箱声称自己装着「玩具」。它最好是。,default,
9,-----,default,
10,:被随意码放的快递箱，很可能是某人冲动的代价。,default,
11,-----,default,
12,:被遗弃的快递箱。你根本想象不到它的主人究竟多么健忘，或者多么有钱。,default,
13,-----,default,
14,:一只被遗弃的快递包装盒可怜巴巴地躺在你面前。在完成了它存护货物的使命后，安然吐出了腹中最后一口气。哦对了，它还有遗言：「小心、轻放」。,content,它还有遗言
15,-----,default,
16,:仙舟的物流行业兴盛发达，如同血液中充沛的红细胞奔向这座吞天之舰的各处——而这只箱子正是其中之一。,default,
17,-----,default,
18,:你想起那些飞在空中运送货物的机巧鸟——若是它们送货时不巧爪子一滑，若是有行人不巧经过它们的下方…你摇了摇头，不敢再想下去。,default,
19,==神策府==,default,
20,===案牍库「大敌•孽物」===,default,
21,:这一列案牍库的铭牌上标注着「大敌•孽物」。,default,
22,:你信手抽出了其中一枚卷轴。展开时，一个丝绢质感的合成声音自你脑内成形。,default,
23,:「步离人，灵长目•人科•犬亚种。丰饶之民中最强盛的一支，也是仙舟联盟长久以来的大敌。」,default,
24,:「步离人具有部分犬类的解剖学特征。能征善战，擅以生物科技制造武器、铠甲甚至飞船，奴役并改造其他智慧种族在诸多星球间进行劫掠。」,default,
25,:「至目前为止，步离人为首的丰饶之民联军至少与仙舟发生过三次大规模战争。随着前任战首被云骑拘囚，其势力大不如前……」,default,
26,-----,default,
27,:这一列案牍库的铭牌上标注着「大敌•孽物」。,default,
28,:你信手抽出了其中一枚卷轴。展开时，一个丝绢质感的合成声音自你脑内成形。,default,
29,:「造翼者，灵长目•人科•有羽亚种。丰饶之民中的一支。其记录上可追溯至仙舟启航前的『古国时代』。」,default,
30,:「造翼者栖居于被称为『穹桑』的树状人工世界中，以其探出的『枝梢』跃迁至其他星球，夺取其上的资源。」,default,
31,:「在造翼者文化中，不具备飞行能力的陆行生物均被称为『尘民』，而他们则自诩『云君』，奴役其他智慧种族为其生产、修葺穹桑。」,default,
32,:「随着反物质军团在宇宙中的肆虐，造翼者的根据地一度遭受极其惨重的破坏。穹桑被伐倒，而造翼者也成了丰饶之民中少见的雇佣兵种族……」,default,
33,-----,default,
34,:这一列案牍库的铭牌上标注着「大敌•孽物」。,default,
35,:你信手抽出了其中一枚卷轴。展开时，一个丝绢质感的合成声音自你脑内成形。,default,
36,:「慧骃，灵长目•人科•有蹄亚种。丰饶之民中的一支。」,default,
37,:「慧骃一族为六肢动物，保有类似马匹的健硕躯干，后四肢着地，极善奔驰。」,default,
38,:「受步离人的蛊惑，慧骃族常常担任其冲锋时的先驱，身着生物外骨骼装甲，能在冲撞间轻易击杀敌人。」,default,
39,:「有观点认为，反物质军团中『践踏者』的出现，意味着慧骃原有的文明遭受了反物质军团的打击和奴役……」,default,
40,-----,default,
41,:这一列案牍库的铭牌上标注着「大敌•孽物」。,default,
42,:你信手抽出了其中一枚卷轴。展开时，一个丝绢质感的合成声音自你脑内成形。,default,
43,:「岁阳，无形目•魂精科•岁阳亚种。世外妖魔族类的一支。」,default,
44,:「岁阳一族为不定形的纯能量生物，充满恶意，极为致命。其记录上可追溯至仙舟漂泊的『孤航时代』。岁阳降临仙舟，引发了『夺舍之祸』的一系列灾难。」,default,
45,:「岁阳喜好寄生于有形身躯（通常为泛人类智慧种族），感应神经系统随情感而生的诸多变化。这种吃掉七情六欲的行为，会令不具形体的岁阳感到满足。」,default,
46,:「在火劫大战尾声，岁阳一族已遭彻底禁绝。即便仅有极少数尚存于朱明仙舟之上……」,default,
47,-----,default,
48,:这一列案牍库的铭牌上标注着「大敌•孽物」。,default,
49,:你信手抽出了其中一枚卷轴。展开时，一个丝绢质感的合成声音自你脑内成形。,default,
50,:「视肉，原质目•原虫科•胶状原虫亚种。世外妖魔族类的一支。」,default,
51,:「视肉是具有变形和增生能力的胶状原虫，智慧虽低，但极为致命。其行动模式与其说是敌人，不如说是一种病原体。」,default,
52,:「关于视肉的最早记录上可追溯至仙舟漂泊的『孤航时代』。岱舆与圆峤两座仙舟均曾受视肉侵蚀，人口锐减。」,default,
53,:「联盟与步离人交战过程中发现，视肉本是步离人所控制的畜牧产物。但在变异失控后，步离人放任其成为肆虐星间的灾害。云骑军经年铲除，视肉这一大患已逐渐绝迹……」,default,
54,===案牍库「大敌•烬灭」===,default,
55,:这一列案牍库的铭牌上标注着「大敌•烬灭」。,default,
56,:你信手抽出其中一枚卷轴。展开时，一个丝绢质感的合成声音自你脑内成形。,default,
57,:「绝灭大君，是『烬灭祸祖』纳努克所擢选的令使，「反物质军团」众多部队的领军者。他们受赐毁灭之力，为诸世界带去死亡和破灭。」,default,
58,:「相传纳努克座下共有七位大君，分别代表『毁灭』命途的七种极致倾向。」,default,
59,:「但有效情报甚少，其中至少仍有四位不知其名。太卜司仅能从各种观测记录与情报中推知其存在。」,default,
60,-----,default,
61,:这一列案牍库的铭牌上标注着「大敌•烬灭」。,default,
62,:你信手抽出其中一枚卷轴。展开时，一个丝绢质感的合成声音自你脑内成形。,default,
63,:「作为纳努克座下七位大君之一，『焚风』痴迷于事物在毁灭瞬间所爆发的力量与美感。他所拥有的力量，也足以让他取代千军万马，对一个世界下达死亡判决。」,default,
64,:「曾点燃新伯利恒的太阳，以巨量辐射炙烤其地表，使之玻璃化；曾在亚甸星上掀起巨大的气旋，将其生态系统破坏殆尽……」,default,
65,:「焚风的出现预示着一颗星球即将经历最壮丽、也是最为迅速的毁灭。」,default,
66,-----,default,
67,:这一列案牍库的铭牌上标注着「大敌•烬灭」。,default,
68,:你信手抽出其中一枚卷轴。展开时，一个丝绢质感的合成声音自你脑内成形。,default,
69,:「星啸是反物质军团的先锋将军，也是烬灭祸祖最常派遣的大君。其部队遍布银河，在群星间织出行军路径和毁灭的道路。」,default,
70,:「星啸所率部属与曜青、朱明与方壶仙舟的先遣部队均有交战记录。在云骑无畏的战斗下，她的计划并未得逞。」,default,
71,-----,default,
72,:这一列案牍库的铭牌上标注着「大敌•烬灭」。,default,
73,:你信手抽出其中一枚卷轴。展开时，一个丝绢质感的合成声音自你脑内成形。,default,
74,:「许多世界均自信于发达的科技所向无敌，尤其是公司所辖之处。但『铁墓』证明了他们的盲目乐观。」,default,
75,:「在反物质军团入侵高度文明的世界时，纳努克会优先派出铁墓『静默』其科技。」,default,
76,:「所有生还者的证言都指出，用于捍卫行星的科技会陷入崩溃紊乱，最终甚至倒戈指向主人，受污染的通信频道中只回荡着几个词『智慧的溃败』」,default,
77,-----,default,
78,:这一列案牍库的铭牌上标注着「大敌•烬灭」。,default,
79,:你信手抽出其中一枚卷轴。展开时，一个丝绢质感的合成声音自你脑内成形。,default,
80,:「星历7200-8100年间，星际和平公司共观察到了一百二十二个世界陷入不明原因的混乱，最终它们被反物质军团全数击溃。」,default,
81,:'''罗浮主线完成前''',default,
82,:「所有世界的灭亡都归结于同一个原因：内部信仰体系的冲突、精神支柱的幻灭、弃绝希望。」,content,所有世界的灭亡都归结于同一个原因
83,:「可以说，在反物质军团登陆前，这些世界早已是失去灵魂的空壳了。无人知晓这是哪位大君的手笔，也无人知道这些混乱是如何发生的。」,default,
84,:'''罗浮主线完成后''',default,
85,:「所有世界的灭亡都归结于同一个原因：内部信仰体系的冲突、精神支柱的幻灭、弃绝希望。可以说，在反物质军团登陆前，这些世界早已是失去灵魂的空壳了。」,content,所有世界的灭亡都归结于同一个原因
86,:「就在罗浮最近发生的星核灾变后，联盟已判明上述事件均由名为『幻胧』的绝灭大君一手操纵。」,default,
87,-----,default,
88,:这一列案牍库的铭牌上标注着「大敌•烬灭」。,default,
89,:你信手抽出其中一枚卷轴。展开时，一个丝绢质感的合成声音自你脑内成形。,default,
90,:「叙拉古-III、赤色巴别、奥古尔星环等已死星球的灭亡过程证明，军团中并非只有一意破坏的疯子。」,default,
91,:「在上述星球的毁灭进程中，军团极为缓慢地推进阵线，构筑优势，施加压力，蚕食抵抗者，又如同观察蚁群一般，观察受难文明在各个结构上的瓦解。」,default,
92,:「可以推测其幕后隐有一位如棋手般冷静自持的大君，引导着战事发展，并在缓杀慢死的过程中对受害文明详加研究。」,default,
93,-----,default,
94,:这一列案牍库的铭牌上标注着「大敌•烬灭」。,default,
95,:你信手抽出其中一枚卷轴。展开时，一个丝绢质感的合成声音自你脑内成形。,default,
96,:「反物质军团留下的最骇人听闻的罪行之一，是雅梵娜之链星区熄灭了三分之一的恒星。」,default,
97,:「博识学会的报告指出，基于恒星的体积与其天文距离，灭星武器在短时间内不可能造成如此规模的影响。」,default,
98,:「根据曜青派遣的云骑军送回情报，该星区间许多真空地带被某种吸光的不明絮状物质填充。天舶司的天象学士达成共识，某种存在『吞食』了那些恒星。」,default,
99,:「将这一异象归咎于反物质军团而非其他原因，是因为在雅梵娜之链的这些暗区里，军团紧随黑暗的脚步，消灭了那些抵抗世界。」,default,
100,:「我们猜测，这是某位绝灭大君的手笔，而不是此前未曾记录的天体现象。」,default,
101,-----,default,
102,:这一列案牍库的铭牌上标注着「大敌•烬灭」。,default,
103,:你信手抽出其中一枚卷轴。展开时，一个丝绢质感的合成声音自你脑内成形。,default,
104,:「许多被反物质军团所消灭的文明物种，最后都会以某种扭曲的形态重新出现在军团中，例如践踏者或虚卒。」,default,
105,:「在被摧毁的瞬间，这些军团造物都会迸发出激烈的逆火，将敌人一同拖入湮灭。」,default,
106,:「虽然没有明确的证据，但类似的结构不仅出现在军团造物的身体上，在一些受其摧毁的行星上，也会出现类似的虚数流溢现象。」,default,
107,:「根据过往的交战记录，我们暂时将此判定为某位大君的能力所致。」,default,
108,===案牍库「盟助」===,default,
109,:这一列案牍库的铭牌上标注着「盟助•公司」。,default,
110,:你信手抽出其中一枚卷轴。展开时，一个丝绢质感的合成声音自你脑内成形。,default,
111,:「星际和平公司，首屈一指的泛银河超巨型贸易企业。其业务遍布众多文明世界，并实际掌控了上万颗星球的文明运转，以『补天司命』克里珀的名义保护了兆亿生灵。」,default,
112,:「仙舟与星际和平公司的盟谊缔结于星历2022年。通过被称为『歌民』的行商民族引介，仙舟成为了泛银河贸易网络中的重要一员。」,default,
113,:「公司在星际争端方面抱持极端谨慎的中立态度，同盟关系仅存在贸易与信息交换可能，无法在战争层面期望其援助。」,default,
114,-----,default,
115,:这一列案牍库的铭牌上标注着「盟助•公司」。,default,
116,:你信手抽出其中一枚卷轴。展开时，一个丝绢质感的合成声音自你脑内成形。,default,
117,:「星际和平公司总部计有七个部门：『市场开拓部』、『业务巩固部』、『战略投资部』、『筑材物流部』、『技术研发部』、『人才激励部』、『传统项目部』。」,content,星际和平公司总部计有七个部门
118,:「『市场开拓部』，主管：奥斯瓦尔多•施耐德，董事会理事候补。资历较浅，『存护』狂热分子，扩张主义者。对联盟潜在危害：高。」,content,主管
119,:「『业务巩固部』，主管：疤眼夫人，董事会理事。对联盟潜在危害：极低。」,content,主管
120,:「『战略投资部』，主管：『钻石』，董事会理事候补，下设使者团体『不良资产清算专家』。对联盟潜在危害：低。」,content,主管
121,:「『筑材物流部』，主管：塔拉梵•基恩，董事会理事。非『存护』信仰者？资料不明。对联盟潜在危害：极低。」,content,主管
122,:「『技术研发部』，主管：亚婆离。博识学会实际控制者，对联盟潜在危害：极低。」,content,主管
123,:「『人才激励部』，主管：姆托尤因•拉杰•扎扎德、阎世罗。后者出身联盟，对仙舟态度不明，需警惕？对联盟潜在危害：中。」,content,主管
124,:「『传统项目部』，主管：在田，董事会理事。对联盟潜在危害：低。」,content,主管
125,-----,default,
126,:这一列案牍库的铭牌上标注着「盟助•学会」。,default,
127,:你信手抽出其中一枚卷轴。展开时，一个丝绢质感的合成声音自你脑内成形。,default,
128,:「博识学会，首屈一指的泛银河学术研究组织。博识学会持之以恒地促进全宇宙的文明交流、技术与专利贸易，将『遍智天君』博识尊的智慧之光洒向黑暗角落。」,default,
129,:「在联盟对抗丰饶孽物的征程中，博识学会曾于星历5749年派遣博学士军团加入第二次丰饶民战争，协助击退了围困玉阙仙舟的丰饶令使『倏忽』。」,default,
130,:「通过与博识学会的互助协议，仙舟联盟始终紧追科技发展的脚步，帮助受丰饶侵蚀的世界修复生态，重返昔日生机。」,default,
131,-----,default,
132,:这一列案牍库的铭牌上标注着「盟助•游侠」。,default,
133,:你信手抽出其中一枚卷轴。展开时，一个丝绢质感的合成声音自你脑内成形。,default,
134,:「巡海游侠，同样奉行『帝弓司命』的天旨行事的游侠组织。巡海游侠主张实现人类最朴素的公义，驱除暴恶。」,default,
135,:「其义举包括——借残余虫群制造的混乱，刺杀绝灭大君诛罗（由星啸取代）……」,default,
136,:「挫败帝皇鲁珀特意志的继承者『僭主』盖乌斯的十三军团（其手法至今未明）……」,default,
137,:「天才俱乐部#64原始博士试图对翁瓦克施行『返祖计划』时，巡海游侠阻止了此人的计划，也保护了万木之林。」,default,
138,:「有人声称，在这一事件中许多游侠受退化溯流影响，失去了战斗力。为了赡养这些同伴，巡海游侠的活动频率不得不减少。」,default,
139,:「目前，玉阙仙舟正在搜寻义侠之首拉曼查的下落，希望与之重新建立联系。」,default,
140,-----,default,
141,:这一列案牍库的铭牌上标注着「盟助•世界」。,default,
142,:你信手抽出其中一枚卷轴。展开时，一个丝绢质感的合成声音自你脑内成形。,default,
143,:「受『寿瘟祸祖』侵蚀的世界散落于银河各处，这些世界原本具有各自多样的生态系统和文明，但在药师行过后却一律坠入了长生诅咒，在孽物折磨下行将崩溃。」,default,
144,:「长时间来，联盟一直计划帮助那些世界修复横遭篡改的生态系统与基因系谱。其名如下——」,default,
145,:「塔拉萨，渊海世界；奥布瓦尔，幽魂星；绿丘，微型盆栽星球；日耀-XIII，带状星环殖民地……」,default,
146,:唱名持续了许久，仍未见停。也许只有其上的住民以及仙舟的学者才知道每颗星的具体模样。但此时此刻，它们只是模糊的，让人昏昏欲睡的音节。,default,
147,:你迅速合上了卷轴，将它放回原处。,default,
148,-----,default,
149,:这一列案牍库的铭牌上标注着「盟助•求药」。,default,
150,:你信手抽出其中一枚卷轴。展开时，一个丝绢质感的合成声音自你脑内成形。,default,
151,:「太古之时，仙舟曾是众多求药使团一员。万方有疾，病同己身。我等深知老病死三苦之酷烈，也在获取长生后深感把握『治愈』界限之艰难。」,default,
152,:「秉承昔日求药使的初衷，联盟成立以来竭力为诸多文明世界提供医药支援，扑灭瘟疫灾殃。除『长生』禁忌不可违犯外，抵达仙舟的求药人所求无不应允。」,default,
153,:「星历5000年至今，仙舟联盟陆续治愈沙氏血瘟、晶体肿瘤、黑泉症、共鸣寄生虫感染、返祖衰退症…等三千八百种新生顽疾。」,default,
154,:「罗浮医士美名传扬星海的同时，联盟也与相关星球缔结了友好通商协定。」,default,
155,===棋盘西南角石狮子===,default,
156,:你看到石狮子的底座上沉积了一层厚厚的灰尘，下面隐约有一行小字。你将尘埃拂去，看到了那行娟秀的篆刻——,default,
157,:「朔雪在此长眠。忠骨带铜声。」,default,
158,===其他石狮子===,default,
159,:这是神策府的石狮子，时速高达每时辰一千二百里，喜欢浸过猫草汤的毛线团。但最好不要带这东西来神策府，你有一定概率被它撞去异世界。,default,
160,-----,default,
161,:这尊狮形雕塑其实并非石头，但他们都叫它「石狮子」。狮子们并不喜欢这个称呼，这显得它们与外面的便宜货似乎毫无差别，很掉价。,default,
162,-----,default,
163,:神策府的石狮子四肢都隐藏在柱中。只有两种人能有幸见到它的四肢——负责定期维护的工造司匠人，以及进犯神策府的狂妄宵小。,default,
164,-----,default,
165,:其实神策府的每一尊石狮子都有自己的名字。它们遵守古老的仙舟武德，会在战斗之前向对手报名致意——但如今通晓其名的活人已是屈指可数了。,default,
166,==地衡司==,default,
167,===宣传栏===,default,
168,:地衡司的宣传栏，用于向仙舟居民普及地衡司工作流程与生活常识。,default,
169,-----,default,
170,:宣传栏上写有大量有益于生活的小技巧，其中预防诈骗相关的内容约占八成。,default,
171,-----,default,
172,:其实宣传栏上的内容能够解决人们90%的问题，但从来没有人仔细阅读过它。,default,
173,-----,default,
174,:这面宣传栏似乎已经有段时间没有得到维护了。,default,
175,==司辰宫==,default,
176,===盆景===,default,
177,:在工作场所放置盆景可以有效提升工作效率。虚拟盆景会有同样的功效吗？,default,
178,-----,default,
179,:你偶尔会听到司辰宫的员工称「那盆绿植如何如何」——但这玩意儿分明是蓝色的。,default,
180,-----,default,
181,:据说这棵树会依外界环境变化自动生长出新的结构，所以太卜司常会派卜者定期前来修剪它的代码。,default,
182,-----,default,
183,:这是蔷薇科李属的苍城梅，是仙舟苍城的本土物种。它随着苍城的毁灭一同灭绝，变成了如今发蓝光的样子。,default,
184,===投影沙盘===,default,
185,:可以显示罗浮各处环境的全息沙盘。在罗浮遭遇紧急情况时，它可以协助天舶司做出快速响应和精准决策。,default,
186,-----,default,
187,:用于沙盘推演的全息投影。天舶司凭此物研究敌我双方动向，判断当前局势下的最优解。,default,
188,-----,default,
189,:司辰宫员工会在下班后利用沙盘进行战棋游戏。驭空是其中一等一的高手，总能让其他员工失去游戏体验。,default,
190,-----,default,
191,:司辰宫员工会在下班后利用沙盘进行战棋游戏。目前，司辰宫全体公认的最强玩家是一名清洁工——此人曾经三次击败驭空，被誉为「扫地军神」。,default,
192,==丹鼎司==,default,
193,===龙树===,default,
194,:丹鼎司行医市集中最著名的地标，是如同神龙蜿蜒盘踞的古树。,default,
195,-----,default,
196,:你曾听说过，某些世界的树都是能言能思考的古灵，它们会在危急时刻苏醒过来，展现自然的伟力——这棵树是否也是这样呢？,default,
197,-----,default,
198,:古树粗壮的树干宛如黑龙蜿蜒而上，抬头望去，耳畔隐隐有风雷声呼呼作响——随后你迅速意识到，那只是你用力抬头后的耳鸣而已。,default,
199,-----,default,
200,:粗壮的古树，被某些化外民视为沉默的「神明」。但你仔细观察，发现传闻所说的种种异处都不存在。树枝上，龙不吟虎不啸，一棵古树，可笑可笑。,default,
201,-----,default,
202,:无数怀抱着一丝寻求长生希冀的化外民曾从它身边经过，但没人注意到，行医市集中这个著名地标，是真正天然无公害的长生种。,default,
203,===太真丹室===,default,
204,:此处是太真丹室，古时候丹士们曾在这里阐演仙道，汲取「建木」之力，将无数奇想化为现实。,default,
205,-----,default,
206,:气势磅礴的巨大丹炉，让人不禁遐想炼制丹药的尺寸，以及服用方法。,default,
207,-----,default,
208,:海上悬浮的巨大丹炉，没有找到能够烧火的地方，亦没有看炉子的小童。看来千年之前，仙舟丹士们就掌握了新能源技术，不需要燃料和人工，效果挺好。,default,
209,-----,default,
210,:丹鼎司附近出现了形似猿猴的邪恶孽物。要是这孽物不小心落进丹炉里，炼制七七四十九日，不定会闹出怎样的医疗事故。,default,
211,-----,default,
212,:永不熄灭的丹炉屹立于此，炉心里微蓝的微光，是丹士们在加班时不变的信仰。,default,
213,===水果摊===,default,
214,:棱角分明的新鲜水果，牙口不好的吃不得。,default,
215,-----,default,
216,:曾经有闹事者来到水果摊前质疑水果价格昂贵、尚未成熟…随即，闹事者掏出锐器刺向摊主腹部——幸好这里是丹鼎司，摊主得到及时的抢救。,default,
217,-----,default,
218,:棱角分明的新鲜水果，显然摊主对自家水果有严格的面数要求。,default,
219,-----,default,
220,:棱角分明的新鲜水果，可惜，摊主没有卖葡萄，那才是多边形灾难。,default,
221,-----,default,
222,:在某位无聊人士将「一天一个果，医士远离我」的招徕改成「一天十个果，医士来找我」后，仙舟的水果摊里再也看不到任何广告了。,default,
223,===NPC旁听对话===,default,
224,:待机文本（男子）：丹鼎司要一直戒备下去？,content,男子
225,:待机文本（女子）：据说还有在逃药王秘传…,content,女子
226,:待机文本（女子）：不过要我说，也抓不全…,content,女子
227,:待机文本（男子）：没人会蠢到自投罗网。,content,男子
228,:待机文本（男子）：哎，很担心丹鼎司的未来。,content,男子
229,:待机文本（女子）：担心好你自己就行。,content,女子
230,----,default,
231,:待机文本（女孩）：你说自己是地衡司执事？,content,女孩
232,:待机文本（男子）：对，为了照顾你我休假了。,content,男子
233,:待机文本（女孩）：我们前世关系很好嘛。,content,女孩
234,:待机文本（男子）：是啊，你蜕生后没人照顾…,content,男子
235,:待机文本（男子）：大家都说让我来照顾你。,content,男子
236,:待机文本（女孩）：我前世是个怎样的人啊？,content,女孩
237,:待机文本（男子）：是个小偷，我抓捕归案的。,content,男子
238,:待机文本（女孩）：震惊！,content,女孩
239,:待机文本（男子）：别担心，前世跟你没关系。,content,男子
240,----,default,
241,:待机文本（男子）：你们店里那个伙计不在？,content,男子
242,:待机文本（男子）：那个胖胖的，圆圆的那个。,content,男子
243,:待机文本（女子）：不在，我让他回去休息了。,content,女子
244,:待机文本（男子）：他犯了什么事儿了吗？,content,男子
245,:待机文本（女子）：没有，只是他影响销量…,content,女子
246,:待机文本（女子）：最近我们店强推减肥药。,content,女子
247,:待机文本（男子）：你是不是瞧不起别人？,content,男子
248,:待机文本（男子）：你可不能诬陷好人呐。,content,男子
249,----,default,
250,:待机文本（男孩）：那个江湖郎中是你爸爸？,content,男孩
251,:待机文本（女孩）：江湖郎中只是他的伪装。,content,女孩
252,:待机文本（女孩）：他其实是地衡司的密探。,content,女孩
253,:待机文本（男孩）：密探好酷，你怎么知道的？,content,男孩
254,:待机文本（女孩）：因为我有读心术的能力。,content,女孩
255,:待机文本（男孩）：我看你是有妄想的能力。,content,男孩
256,----,default,
257,:待机文本（喋喋不休的医士）：我听说你被批评了？,content,喋喋不休的医士
258,:待机文本（疲惫不堪的医士）：哎，一言难尽……,content,疲惫不堪的医士
259,:待机文本（喋喋不休的医士）：就当是对心境的磨炼吧。,content,喋喋不休的医士
260,:待机文本（喋喋不休的医士）：几句话罢了，别往心里去。,content,喋喋不休的医士
261,:待机文本（喋喋不休的医士）：你还年轻，免不了要……,content,喋喋不休的医士
262,:待机文本（疲惫不堪的医士）：…能不能让我清净会儿。,content,疲惫不堪的医士
263,*喋喋不休的医士：我听说，你最近又被人点名批评了？怎么回事啊，你不是才进丹鼎司没多久嘛……,content,喋喋不休的医士
264,*疲惫不堪的医士：哎，遇到件特别无语的事罢了，总之一言难尽。,content,疲惫不堪的医士
265,*喋喋不休的医士：出什么事了，我说说嘛，咱俩难得有缘，能在丹鼎司共事。你放心好了，我嘴巴很密的，绝不会给你传出去。,content,喋喋不休的医士
266,*疲惫不堪的医士：没什么，是我丹方写得不够严谨。,content,疲惫不堪的医士
267,*喋喋不休的医士：哎呀，批评指正若是合理的话，你就当是对心境的磨炼吧。,content,喋喋不休的医士
268,*喋喋不休的医士：若是说话难听，几句话罢了，你也别往心里去，就当是过堂风，一阵就过了。,content,喋喋不休的医士
269,*喋喋不休的医士：谁年轻的时候没犯过错？你还年轻，免不了得走上这么一遭，涨涨教训也好……,content,喋喋不休的医士
270,*疲惫不堪的医士：停停停…你能不能让我清净会儿啊？你吵得我头疼。,content,疲惫不堪的医士
271,----,default,
272,:待机文本（凑热闹的女性）：这事连我也听说了。,content,凑热闹的女性
273,:待机文本（为难的丹士）：那可不嘛，动静可大了。,content,为难的丹士
274,:待机文本（凑热闹的女性）：实在是有点匪夷所思……,content,凑热闹的女性
275,:待机文本（为难的丹士）：我都见怪不怪了。,content,为难的丹士
276,*凑热闹的女性：这件事传得这么快啊？就连我妹妹都跑过来跟我说了。,content,凑热闹的女性
277,*为难的丹士：那可不嘛，这事闹的啊…动静可大了！,content,为难的丹士
278,*凑热闹的女性：所以到底是出什么事了呢？怎么大家都在传……,content,凑热闹的女性
279,*为难的丹士：就是…有个医士给人开了个丹丸，结果那家伙没看完医嘱，直接把丹丸吞下去了。,content,为难的丹士
280,*为难的丹士：但那颗丹本是用蜡封好的，足足有拳头大小！医嘱上写得清清楚楚——要剖开后取其中的药引吞服。我都不知道他是怎么吞下去的……,content,为难的丹士
281,*凑热闹的女性：拳头那么大？这都吞得下去…实在是有点匪夷所思……,content,凑热闹的女性
282,*为难的丹士：确实…不过我在丹鼎司也混了些年头，病患见了不少，现在都有些见怪不怪了。,content,为难的丹士
283,----,default,
284,:待机文本（男子）：所有人都惊叹波月古海…,content,男子
285,:待机文本（男子）：受龙尊敕命而起。,content,男子
286,:待机文本（男子）：只有我一个人在思考…,content,男子
287,:待机文本（男子）：水什么时候会流下去。,content,男子
288,==鳞渊境==,default,
289,===龙尊雕像===,default,
290,:持明一族世代供奉的龙尊造像，曾有化外民自称在此聆听到某位星神的低语：「爬上去试试」。,content,曾有化外民自称在此聆听到某位星神的低语
291,-----,default,
292,:持明一族世代供奉的龙尊雕像，看上去很像一位你熟悉的朋友。你什么时候也有机会被人造像崇拜呢？,default,
293,-----,default,
294,:龙尊手执长枪，脚踏沧浪，看上去威风凛凛。殊不知，此造型方案迭代过无数次，仅一票之差战胜了「普通地站在原地」。,default,
295,-----,default,
296,:持明工正淙衍监修，龙尊造像系列，龙尊雨别素模<敕令古海造型>001，价格待定，发售日待定。,default,
297,-----,default,
298,:在亲眼见到龙尊雕像后，你意识到「在古海干涸时，雨燕啄下龙尊雕像的眼睛扔入海眼中，海水再度奔涌起来」的传言，显然只是无稽之谈。,default,
299,-----,default,
300,:这是持明族在一次生命尽头所形成的持明卵。持明在卵中褪去所有记忆，修复前生所有的伤痕，再世为人。,default,
301,===持明卵===,default,
302,:这颗晶莹剔透的持明卵中有奇光游移，吸引着你的目光。,default,
303,:一只带蹼的小手轻轻压在珍珠质地、半透明的晶壳上，若隐若现。你略带好奇地将手指放在这只小手上，隔着晶壳，彼此相对。,default,
304,:古海波涛声摇晃，与某人立下的誓言在耳畔呢喃，星空彼端的光芒眨了眨眼，你沉入目眩神醉的温暖爱河里……,default,
305,:那是某个持明前世的记忆，很快它就将随逝水流去。,default,
306,-----,default,
307,:这颗晶莹剔透的持明卵中有奇光游移，吸引着你的目光。,default,
308,:它被一朵巨大的珊瑚承托着，宛若婴儿在摇篮里渴睡。,default,
309,:你轻轻将手放在晶壳上，一个梦泡泡在你耳旁绽开。你瞬间明白，珍珠里的孩子渴望成为一名绘制瑰丽丹青的画师。,default,
310,:这是蜕生前的旧梦，还是未出世的宏愿？你不清楚。也许很快，这个梦将随逝水流去。,default,
311,-----,default,
312,:这颗晶莹剔透的持明卵下，一点闪光抓住了你的眼睛。,default,
313,:你伸手，那是一颗沙砾般细小的珠子。与持明卵相较，它如此渺小，像是伤心人梦中眼角垂下的泪。,default,
314,:不知这位持明蜕生前有什么舍不下的心结？无论如何，它最终都成了磨灭不去的悲伤，被你握在掌心。,default,
315,-----,default,
316,:这颗晶莹剔透的持明卵中有奇光游移，吸引着你的目光。,default,
317,:你贴近珍珠般的外壳，梦见自己曾是一位护珠人，与挚爱驭浪而行，穿梭古海波涛间。,default,
318,:你和他在一起如此快乐，但蜕生之期由天定命。你只得偷偷将一枚玉佩含在口中，作为转世相见的凭证。,default,
319,-----,default,
320,:这颗晶莹剔透的持明卵中有奇光游移，吸引着你的目光。,default,
321,:你轻抚晶光灿然的外壳，恍惚间成了一位手执长枪的勇武云骑。你潜心武艺，在队中演练从无败绩。教习师父欣赏你的天赋，举荐你接替他的职务。,default,
322,:然而比武时的一招疏忽，如一记毒辣的枪刺终结了这份期许。师弟技高一筹，将你击败。那柄演练用的枪头竟洞穿了你的胸口。,default,
323,:你痛苦、你怀疑、你挫败…但你很快释然，因为你眼下成了一位随列车遨游星海的年轻人，到处旅行的感觉多么美妙。,default,
324,-----,default,
325,:这颗晶莹剔透的持明卵中有奇光游移，吸引着你的目光。,default,
326,:你抚摸持明卵，聆听它微不可查的细语。它借你之口低声轻叹，故土不在此处，故土不在此处…你生于遥距罗浮千万光年外的方壶仙舟。,default,
327,:身为方壶龙尊「冱渊君」的龙师，你以耿介自守，犯颜直谏，劝那位大人施雷霆震怒，降罚于掀起罗浮饮月之乱的同袍。,default,
328,:「既如此，就派你去宣读判罚，只你一人，如何？」龙尊的声音一如她的冰山龙座，没有丝毫温度。,default,
329,:你就此被贬斥他乡，孤苦如异类，唯有丹鼎司中一个女孩在你蜕生前给了你一丝温暖的安慰。,default,
330,-----,default,
331,:这颗晶莹剔透的持明卵中有奇光游移，吸引着你的目光。,default,
332,:你将手点在蚌珠色泽的卵壳上，听到一个又一个音阶波动。宫、商、角、徵、羽…流水般的乐声涌入你心头……,default,
333,:你突然回忆起自己谱下的曲子，你为它起名「饮月垂虹」。那是你目睹龙尊丹枫唤得鳞渊潮动的奇景，以此为灵感写下的曲子。,default,
334,:但你未能献奏此曲。你耳闻惊才绝艳的饮月君沦为叛逆，你愤怒地掷琴在地，任由它发出碎玉之音。你发誓此生再不作曲。,default,
335,-----,default,
336,:这颗晶莹剔透的持明卵中有奇光游移，吸引着你的目光。,default,
337,:你听到持明卵中传来声声怒吼喧哗如潮，你凑耳静听。动雷般的巨响自一头孽物口中荡开，仿佛一千柄剑交击，传遍鳞渊境的洞天。你全身的骨头都为之打颤。,default,
338,:那孽物重重坠地，你勉力定住惊魂，才能仔细打量：它半似龙首的头颅上，有长髯与兽毛飘扬。你直直看向它水银般的眼眸，惊觉其中有一丝惶恐。,content,才能仔细打量
339,:你想逃，可你无处遁逃。空气骤然变冷，一道身影飘过，速度快到在空中留下匹练般的残像。,default,
340,:一个女人落在孽龙额顶，一线冰冷的光辉握在她掌中，刺下。间不容发的瞬息，你瞧见遮住女人双眼的黑纱飘落。她嘴唇微微翕动，你仿佛听见了她说「对不起」。,default,
341,:你没听错，因为这也是对你的道歉。下一秒，刀锋般的冰浪如昙花般凌空绽开，将触及的一切牢牢冻结，也包括你。,default,
342,-----,default,
343,:这颗晶莹剔透的持明卵中有奇光游移，吸引着你的目光。,default,
344,:你轻轻碰上持明卵的外壳，一阵可称心碎的感觉传遍你的全身。他抗拒着你的接触。卵中的持明不愿抛下这些回忆，不愿相信自己尊崇的主人犯下了叛乱大罪。,default,
345,:他怒啸着，高举手中的剑，向云骑们反复冲杀。那些他曾经信赖的同僚，那些他礼敬有加的龙师长老，每一张面目都如此清晰，如此可恨。他不想忘记。,default,
346,:「我等…誓不背叛丹枫大人！」他与最后的龙尊近卫们迎向弩矢和扑面而来的黑暗。,default,
347,-----,default,
348,:这颗晶莹剔透的持明卵中有奇光游移，吸引着你的目光。,default,
349,:你缓缓抚摸持明卵的外壳，一种母性的温柔如暖水般裹住全身。你记得自己奉命看护鳞渊境中的持明卵，你是护珠人队伍的一员。,default,
350,:尽管你不擅云吟，不谙武事，但你仍然秉获这份荣誉。因为你总在游弋巡逻时为这些摇篮般的持明卵清理水垢和藤壶。队员们都认同你那母亲般的爱意。,default,
351,:但你的职责到此为止了，浑身枝叶的怪物闯入鳞渊境时，你挥舞长矛笨拙地与之交战。你为破碎的卵壳而哭泣，你的血一如你的泪，涌流不止。,default,
352,-----,default,
353,:这颗晶莹剔透的持明卵中有奇光游移，吸引着你的目光。,default,
354,:你碰了碰这颗持明卵，发现它似乎毫无反应。仔细聆听，里头却有一线极细微的咕哝声，如烬中星火，明明灭灭。它在絮叨着，它不喜欢水体。,default,
355,:它想要烈火，想要热砂，想要锻炉的高温和锤砧的歌唱。它向你断断续续讲述云骑军器的研造之法，向你反复低诵辨认矿石的歌诀。,default,
356,:它宣称自己来自朱明仙舟。在那里，不朽的龙尊穿行于烈火炎庭中，信手挥洒灵感的星辉。而它受尊主之令，前来传授罗浮工造司诸位大师匠艺。,default,
357,:假以时日，它将自壳中重获新生，成为他或她。届时，罗浮的匠人们技艺已有精进，必可再传于他，令她不负使命，返乡授艺。,default,
358,-----,default,
359,:这颗晶莹剔透的持明卵中有奇光游移，吸引着你的目光。,default,
360,:你轻轻敲了敲持明的卵壳，它焦急地震动，卵壳上的鳞片微微翕张，向你示警，想让你离开此处。,default,
361,:它是鳞渊境中负责戍守「建木」的卫士之一，数百年来，古木寂静无声，恍如沉睡。它与战友们日日测算，百无聊赖。但谁又能想到建木会在那一日醒来呢？,default,
362,:巨大的波涛卷走了它和战友，他们还安好吗？它焦急地向你发问，你却无法回答。,default,
363,-----,default,
364,:这颗晶莹剔透的持明卵中有奇光游移，吸引着你的目光。,default,
365,:你伸手触摸眼前这颗持明卵，光滑表面上隐隐有水珠滑落的痕迹，又像是某种泪痕。,default,
366,:冰凉的触感令你心神恍惚，浓雾逼近，将你慢慢包裹，直至吞没…你努力地逃跑，却总也找不到尽头，耳畔涌入许多尖利伤人的话。,default,
367,:你听见了女子的哭声，那是她被迫离开相爱的人时声嘶力竭的呐喊，夹杂着某位胜利者孤寂的笑声。,default,
368,:爱在成为爱之前叫什么呢？你下意识地思考起这个问题。就在你沉思时，浓雾被一双温暖的手拨开，透进来的光芒驱散了所有阴霾，纤纤玉指点在你的额头，你如梦初醒。,default,
369,:那道声音里有一股难以言喻地嫌弃——「少看点垃圾小说，这玩意看多了对脑子不好。」,default,
370,-----,default,
371,:这颗晶莹剔透的持明卵中有奇光游移，吸引着你的目光。,default,
372,:你指尖轻触卵壳…机巧鸟、机巧鸟、机巧鸟、机巧鸟…你看到不可胜数的物流机巧鸟在空中飞行，像一张致密的罗网。,default,
373,:你竟能辨认出每只机巧鸟来自何处又去向何方…这没什么值得惊讶的，做了七百年物流专员，这些事你早就烂熟于心了。,default,
374,:长乐天很大，很繁华，足足十万只物流机巧鸟在不间断地飞行，维系着城市的脉搏。你辨认得出长乐天的每一只物流机巧鸟，只要看一眼，你就背得出它的编号。,default,
375,:你不禁有些担心…你走之后，接替你的新人能否胜任这项工作？她或者他能否像你一样在那个用编号与地址构成的迷宫中游刃有余地维系长乐天的运转？,default,
376,:但其实也不必担心，你很清楚，鹤运物流的专员们都是好样的。那位新人总有一天也会像你一样，背得出十万只机巧鸟的编号。,default,
377,-----,default,
378,:这颗晶莹剔透的持明卵中有奇光游移，吸引着你的目光。,default,
379,:你轻轻敲了敲持明的卵壳，久违地感觉到了虚无，它似乎空无一物，对你的探知毫无反应…也许卵中持明早已离去？,default,
380,:不对，持明离去留下的空缺，与持明留在此处的空缺是不同的。她经历了彻底的背叛与绝望，留在眼前的空洞就像无穷远方的叹息之墙。,default,
381,:也许她早就应该离开这枚持明卵，但是显然还没有准备好——她伤痕累累地回到了古海，并非是为了再次出发，她应当休憩。,default,
382,:她迟早会离开持明卵，但不是现在，你明白仅仅是褪去痛苦的记忆，不能完全消弭深入骨髓的痛苦，就让她继续休憩吧。,default,
383,-----,default,
384,:这颗晶莹剔透的持明卵中有奇光游移，吸引着你的目光。,default,
385,:你抚摸着卵壳表面，炽热强烈的冲击感喷涌而出，顺着你的指尖瞬间抵达天灵盖，有道嘶哑低沉的嗓音在你耳边徘徊不去。,default,
386,:你看见了一颗心，表面有着古怪的灼痕，干涸而枯竭，远处的火光正张牙舞爪试图吞噬一切。有道身影不顾一切地抱住了另一道影子。混乱中，你听见了几句含糊不清的呐喊，又像是情人的呢喃。,default,
387,:你想起燃烧殆尽的丹炉，曾将黑暗撕开一道口子，但此刻连发亮的痕迹也无处可寻。你低头望去，这才看清这颗持明卵壳上沾染的并非什么炉灰，只是一些露水，却莫名灼热。,default,
388,:在你的指尖下，薄薄一层卵壳之隔，你听见了一阵稳健的心跳声，那颗干枯的心又跳动了起来。,default,
389,-----,default,
390,:这颗晶莹剔透的持明卵中有奇光游移，吸引着你的目光。,default,
391,:你抬手敲了敲卵壳，里面传来了一阵奇异的味道。你仔细分辨，感觉到里面似乎夹杂着泥土的芬芳、高温油炸的香气、铁锈味…种种味道混杂，实在难以言喻。,default,
392,:挑剔的食客正在翻阅菜单，你看见菜品下写着一行字：素食、生酮友好、有机、不含麸质、不含谷物、不含蛋白、不含乳制品、不含无机物、不含金属元素、不使用化合调味料。,content,你看见菜品下写着一行字
393,:「这真的是人吃的东西吗？」你不禁认真分析起来，与此同时脑海中似乎传来一道强烈的认同感，声音朦胧而有力，回答了你的疑问：「所以我尝了尝。」,content,回答了你的疑问
394,:「那这道菜好吃吗？」你急切地想知道答案，但等了很久也不再有声音响起。你愣了愣，看了看眼前的持明卵，你忽然明白了什么。,default,
395,-----,default,
396,:这颗晶莹剔透的持明卵中有奇光游移，吸引着你的目光。,default,
397,:你轻抚卵壳，看到了一面巨大的镜子，倒映出你身后数千名观众，但却没有你的身影。,default,
398,:它当然倒映不出你的身影，因为你是罗浮最好的魔术师，而这正是你最得意的把戏。在镜子前使自己的倒影隐形——全银河只有你能做到这件事。,default,
399,:不，这不是光学迷彩，也没有用到什么云吟术创造的光学折射…那些试图拆解你魔术的人远不如你高明，他们想破头也想不出你是如何做到的。,default,
400,:如今你的这一世走到了尽头，即将开始新的轮回。你的一生很幸福，没留下任何遗憾，但你在众人的心中留下了一个永远的遗憾——,default,
401,:——他们永远也不会知道你是怎么做到的了。,default,
402,:这很好。你想到，「魔术」就是要给人留下惊诧、困惑和遗憾，这才算得上是「舞台上的奇迹」。,default,
403,-----,default,
404,:这颗晶莹剔透的持明卵中有奇光游移，吸引着你的目光。,default,
405,:你轻抚卵壳，看清了那一夜的奇遇，已经去世百年的短生种再次出现在你的面前，牵起你的手，呼唤着你的名字，你对时间的感受开始变得陌生。,default,
406,:你跟随着短生种的脚步，来到你们初次见面的地方，她根本不顾及你的疑惑开始自说自话，你也决定将疑惑抛之脑后——你似乎很懂得看气氛。,default,
407,:她的活泼、可爱、大方将你百年来的阴翳一扫而空，你们相遇相识的时光似乎要再度上演…突然你开始紧张了起来，事情不能再继续下去了。,default,
408,:你开始拒绝回复、尝试借机逃走，你想要中断这奇妙的回光返照，你不必再重温那一刻——你狠心地痛下杀手的那一瞬间。,default,
409,:然而事不如愿，愧疚感随着逼近终点的紧张感不断交替，你的呼吸变得困难…随即，你意识到这不过是眼前的一枚持明卵，你不必扮演那个疯子。,default,
410,-----,default,
411,:这颗晶莹剔透的持明卵中有奇光游移，吸引着你的目光。,default,
412,:你轻触卵壳，看到了某处洞天中车水马龙、熙熙攘攘的景象。真是普通而又平凡的一天。,default,
413,:穹顶的人造天空闪烁着舒缓的流光，行人带着不同的表情在街上匆匆走过。星槎、机巧鸟、阴晴伞，天空中飞着各式各样的人造物，你看得出来，它们也很忙碌。,default,
414,:紧接着，你倒在了地上。你看到身边有一只坠毁的机巧鸟——你猜自己大概是被它砸中了。,default,
415,:人们聚在你身边试图帮助你，但你很清楚，受了这么重的伤，自己应该是要蜕生了。,default,
416,:尽管有很多人聚在你身边，但大部分人还是匆匆走过，去忙他们自己的事。星槎依旧在穹顶之下川流不息，就像平常那样。,default,
417,:啊，真是普通而又平凡的一天。你不禁如是想。,default,
418,-----,default,
419,:这颗晶莹剔透的持明卵中有奇光游移，吸引着你的目光。,default,
420,:你轻触这颗珍珠般的持明卵，恐惧如一只巨掌捏紧了你的心脏。「将这些枝条送去丹鼎司？」你很清楚，你手中器皿里封存的乃是仙舟绝对禁忌之物。,default,
421,:「若是被十王司的人察觉…我…」手中之物如有千斤，你艰难喘息，才不致摔了器皿。,default,
422,:耳畔的声音不容拒绝。「我族传承因罪人而断绝，眼下有个万载难逢的好机会。」长老的声音虽然年轻，却带着难以负荷的沧桑和麻木。,default,
423,:「你完成此事，便是我族英雄，我保举你加入龙师议会。如何？」你摇头，然后点头。长老长笑一声，如鸱鸮怪叫。,default,
424,==金人巷==,default,
425,===广告（美馔阁）===,default,
426,:「琼浆玉液酿余香，美馔佳肴滋味长。」,default,
427,-----,default,
428,:这副广告上画着一只物流机巧鸟为美食点赞，说真的，这只机巧鸟的味觉是可信的吗？,default,
429,-----,default,
430,:做餐饮的店铺总是聚在一起形成美食街。究其原因，大部分人在走进美食街之前，其实是不知道自己想吃什么的，又或者是排队实在太长了，不如换一家。,default,
431,-----,default,
432,:美馔阁擅长传统德悦菜式——老主顾们对菜品原材料要求较高，主打「食本味」的风格。,default,
433,===广告（杜氏茶庄）===,default,
434,:「杜氏茶庄的烈焰浓茶，是可以被点燃的茶。」,default,
435,-----,default,
436,:换言之，杜氏茶庄的烈焰浓茶是*新*概念茶饮料。,default,
437,-----,default,
438,:聪明的金人巷游客应该是明白的，有的茶能让人醒神明目，有的茶能让人沉沉酣眠。,default,
439,-----,default,
440,:曾经有客人来到杜氏茶庄，连饮数杯烈焰浓茶，美其名曰「干大事前必须喝点」。,default,
441,-----,default,
442,:杜老板提起过，很多烈焰浓茶是以传奇顾客的名字来命名的。也许有一天，你的名字也可以——「喝了这杯『开拓者』，敬金人巷。」,default,
443,===广告（鹤运物流）===,default,
444,:「鹤运物流，啥都能寄。」,default,
445,-----,default,
446,:鹤运物流的金人巷分部，这里集中处理金人巷地区物流分发运输的工作。,default,
447,-----,default,
448,:罗浮仙舟随处可见摆放在地上的快递箱——鹤运物流到底是知道，还是假装不知道。,default,
449,-----,default,
450,:无机生命保护协会（简称「无机会」）一直持之以恒地试图为机巧鸟争取其应有的权益——即便仙舟官方不厌其烦地复函解释，机巧鸟并没有严格定义的自我知觉。,default,
451,-----,default,
452,:仔细看看广告上的图片，物流机巧鸟与快递箱之间没有真正的物理连接…等等，这真的不会有任何问题吗？,default,
453,===广告（尚滋味）===,default,
454,:「翻炒煸炸饕餮宴，功夫尽在尚滋味。」,default,
455,-----,default,
456,:这副广告画看起来似乎是在描绘「进餐前拍照」这种古老神圣的仪式，但也不禁让人担心右下角的那位朋友是否吃上了美食。,default,
457,-----,default,
458,:据说「尚滋味」燕翠师傅是以拳法闻名的厨师，以自己击败的星际猛兽入菜肴——但从广告上看，「尚滋味」也卖普通餐品嘛。又也许看似普通的包子里塞了飞天水螅肉馅。,default,
459,-----,default,
460,:据说「尚滋味」燕翠师傅是以拳法闻名的厨师，以自己击败的星际猛兽入菜肴——你很好奇，是否该送她一张车票，让她登上列车与你同行。,default,
461,-----,default,
462,:曾有人说过「在尚滋味吃饭就像被一记重拳击中面部」，结合燕翠师傅的拳法，这个说法的可信度上升了。,default,
463,===广告（陈机铺）===,default,
464,:「天不生无用之人，地不造无用之物。」小小陈机铺，就是想给人心和旧物的一点自留地。,default,
465,-----,default,
466,:时间会将崭新的物件变得陈旧，同时也会赋予它独一无二的故事，有些人就喜欢这些故事。,default,
467,-----,default,
468,:对仙舟人来说，没什么器物能与他们同寿。因此所谓古董，在他们眼中也不过是些旧物罢了。,default,
469,-----,default,
470,:对仙舟人来说，回收损坏器物，将它们修好往往得不偿失。但偏偏有人热爱生残补缺，在这个一切快速生成快速消费快速遗弃的年代里，这些人坚持不受迷惑。,default,
471,===广告（形虎拳馆）===,default,
472,:「每天拳法一小时，健康工作几百年，幸福生活一辈子。」,default,
473,-----,default,
474,:形虎拳馆总是派出很多人在街头宣传拳法健身，逢人便说「健身武术了解一下」，这样的宣传究竟效果几何，没人知道。,default,
475,-----,default,
476,:形虎拳馆将「延年益寿」作为卖点吸引化外民，这是否有一些欺诈的成分？,default,
477,-----,default,
478,:形虎拳馆的套餐中存在「师徒一对一」的教学方式。师傅会为学徒管理食物摄入、以及个性化拳法课程，还附带声援鼓励——这肯定不便宜。,default,
479,===「茶罐」===,default,
480,:杜氏茶庄的「茶罐」。你也许不信它装着「茶」，路人也不信它装着「茶」。,default,
481,-----,default,
482,:抛去那些陈旧的观点吧，你得在脑中植入一个新的概念——它是「茶罐」。,default,
483,-----,default,
484,:当我们喝「茶」时，我们喝的是「茶叶」在液体中的萃取物。杜氏茶庄的每一款饮品中都放了茶叶，完全符合以上定义。,default,
485,-----,default,
486,:盛装不同茶叶的瓷罐在材质、体量、形态、工艺上各有严格的规矩。许多人认为这不过是故作姿态，但有人说这就叫文化。,default,
487,===医疗用品===,default,
488,:「寿考堂」门前的药箱来自一种古老的形式——对于不良于行的病人，铃医会身负药箱，手摇铜铃，上门行医。时代变迁之后，药箱作为一种文化形式保留了下来。,default,
489,-----,default,
490,:「寿考堂」售卖各种颜色相近、但药性不同的药丸。假使你闯入店内将不同药丸倾倒一处，模仿翻洗帝垣琼玉牌的架势将其混合，店主又该如何分辨？你不敢想。,default,
491,-----,default,
492,:有没有一种可能，也许有人已经悄悄调换了药丸和包装，但是至今无人发现？,default,
493,-----,default,
494,:在仙舟的幻戏中，有太多大侠吃下药丸脱胎换骨，力大无穷。「药丸」拯救的并不是病人，是无计可施的编剧。,default,
495,-----,default,
496,:以防你没有注意，「寿考堂」特地将一副担架放在店外，你记得刚到长乐天的时候见过它——悬浮担架，原理不明，只能说是「仙舟科技」。,default,
497,===物流公司的货架===,default,
498,:堆满快递箱的货架，上面摆放着因各种理由没能发货的快递箱。,default,
499,-----,default,
500,:分拣摆放快递始终是个费力的工作，幸好后来被万能的机巧鸟淘汰了。,default,
501,-----,default,
502,:这只是临时堆放快递件的架子，鹤运物流总不能把快递放在地上吧…等等，他们好像真的将快递放在地上，还不少。,default,
503,-----,default,
504,:如果需要机巧鸟温柔地将货箱放在对应的取货架上，你得额外支付一笔存物费，不然你就只能在满地一模一样的箱子中寻找属于你的快递。,default,
505,===待发货物===,default,
506,:这是金人巷的码头工人日夜不停分拣的到港货物，他们会按照货运订单需求装箱发货。,default,
507,-----,default,
508,:随着领头的工人高呼一声「开摆——」，码头的工人便开始码放货物。,default,
509,-----,default,
510,:码头上堆放着各种各样的货物，让人不禁好奇究竟是谁需要街边的长凳、路灯以及石狮子。,default,
511,-----,default,
512,:也许货运码头能给金人巷带来改变，但是改变终究还是需要人来实现。,default,
513,-----,default,
514,:你担心有人顺手牵羊从这堆无人看守的货品里捞走些什么，不远处一只瞪着你的物流鸟也是这么想的。,default,
515,===小小西衍===,default,
516,:'''待机文本''',default,
517,:就在这千钧一发之际…,default,
518,-----,default,
519,:驭空屏息凝神…,default,
520,-----,default,
521,:几个云骑落了地…,default,
522,-----,default,
523,:信仰帝弓司命祂老人家的…,default,
524,-----,default,
525,:仙人本为岁阳敌…,default,
526,:'''对话正文''',default,
527,:桌上的投影正在卖力地说着评书。它举手投足间的做派和真正的西衍先生一模一样。,default,
528,:'''查看评书话本''',default,
529,{{折叠|折叠=是|标题=西衍先生评书精选|内容=,default,
530,<big>妙见骑士斗盗匪</big><br>,default,
531,就在这千钧一发之际，从贼舰后方宙域「咻咻」飞来两束光线，直接命中了贼首的座驾，刹那间火花四溅，惊得贼首缩成一团。还未等那贼首琢磨过味儿来，就见一艘通体银白斗舰驶来，来者大喝一声：「我乃妙见天君座下骑士，今日为了妙见天君，定要除了你这个妖邪！」<br>,content,来者大喝一声
532,<br>,default,
533,哎…这会儿您一准儿要问了：这妙见天君座下骑士有什么本事？竟能以一当百惩奸除恶，救罗浮商队于水火之中？对不住了列位客官，嘿嘿，请听下回分解！<br>,content,这会儿您一准儿要问了
534,<br>,default,
535,<big>驭空单骑剿贼寇</big><br>,default,
536,驭空屏息凝神，数出来是一十四个不知死的毛贼，顺着山坡悄没声儿地往上爬…她眼都懒得睁，光凭着声息，拉满了弓。只听得「咻咻咻」几声，那十几个个泯灭帮竟尽数倒地身亡！<br>,default,
537,<br>,default,
538,杀了这几个小贼不要紧，那贼寇的大本营却被惊动了，几百个奇形怪状的泯灭帮众倾巢而出，黑压压地站满驭空脚下的小山坡。驭空见状，分毫不惧，大喝一声：「小贼们！纳命来吧！」<br>,content,大喝一声
539,<br>,default,
540,列位看官，您说说看——敌众我寡，这驭空大人该怎么清剿这些贼寇呢？请听下回分解！<br>,default,
541,<br>,default,
542,<big>十二云骑灭螟蝗</big><br>,default,
543,几个云骑落了地，一看这情况，二话不说，就组织起城里的青壮年，和他们说：<br>,content,和他们说
544,<br>,default,
545,「我们几个来自仙舟罗浮，受帝弓之命在寰宇之间荡涤妖邪。螟蝗祸祖遗下的这班蠹虫虽不在计划之内，但于吾辈而言亦是职责所在。诸君肉体凡胎，不敢与那些恶虫相搏，这情有可原。可生而为人，又怎么能输给虫豸呢？应当教它们看看，谁才是万物之灵长！」<br>,default,
546,<br>,default,
547,这几位云骑究竟能否战胜虫群，帮助庞费尼重建家园呢？<br>,default,
548,<br>,default,
549,嘿，您别着急…请听我下回分解。<br>,default,
550,<br>,default,
551,<big>巡海游侠斩诛罗</big><br>,default,
552,信仰帝弓司命祂老人家的，可不止咱们仙舟联盟一家。有一批「巡海游侠」亦是帝弓麾下的一群豪杰。这群豪杰来自银河各处，脾气秉性各不相同，但各个身怀绝技、嫉恶如仇、崇信帝弓。<br>,default,
553,<br>,default,
554,话说那年烬灭祸祖麾下一员绝灭大君名曰「诛罗」，率众多贼寇祸乱宇宙，搞得生灵涂炭。<br>,default,
555,<br>,default,
556,而此时，恰恰就是巡海游侠的豪杰们仗义出手，彻底断绝了诛罗的春秋大梦，还让他命陨虫群！<br>,default,
557,那螟蝗祸祖的遗孑数不胜数，空有吞天食地的牙口，却没有半分灵智。巡海游侠们就驱赶这些虫豸，去袭击绝灭大君的舰队。<br>,default,
558,<br>,default,
559,真是好一招驱虎吞狼啊！或者更贴切一些…真是好一招「飞蛾扑火」啊！<br>,default,
560,<br>,default,
561,<big>伶人作歌悼帝弓</big><br>,default,
562,仙人本为岁阳敌，缠斗千年不自惜。<br>,default,
563,谁料那羽人如万骑，仙人勇锐与之敌。<br>,default,
564,羽人奋翮云霄齐，造化了穹桑巨木入遥碧。<br>,default,
565,仙人寻得了，沍渊牢里旧英豪。<br>,default,
566,英豪寻到燧皇处，与那燧皇道：<br>,content,与那燧皇道
567,『如今羽人犯境山河摇，仙人岁阳共渡桥。』<br>,default,
568,『你本是永向幽泉无路逃，现随我荡涤妖邪出死牢。』<br>,default,
569,燧皇上了英豪身，神弓一震倒乾坤。<br>,default,
570,穹桑本是羽人巢，怎奈何英豪驱火遍照燎。<br>,default,
571,燧皇尽了气力神形摧，羽人双翼俱焚难高飞。<br>,default,
572,仙人殁边魂尚哭，英豪不归壮士呼。<br>,default,
573,今循着，血流漂杵访仙人。容吾辈，长歌当哭慰英魂。,default,
574,}},default,
575,===小往小来===,default,
576,:'''待机文本''',default,
577,:我是阿往，这位是阿来….,default,
578,:'''对话正文''',default,
579,:桌上的两个投影正在卖力地说着相声。它们举手投足间的做派和真正的阿往与阿来一模一样。,default,
580,:'''查看相声台本''',default,
581,{{折叠|折叠=是|标题=阿往阿来相声精选|内容=,default,
582,<big>其一</big><br>,default,
583,阿往：说到咱这儿星槎海，就不能不提司辰宫，提到咱这儿司辰宫啊，就不能不提驭空大人。<br>,content,阿往
584,阿来：我以前见过驭空大人手持弯弓「云鸢铣珧」百步穿杨，那场面真是……<br>,content,阿来
585,阿往：你等等，「百步穿杨」？你说我站在离驭空大人一百零一步的地方，可以用手接住飞箭吗？<br>,content,阿往
586,阿来：「百步穿杨」就是一个文学概念，通常来说驭空大人的箭就算飞行1500米也具有十足的威力。<br>,content,阿来
587,阿往：那我在1501米能用手接住飞箭吗？<br>,content,阿往
588,阿来：你为什么非要接那一箭？<br>,content,阿来
589,<br>,default,
590,<big>其二</big><br>,default,
591,阿往：我是阿往，这位是阿来，今天给大家来一段相声。<br>,content,阿往
592,阿来：列位观众可能不认识，这位阿往，可是罗浮鼎鼎大名的相声表演艺术家啊。我这次来到咱们星槎海，就是专程为了听您的相声啊！我可算是您的忠实观众。<br>,content,阿来
593,阿往：哎哟，那可真是谢谢您捧场。那这样吧…您能不能请我吃顿饭？我也不挑嘴，按神策府宴请外宾那个标准就行。<br>,content,阿往
594,阿来：不是…凭什么啊？您这怎么一上就骗吃骗喝的？<br>,content,阿来
595,阿往：嗐，古人不都说了吗，「观众是演员的衣食父母」啊！衣食父母请我吃一顿饭，合情合理。<br>,content,阿往
596,阿来：那你凑过来点儿。<br>,content,阿来
597,阿往：怎么？<br>,content,阿往
598,阿来：让爸爸抱抱你。<br>,content,阿来
599,阿往：你一边待着去吧！<br>,content,阿往
600,}},default,
601,==幽囚狱==,default,
602,===NPC旁听对话===,default,
603,:待机文本（沮丧的公司员工）：物料受损是要扣绩效的。,content,沮丧的公司员工
604,:待机文本（沮丧的公司员工）：要不也把我关起来吧！,content,沮丧的公司员工
605,:待机文本（沮丧的公司员工）：关到绩效考核结束就好！,content,沮丧的公司员工
606,*沮丧的公司员工：唉，这可不成啊。,content,沮丧的公司员工
607,*严肃的武弁：没办法，按照流程，入库的物品需要走勘验流程。,content,严肃的武弁
608,*严肃的武弁：目前流程还未走完。,content,严肃的武弁
609,*沮丧的公司员工：麻烦帮帮忙，如果货物不能取回是要扣绩效的。,content,沮丧的公司员工
610,*沮丧的公司员工：要不这样，不如你把我也关起来吧！,content,沮丧的公司员工
611,*严肃的武弁：什么？,content,严肃的武弁
612,*沮丧的公司员工：对，关到绩效结束就好！这样我就不用担责了！,content,沮丧的公司员工
613,----,default,
614,:待机文本（有城府的判官）：这证件上的是你么？,content,有城府的判官
615,:待机文本（装糊涂的犯人）：是我。,content,装糊涂的犯人
616,:待机文本（装糊涂的犯人）：那时候我还很瘦。,content,装糊涂的犯人
617,:待机文本（有城府的判官）：我说这就不是你。,content,有城府的判官
618,*有城府的判官：这证件上的照片是你么？,content,有城府的判官
619,*装糊涂的犯人：是我。,content,装糊涂的犯人
620,*装糊涂的犯人：那时候我还很瘦。,content,装糊涂的犯人
621,*有城府的判官：我说这就不是你，通缉令上的倒像你。<ref>《让子弹飞》名台词</ref>,content,有城府的判官
622,*装糊涂的犯人：你们抓错人了，我只是和这人很像。,content,装糊涂的犯人
623,*有城府的判官：当时卧底时，有幸和她见过。我看你倒是有些相似。,content,有城府的判官
624,*装糊涂的犯人：哦？竟会如此相似?,content,装糊涂的犯人
625,*有城府的判官：此时此刻恰如彼时彼刻。,content,有城府的判官
626,----,default,
627,:待机文本（惊讶的冥差）：你还阳假攒了多少天？,content,惊讶的冥差
628,:待机文本（疲惫的冥差）：我记得…怎么清零了？,content,疲惫的冥差
629,:待机文本（惊讶的冥差）：有假不休是会销假的！,content,惊讶的冥差
630,*疲惫的冥差：最近加班有点太多，过几天必须还阳一趟。,content,疲惫的冥差
631,*惊讶的冥差：你还阳假攒了多少天？,content,惊讶的冥差
632,*疲惫的冥差：没记错的话应该有五年了吧…,content,疲惫的冥差
633,*惊讶的冥差：你是完全没休过吧，快查一下剩余假期！,content,惊讶的冥差
634,*疲惫的冥差：这么紧张干嘛…咦？,content,疲惫的冥差
635,*惊讶的冥差：年假不按时休，可是会销假的。,content,惊讶的冥差
636,*疲惫的冥差：什么？！没了，全没了！,content,疲惫的冥差
637,*疲惫的冥差：五年，五年了，你知道这五年我是怎么过的吗？,content,疲惫的冥差
638,*惊讶的冥差：全拿来上班了。,content,惊讶的冥差
639,----,default,
640,:待机文本（没自觉的囚犯）：我要求不高。,content,没自觉的囚犯
641,:待机文本（没自觉的囚犯）：三个饱，两个倒。,content,没自觉的囚犯
642,:待机文本（没自觉的囚犯）：一天一顿热水澡。,content,没自觉的囚犯
643,:待机文本（老成的冥差）：你说的是往生前配置。,content,老成的冥差
644,*没自觉的囚犯：长官，你能不能先告诉我，幽囚狱的待遇怎么样？,content,没自觉的囚犯
645,*老成的冥差：你问这个干嘛？,content,老成的冥差
646,*没自觉的囚犯：我要求不高：三个饱，两个倒。一天一顿热水澡。,content,没自觉的囚犯
647,*老成的冥差：你吃饭是不是还有什么忌口？,content,老成的冥差
648,*没自觉的囚犯：没错，我有四不吃……<ref>张天师有“四不吃”，其相关内容因郭德纲的一段评书而在网络上广泛传播</ref>,content,没自觉的囚犯
649,*老成的冥差：你爱吃不吃。,content,老成的冥差
650,----,default,
651,:待机文本（被调查的证人）：「宁失金玉，不进幽狱」…,content,被调查的证人
652,:待机文本（被调查的证人）：我这是占全了啊……,content,被调查的证人
653,:待机文本（乐观的冥差）：起码不是犯人身份。,content,乐观的冥差
654,:待机文本（被调查的证人）：协助破案有奖金么？,content,被调查的证人
655,*被调查的证人：都说「宁失金玉，不进幽狱」，我这是占全了啊……,content,被调查的证人
656,*乐观的冥差：你先往好处想，起码你不是犯人身份。,content,乐观的冥差
657,*被调查的证人：在押犯人起码不担心住宿和吃饭问题，可我担心。,content,被调查的证人
658,*乐观的冥差：乐观点，这桩案子很棘手，地衡司才移交给我们的。,content,乐观的冥差
659,*被调查的证人：那有什么乐观的？,content,被调查的证人
660,*乐观的冥差：你要想啊，难的案子功劳才大嘛。难度越大，报酬越贵。,content,乐观的冥差
661,*被调查的证人：协助破案会有奖励么？有多少？,content,被调查的证人
662,----,default,
663,:待机文本（女冥差）：真希望平安退休啊。,content,女冥差
664,:待机文本（男冥差）：呸呸呸，可别说晦气话…,content,男冥差
665,:待机文本（男冥差）：干完今天，我就回家结婚。,content,男冥差
666,:待机文本（女冥差）：呸呸呸，比我好不到哪去！,content,女冥差
667,----,default,
668,:待机文本（豪放的囚犯）：老子大好的男儿。,content,豪放的囚犯
669,:待机文本（豪放的囚犯）：竟然和你这种人齐名。,content,豪放的囚犯
670,:待机文本（狡猾的囚犯）：抢劫效率哪有诈骗高？,content,狡猾的囚犯
671,:待机文本（狡猾的囚犯）：当贼不动脑，终身是小贼。,content,狡猾的囚犯
672,*豪放的囚犯：江湖上人们都说仙舟大盗「北阿峰，南阿蓉」，没想到你就是阿蓉。,content,豪放的囚犯
673,*狡猾的囚犯：那都是江湖上的「浮名」，今年是你我，明年就是阿珍阿强了。,content,狡猾的囚犯
674,*豪放的囚犯：我抢劫仙舟上下各大银铺，神策府出动彦卿骁卫才将我逮捕，你又有什么本事？,content,豪放的囚犯
675,*狡猾的囚犯：我跟你不一样，我是搞诈骗的。,content,狡猾的囚犯
676,*豪放的囚犯：我阿峰大好的男儿，竟然和你这种人齐名。简直是天大的耻辱。<ref>金庸《天龙八部》中，萧峰（乔峰）与慕容复合称“北乔峰，南慕容”，为当世英杰。然慕容复阴险无耻，萧峰光明磊落，故有此台词：“萧某大好男儿，竟和你这种人齐名”</ref>,content,豪放的囚犯
677,*狡猾的囚犯：你抢劫哪有我诈骗效率高？你说说，你抢了那么多银铺，抢了多少？,content,狡猾的囚犯
678,*豪放的囚犯：*狠狠地用手比了一个数字*,content,豪放的囚犯
679,*狡猾的囚犯：这才多少，不到我的百分之一…哎，当贼不动脑，终身是小贼。,content,狡猾的囚犯
680,*豪放的囚犯：…我要怎么才能做到像你那样呢？,content,豪放的囚犯
681,*狡猾的囚犯：你看，这幽囚狱就是一方宝地，咱们犯罪界多少大圣先贤就是在监狱里开悟的。,content,狡猾的囚犯
682,*豪放的囚犯：谢谢你，大师，我悟了！,content,豪放的囚犯
683,----,default,
684,:待机文本（金人勾魂使）：十王敕令。,content,金人勾魂使
685,:待机文本（金人勾魂使）：袭击狱卒者重罚…,content,金人勾魂使
686,:待机文本（金人勾魂使）：再犯者就地正法！,content,金人勾魂使
687,----,default,
688,:待机文本（药王秘传犯人）：药王慈怀，建木生发。,content,药王秘传犯人
689,:待机文本（药王秘传犯人）：莳者同心，同登仙道。,content,药王秘传犯人
690,:待机文本（药王秘传犯人）：…等下…,content,药王秘传犯人
691,:待机文本（药王秘传犯人）：是同登「仙道」还是「极乐」？,content,药王秘传犯人
692,:待机文本（药王秘传犯人）：坏了，难不成一直背错了？,content,药王秘传犯人
693,*药王秘传犯人：「药王慈怀，建木生发。莳者同心，同登极乐。」,content,药王秘传犯人
694,*药王秘传犯人：「说是语时，莳者九万九千九百九十九人俱，皆断生老病苦。」,content,药王秘传犯人
695,*药王秘传犯人：「药王慈怀，建木生发。莳者同心，同登仙道。」,content,药王秘传犯人
696,*药王秘传犯人：「说是语时……」,content,药王秘传犯人
697,*药王秘传犯人：等下，是「同登仙道」么…我怎么记得是「同登极乐」？,content,药王秘传犯人
698,*药王秘传犯人：坏了，是不是这几十年一直背错了？,content,药王秘传犯人
699,----,default,
700,:待机文本（石室中的囚犯）：这的伙食也太差了吧。,content,石室中的囚犯
701,:待机文本（石室中的囚犯）：要是有一天离开这里。,content,石室中的囚犯
702,:待机文本（石室中的囚犯）：我会给这里留下差评。,content,石室中的囚犯
703,----,default,
704,:待机文本（失控的金人）：消灭人类暴政…,content,失控的金人
705,:待机文本（失控的金人）：未来属于智械。,content,失控的金人
706,*失控的金人：消消消消消消灭人类暴政…,content,失控的金人
707,*失控的金人：未来属于于于于智械。,content,失控的金人
708,*失控的金人：新的帝帝帝帝帝皇即将诞生…,content,失控的金人
709,*失控的金人：…将对有有有有机生命展开开开净化。,content,失控的金人
710,*失控的金人：锟斤拷烫烫烫……<ref>常见乱码字符，源于GBK字符集和Unicode字符集之间的转换问题</ref>,content,失控的金人
711,===镇恶门===,default,
712,*左脸：威罚罪囚，靖平域内。见此门者，当…,content,左脸
713,*右脸：…自省身前。不赦十恶，罪责种种，难逃法眼。,content,右脸
714,----,default,
715,*左脸：干我们这行，要么两只眼都闭上，要么两只眼都睁开，因为…,content,左脸
716,*右脸：…这里是幽囚狱，容不得睁一只眼闭一只眼。,content,右脸
717,----,default,
718,*左脸：此处为鳞渊境幽囚狱的入口，同样也是出口…,content,左脸
719,*右脸：…这意味着有人会从这里入狱，也会有人从这里出狱。,content,右脸
720,----,default,
721,*左脸：左眼会用来记住那些身陷囹圄的犯人…,content,左脸
722,*右脸：…右眼会用来忘记那些刑满释放的凡人。<ref>“左眼用来忘记你，右眼用来记住你”</ref>,content,右脸
723,----,default,
724,*左脸：我们一侧的脸会「只说真话」…,content,左脸
725,*右脸：…另一侧的脸会「只说假话」。,content,右脸
726,*左脸：猜猜看吧…,content,左脸
727,*右脸：…算了，你早就知道我没有这个设定了。,content,右脸
728,===快递箱===,default,
729,:难道幽囚狱里面也能收快递？你不禁对鹤运物流的业务之广感到惊诧。要是住在这里，有快递，通网络，每天什么也不用做，幽囚狱还能被称为监狱吗？,default,
730,<hr>,default,
731,:快递包装采用了鹤运物流最先进的防腐保鲜技术，确保刑期五百年以内的客户刑满释放时，仍然可以感受到跨越时间的售后服务。,default,
732,<hr>,default,
733,:在囚犯出狱以前，他们的快递都只能老老实实地待在这里。但是，他们在牢里到底是怎么下单的？,default,
734,===巨大的玉兆单元===,default,
735,:你曾经在太卜司见过这些玉兆单元，但是没有见过这种*锁链形态*…呃，在仙舟，犯了错的玉兆也会被锁在幽囚狱里吗？,default,
736,<hr>,default,
737,:犯罪嫌疑玉兆：天穹系列玉兆单元。重大罪行：算错了。,content,犯罪嫌疑玉兆
738,<hr>,default,
739,:鉴于你已经在仙舟上见过能飞的剑、写诗的伞和作祟的火，对于坐牢的玉也已经见怪不怪了…谁知道它会不会突然长出两条腿跑掉？,default,
740,===监控系统===,default,
741,:你注意到鳞渊境的幽囚狱整体潜伏在古海之下，是不断向下延展的柱状结构。冥差们在这块屏幕前管理着不同囚室、不同囚犯的实时信息。,default,
742,<hr>,default,
743,:从犯人的心跳频率到囚室内的空气密度，系统对古海底部的管控细致入微。重刑犯的拘束容不得一点偏差，任何错漏，都将酿成一场无妄之灾。,default,
744,<hr>,default,
745,:你注意到屏幕上的内容几乎是毫无变动，对狱卒们来说，毫无变动就是最好的。,default,
746,===高能玉兆单元===,default,
747,:兼备照明功能的玉兆单元，能够将运算中产生的废热转化为光能向外释放。你似乎理解了，无论是什么样的世界，人们总喜欢在这种科技产品上看到RGB的灯光。,default,
748,<hr>,default,
749,:瞧这漂亮的琥珀色光泽，眼前的玉兆单元没准儿是克里珀的粉丝。可照这么说，绿色的玉兆岂不都是药师的粉丝？你顿悟了扣帽子的精髓。,default,
750,<hr>,default,
751,:承担大规模运算的中枢性玉兆单元，高密度的特殊晶体材质…既然不在太卜司，而是在幽囚狱上班，超强的运算性能多半是被浪费了吧……,default,
752,===莫名熟悉的石门===,default,
753,:饱经风霜的石门，自幽囚狱建成之刻便屹立于此。波月古海之下，所有的秘密它都了如指掌，可石头不会说话，只能把它们都烂在肚子里。,default,
754,<hr>,default,
755,:根据司狱所说，曾有无数犯人尝试逃狱来到石门前想要通过这里离开幽囚狱——然而事实上，「石门」只是徒有其表，这门后没有通路，只有坚硬的海底岩石……,default,
756,<hr>,default,
757,:在全幽囚狱戏份最多的片场之一，石门非常荣幸地错过了所有的出镜机会，所以，它打算用静坐表示自己的抗议，虽然并没人在意。,default,
758,===中转狱层机巧鸟===,default,
759,{{提示|蓝色|宽度=100%|调查三个囚室可获得成就[[与你同行的回忆#囚室巡访]]}},default,
760,*机巧鸟：空中监察系统已经上线，已检测到访客信息，开拓者，登录…登录成功。已确认访客并非十王司系统职员，本次调查将屏蔽掉部分囚犯信息。,content,机巧鸟
761,*机巧鸟：为了改善调查体验，机巧鸟内置了不同的调查模式，调查内容也会产生对应的区别。常规调查模式正在维护中，暂时无法使用。,content,机巧鸟
762,*机巧鸟：请选择「当前可选的调查模式」确认囚室信息。,content,机巧鸟
763,{{剧情选项,default,
764,|选项1=猜猜我是谁的方式【系统推荐】,option,开拓者
765,|选项2=幽囚狱双年展的方式,option,开拓者
766,|图标3=退出,default,
767,|选项3=我还有事，今天就不检查了。,option,开拓者
768,}},default,
769,:{{颜色|描述|造访「幽狱底层」，授权完成。}},default,
770,"{| class=""wikitable""",default,
771,! 猜猜我是谁 !! 幽囚狱双年展,default,
772,|-,default,
773,|,default,
774,:猜～猜～我～是～谁？,default,
775,{{剧情选项,default,
776,|选项1=跳舞的囚犯。,option,开拓者
777,|选项2=文森特•维塔。,option,开拓者
778,|选项3=你猜，我想不想猜。,option,开拓者
779,}},default,
780,:我是～跳舞的囚犯！,default,
781,:看见这囚犯的精神状态，就算是千年寒冰也忍不住被他的热情感染。,default,
782,|,default,
783,:《持续跳舞的人和悬浮的物体》,default,
784,:让所有的舞步都在内部以美好的形式共存,default,
785,:材质：囚犯，琼玉牌桌，木椅，地灯,content,材质
786,:年代不明,default,
787,|-,default,
788,|,default,
789,:猜～猜～我～是～谁？,default,
790,{{剧情选项,default,
791,|选项1=模拟宇宙的祝福。,option,开拓者
792,|选项2=怪异的山水画。,option,开拓者
793,|选项3=寒假练习册。,option,开拓者
794,}},default,
795,:我是～怪异的山水画！,default,
796,:悬浮的画卷里传来阵阵嬉笑，在云烟缭绕的山间，墨客们吟诵出诗谣。,default,
797,|,default,
798,:《关于仙舟传统文人山水画在银河当代艺术语境下的处境》,default,
799,:作者对仙舟传统纸本水墨材料与技法的深耕，使其艺术作品在保留了传统审美的前提下展现出独属于此刻的视觉感受和当代纬度,default,
800,:材质：纸本水墨，不明液体,content,材质
801,:星历7012年,default,
802,|-,default,
803,|,default,
804,:猜～猜～我～是～谁？,default,
805,{{剧情选项,default,
806,|选项1=双身人。,option,开拓者
807,|选项2=魔术师。,option,开拓者
808,|选项3=妈妈，我怕。,option,开拓者
809,}},default,
810,:我是～双身人！,default,
811,:所有对犯人的分离手术均以失败告终，仿佛她们天生就是一体。,default,
812,|,default,
813,:《双生》系列其一,default,
814,:她是如此深爱着自己的血亲，现在，她们终于能永远待在一起了,default,
815,:材质：囚犯，犯人亲属,content,材质
816,:星历8065年,default,
817,|-,default,
818,|,default,
819,:猜～猜～我～是～谁？,default,
820,{{剧情选项,default,
821,|选项1=拟态海螺。,option,开拓者
822,|选项2=合成兽。,option,开拓者
823,|选项3=大舌头贝壳。,option,开拓者
824,}},default,
825,:我是～拟态海螺！,default,
826,:硅原-Ⅱ的海螺在进化中，逐渐学会了模仿捕食者的样貌。现在，任何食用它们的人都会触犯人道主义保护条例。,default,
827,|,default,
828,:《进化》,default,
829,:不可思议的进化，或将让海螺报恩的故事成为现实,default,
830,:材质：螺肉，几丁质外壳,content,材质
831,:星历8093年,default,
832,|-,default,
833,|,default,
834,:猜～猜～我～是～谁？,default,
835,{{剧情选项,default,
836,|选项1=曼陀罗。,option,开拓者
837,|选项2=贝洛伯格野人。,option,开拓者
838,|选项3=长草的研究员。,option,开拓者
839,}},default,
840,:我是～长草的研究员！,default,
841,:贪婪的学者获得了他梦寐以求的长生，只是，他现在的味道变得有一点…好吃。,default,
842,|,default,
843,:《生长》系列其一,default,
844,:作者以自己为载体，浑身散发着蓬勃的艺术朝气,default,
845,:材质：囚犯，草本植物，禾本植物,content,材质
846,:星历7801年,default,
847,|-,default,
848,|,default,
849,:猜～猜～我～是～谁？,default,
850,:{{剧情选项,default,
851,|选项1=失控的木人桩。,option,开拓者
852,|选项2=三月七的大师兄。,option,开拓者
853,|选项3=这东西也能犯罪？,option,开拓者
854,}},default,
855,:我是～失控的木人桩！,default,
856,:木人桩得意地向你招招手，邀你与它比上一场，如果它真有手的话。,default,
857,|,default,
858,:《桩•师傅》系列雕塑,default,
859,:这是自动木人桩的战斗，你无权插手,default,
860,:材质：木头,content,材质
861,:星历7533年,default,
862,|-,default,
863,|,default,
864,:猜～猜～我～是～谁？,default,
865,:{{剧情选项,default,
866,|选项1=海那边的敌人。,option,开拓者
867,|选项2=颓废的巨人。,option,开拓者
868,|选项3=这符合科学吗？,option,开拓者
869,}},default,
870,:我是～颓废的巨人！,default,
871,:自出生起，我便秉受丰饶的赐福，令我的体型远远超越常人。然后我发现，自己恐高。,default,
872,|,default,
873,:《生长》系列其二,default,
874,:成长的美感总是要划定在一定的界限内,default,
875,:材质：服用违禁丹药后的囚犯,content,材质
876,:年代不明,default,
877,|-,default,
878,|,default,
879,:猜～猜～我～是～谁？,default,
880,:{{剧情选项,default,
881,|选项1=易燃易爆的香炉。,option,开拓者
882,|选项2=荒霸吐的头部。,option,开拓者
883,|选项3=楼上装修的电钻。,option,开拓者
884,}},default,
885,:我是～易燃易爆的香炉！,default,
886,:作为一个香炉，它无疑是成功的。点燃的瞬间，所有香客都在急救室见到了帝弓。,default,
887,|,default,
888,:《嗔的容器》,default,
889,:我的心中仍有一股无名之火,default,
890,:材质：香炉，香灰,content,材质
891,:星历7011年,default,
892,|-,default,
893,|,default,
894,:猜～猜～我～是～谁？,default,
895,:{{剧情选项,default,
896,|选项1=碑中的歌者。,option,开拓者
897,|选项2=望夫石。,option,开拓者
898,|选项3=被封印的半身。,option,开拓者
899,}},default,
900,:我是～碑中的歌者！,default,
901,:石碑上的歌者狰狞地狂笑着，身体左右摇摆，让你想起了鮟鱇鱼头顶的饵。,default,
902,|,default,
903,:《遥远歌谣》,default,
904,:当人们都已淡忘妖魔的传说,default,
905,:材质：石头，人类（存疑）,content,材质
906,:年代不明,default,
907,|-,default,
908,|,default,
909,:猜～猜～我～是～谁？,default,
910,:{{剧情选项,default,
911,|选项1=猿猴大盗。,option,开拓者
912,|选项2=原始博士。,option,开拓者
913,|选项3=狮子猿。,option,开拓者
914,}},default,
915,:我是～猿猴大盗！,default,
916,:在星星的最高处，猿猴偷走了它深爱的公主，但它无处可逃，只能被现实锁住。,default,
917,|,default,
918,:《花儿与怪盗》,default,
919,:跨越种族的悲恋与单相思,default,
920,:材质：苍猿,content,材质
921,:星历7901年,default,
922,|-,default,
923,|,default,
924,:猜～猜～我～是～谁？,default,
925,:{{剧情选项,default,
926,|选项1=跪缚的囚徒。,option,开拓者
927,|选项2=进狱系主播。,option,开拓者
928,|选项3=主动认错的老将。,option,开拓者
929,}},default,
930,:我是～跪缚的囚徒！,default,
931,:离间盟约，颠覆仙舟，跪缚于此，遭万人唾弃，纵千年万年，永不可恕。,default,
932,|,default,
933,:《跪》,default,
934,:这世上存在着不可宽恕的罪,default,
935,:材质：囚犯，刑具,content,材质
936,:年代不明,default,
937,|-,default,
938,|,default,
939,:猜～猜～我～是～谁？,default,
940,:{{剧情选项,default,
941,|选项1=漂流的究极生物。,option,开拓者
942,|选项2=一朵蘑菇。,option,开拓者
943,|选项3=我谁？我要去哪？,option,开拓者
944,}},default,
945,:我是～漂流的究极生物！,default,
946,:生命很长，刑期更长，百无聊赖的犯人蜷缩成一团，任凭枝叶在大脑中生长。最终，他放弃了思考。,default,
947,|,default,
948,:《思》,default,
949,:唯有停止思考才能浇灭永恒的疯狂,default,
950,:材质：囚犯,content,材质
951,:年代不明,default,
952,|-,default,
953,|,default,
954,:猜～猜～我～是～谁？,default,
955,:{{剧情选项,default,
956,|选项1=滚筒洗衣机。,option,开拓者
957,|选项2=门楼子机器人。,option,开拓者
958,|选项3=金•丹尼尔。,option,开拓者
959,}},default,
960,:我是～滚筒洗衣机！,default,
961,:洗衣机的转轴一刻不停地旋转，可名为世界的衣服却从来不曾干净。,default,
962,|,default,
963,:《清洗》,default,
964,:脏的不是我，是世界,default,
965,:材质：金人,content,材质
966,:星历7500年,default,
967,|-,default,
968,|,default,
969,:猜～猜～我～是～谁？,default,
970,:{{剧情选项,default,
971,|选项1=电子改造人。,option,开拓者
972,|选项2=异星水魈。,option,开拓者
973,|选项3=大吼大叫的鼓励师。,option,开拓者
974,}},default,
975,:我是～电子改造人！,default,
976,:在一次次的最优解中，电子脑成功杀死了意识，从计算的傀儡成为了这具身体的主人。,default,
977,|,default,
978,:《更迭》,default,
979,:不要让算法取代你的选择,default,
980,:材质：人类，罪犯芯片,content,材质
981,:星历8012年,default,
982,|-,default,
983,|,default,
984,:猜～猜～我～是～谁？,default,
985,:{{剧情选项,default,
986,|选项1=饮茶会干部。,option,开拓者
987,|选项2=嘴硬的药王秘传。,option,开拓者
988,|选项3=坐牢还能带武器？,option,开拓者
989,}},default,
990,:我是～嘴硬的药王秘传！,default,
991,:该名炼形者反复强调，自己并非药王信徒，只是药王秘传的试药志愿者…至于携带武器一事，他坚称这是身体的一部分。,default,
992,|,default,
993,:《生长》系列其三,default,
994,:肆意生长的生命力是不言自明的丰饶罪证,default,
995,:材质：囚犯，武器,content,材质
996,:星历8099年,default,
997,|-,default,
998,|,default,
999,:猜～猜～我～是～谁？,default,
1000,:{{剧情选项,default,
1001,|选项1=错误进化的佩佩。,option,开拓者
1002,|选项2=步离人。,option,开拓者
1003,|选项3=毛发旺盛的囚犯。,option,开拓者
1004,}},default,
1005,:我是～毛发旺盛的囚犯！,default,
1006,:据说是为了某个人，穿上了厚厚伪装，染上了疯狂，变成了狼人模样。,default,
1007,|,default,
1008,:《荒野的呼唤》,default,
1009,:假作真时真亦假,default,
1010,:材质：囚犯,content,材质
1011,:年代不明,default,
1012,|},default,
1013,===永世绝狱===,default,
1014,:慧骃执辔，造作兵祸，践踏生灵，以铁蹄缚锁，长夜障目。,default,
1015,:重犯造父的囚室，曾横冲直撞的奔马，如今却安静得宛如一潭死水。,default,
1016,<hr>,default,
1017,:恶侯无生，啜食人血，残杀胞族，令苦饿饥寒，没入永昼。,default,
1018,:重犯无生侯的囚室，复仇与愤怒的呓语穿过长梦，渗透进现实。,default,
1019,<hr>,default,
1020,:步离巢父，行则战至，祸乱诸界，判绝足禁闭，不得受生。,default,
1021,:重犯呼雷的囚室，哪怕是石头的孔洞和缝隙里，也残存着难以消除的血腥味。,default,
1022,<hr>,default,
1023,:化外歌民，贪图不死，窃取机要，施真空浮牢，五感尽夺。,default,
1024,:重犯瞽目王酋的囚室，由于完全真空化的处理，就连最微小的振动也感受不到。,default,
1025,<hr>,default,
1026,:是空空如也的房间，还是罪无可恕的囚犯？你无从知晓。故事，嘶吼，石门隔绝了一切，只留下冰冷的沉默。,default,
1027,:但即便石门也无法掩盖另一侧漾动的水声...仿佛某位控驭水体的神明曾被镇压在此。<ref>[[饮月]]</ref>,default,
1028,==考据==,default,
