﻿line_number,content,category,character
1,{{提示|蓝色|宽度=100%|如果选择选项下面对话没变不是BUG了，而是游戏本身对话就是一样的。}},option,开拓者
2,{{任务|任务名称=回归,default,
3,|任务地区=雅利洛-Ⅵ,default,
4,|任务类型=开拓任务,default,
5,|所属版本=1.0,default,
6,|任务描述=,default,
7,|奖励=无,default,
8,|任务条件=完成[[这里的黎明……]],default,
9,|开放等级=24,default,
10,|出场人物=杰帕德、希露瓦、可可利亚、克里珀,default,
11,|相关道具=,default,
12,|相关成就=通往群星的轨道#凛冬将逝、我，开拓者#炽燃不灭的琥珀,default,
13,|系列任务=于曈昽的骄阳下,default,
14,|任务编号=08,default,
15,|前置任务=*[[这里的黎明……]],default,
16,|后续任务=*[[从凶险和泥泞的沼泽中]],default,
17,|任务流程=*找到神秘空间的出口，回归现实,default,
18,}},default,
19,==剧情内容==,default,
20,*开拓者：这里是…宇宙？,content,开拓者
21,*开拓者：我不是正在和可可利亚战斗吗，为什么会在这里……,content,开拓者
22,*开拓者：…上次来到这里时，纳努克瞥了我一眼，难道……,content,开拓者
23,*开拓者：这把枪是……可可利亚的武器？,content,开拓者
24,*开拓者：…,content,开拓者
25,,default,
26,=== 找到神秘空间的出口，回归现实 ===,default,
27,:{{颜色|描述|你看到杰帕德的身影…}},default,
28,*杰帕德：商业区沦陷了。居民已经转移，暂时安置在外城区。戍卫队…牺牲二十六人，但我……,content,杰帕德
29,*可可利亚：…说下去，杰帕德。,content,可可利亚
30,*杰帕德：我…我不确定牺牲的铁卫是不是真的死去了。我看到他们残破的身形在裂界中徘徊……,content,杰帕德
31,*杰帕德：那里发生的事违背常理，接近疯狂。守护者大人，情况如果持续下去……,content,杰帕德
32,*可可利亚：…我很清楚后果，杰帕德。退下吧。,content,可可利亚
33,*星核之声：…我们很清楚后果。,content,星核之声
34,----,default,
35,:{{颜色|描述|你看到希露瓦的身影…}},default,
36,*希露瓦：——你还在犹豫什么，可可利亚？这不是你一直在期待的吗？离开这个笼子，亲眼看看这座城市吧！我们还有什么可失去的吗？,content,希露瓦
37,*希露瓦：前人的努力…他们未竟的研究…终于能在这个时代结出果实了！给我一支卫队，让我去找到「星核」，找到拯救家园的办法——,content,希露瓦
38,*可可利亚：…冷静下来，希露瓦。,content,可可利亚
39,*希露瓦：…冷静？你在说什——,content,希露瓦
40,*可可利亚：铁卫！朗道女士累了，带她下去吧。,content,可可利亚
41,*可可利亚：查封她的实验室，扣押所有研究人员——他们进行的是非法的研究。,content,可可利亚
42,*希露瓦：…为什么，可可利亚…你为什么会变得这么冷漠……,content,希露瓦
43,*可可利亚：希露瓦•朗道…你曾是我最珍视的朋友。,content,可可利亚
44,*星核之声：…但约定的新世界里没有她的位置。,content,星核之声
45,----,default,
46,:{{颜色|描述|你看到可可利亚…}},default,
47,*士兵：可可利亚大人，怪物正向这边涌来！这里…这里太危险了！,content,士兵
48,*可可利亚：…愚蠢，卑微……,content,可可利亚
49,*温和的银鬃铁卫：…什么？大人，您在说什么？,content,温和的银鬃铁卫
50,*可可利亚：没人能理解…除了我。他们耳目健全，却看不见、听不到……,content,可可利亚
51,*士兵：呜哇啊啊啊啊——,content,士兵
52,*可可利亚：把愚昧的意志当作食粮…赦免他们的愚蠢和恐惧……,content,可可利亚
53,----,default,
54,:{{颜色|描述|你看到布洛妮娅的身影…}},default,
55,*布洛妮娅：母亲大人，我还是不明白…,content,布洛妮娅
56,*布洛妮娅：裂界侵蚀已经蔓延到了下层。如果撤走所有铁卫…留在下面的人该怎么保护自己？,content,布洛妮娅
57,*可可利亚：自动机兵防线会负责他们的安全。最重要的防线在上层区，我们一旦崩溃，地下将瞬间覆灭。必须不惜一切代价维持防线。,content,可可利亚
58,*可可利亚：这是取舍，布洛妮娅——身为领袖，就一定要有决断的胆识……,content,可可利亚
59,*可可利亚：你、我，我们还需要履行更重要的使命…早晚有一天，你也要做出抉择,content,可可利亚
60,*布洛妮娅：更重要的使命…？,content,布洛妮娅
61,*可可利亚：为时尚早，布洛妮娅…为时尚早。总有一天你会明白的。,content,可可利亚
62,----,default,
63,:{{颜色|描述|你看到一个女孩…}},default,
64,*守护者的意志：这座城市在哭喊…「存护」的力量在消褪。,content,守护者的意志
65,*守护者的意志：最后的最后…我们还是无法抗衡「星核」的意志。,content,守护者的意志
66,{{剧情选项,default,
67,|选项1=可可利亚放弃了「存护」。,option,开拓者
68,|剧情1=*守护者的意志：没错…但我们无权责难。,branch_content,守护者的意志
69,|选项2=这不是「存护」的真谛…,option,开拓者
70,|剧情2=*守护者的意志：你因何如此笃定？,branch_content,守护者的意志
71,}},default,
72,*守护者的意志：过去的七百年，裂界每分每秒都在持续扩张。我们留给接替者的…没有信念或财富，唯有漫无边际的绝望。,content,守护者的意志
73,*守护者的意志：目睹誓言「存护」的家园在眼前逐渐消逝…是种折磨。再加上那挥之不去、扇惑人心的低语……,content,守护者的意志
74,*守护者的意志：再坚定的意志也难免动摇，这一天注定会到来。祂的佑护…注定会离我们而去。,content,守护者的意志
75,{{剧情选项,default,
76,|选项1=——总有不会动摇的人。,option,开拓者
77,|选项2=那就让别人来「存护」吧。}},option,开拓者
78,*守护者的意志：你……,content,守护者的意志
79,*守护者的意志：一介过客，却执意要肩负起一整个世界的命运……,content,守护者的意志
80,*守护者的意志：也好。还有什么可失去…还有什么不能尝试呢？,content,守护者的意志
81,*守护者的意志：去触碰琥珀的光芒吧，开拓者。看看你内心「存护」的意志是否足够强大…强大到能吸引祂的目光。,content,守护者的意志
82,{{折叠|标题=过场动画|内容=,default,
83,:{{颜色|描述|你触碰了代表存护的大剑…}},default,
84,:{{颜色|描述|存护星神克里珀向你瞥了一眼…}},default,
85,:{{颜色|描述|…你回到了现实…}}}},default,
86,----,default,
87,:{{颜色|描述|进入战斗}},default,
88,*可可利亚：这不可能……,content,可可利亚
89,*布洛妮娅：「存护」的意志已经作出了选择……,content,布洛妮娅
90,*可可利亚：你们对这个世界的困境一无所知…对于等待着它的结局一无所知！,content,可可利亚
91,*布洛妮娅：哪怕注定走入灭亡，我们也会手牵着手，勇敢地走入那片黑暗——,content,布洛妮娅
92,*三月七：不，有我们在，那种结局绝对不会发生！,content,三月七
93,----,default,
94,:{{颜色|描述|进入二阶段}},default,
95,*可可利亚：{{注音|星核|祂}}的力量与我同在…,content,可可利亚
96,*可可利亚：你们…不过是旧世界崩溃前的垂死挣扎！,content,可可利亚
97,----,default,
98,:{{颜色|描述|击败{{图标|可可利亚，虚妄之母}}}},default,
99,{{折叠|标题=过场动画|内容=,default,
100,*布洛妮娅：不…别带走她！,content,布洛妮娅
101,*可可利亚：星核…,content,可可利亚
102,*可可利亚：许诺了未来！,content,可可利亚
103,*可可利亚：它会……,content,可可利亚
104,*可可利亚：吞没所有！,content,可可利亚
105,*布洛妮娅：母亲大人！,content,布洛妮娅
106,*布洛妮娅：快停下！,content,布洛妮娅
107,:{{颜色|描述|可可利亚微笑着消散了…}}}},default,
108,*希儿：结束了……,content,希儿
109,*布洛妮娅：……,content,布洛妮娅
110,*布洛妮娅：母亲…您有没有从梦里…醒来呢？,content,布洛妮娅
111,*三月七：哇，这一次的开拓…真不容易。丹恒、开拓者——我们成功啦！呃，不过「星核」该怎么办？以前都是杨叔处理的……,content,三月七
112,*丹恒：我已经通知了姬子和瓦尔特先生，这颗「星核」就交给他们来封印。,content,丹恒
113,*三月七：好耶！这下，这个世界的危机就算是解除了吧？,content,三月七
114,*丹恒：……,content,丹恒
115,*丹恒：…风雪凌厉，难以骤停。,content,丹恒
116,*丹恒：「星核」封印以后，寒潮会慢慢消退。这个世界的裂界不会再凶猛扩张，但也不会凭空消失。雅利洛-Ⅵ得到了重获生机的可能性，但那需要时间……,content,丹恒
117,*丹恒：这些，就要看他们自己的努力了。,content,丹恒
118,*布洛妮娅：各位…谢谢你们。,content,布洛妮娅
119,{{剧情选项,default,
120,|选项1=别勉强自己。,option,开拓者
121,|剧情1=*布洛妮娅：谢谢，开拓者…我没事，不用担心。,branch_content,布洛妮娅
122,|选项2=接下来有什么打算？,option,开拓者
123,|剧情2=*布洛妮娅：对于贝洛伯格来说…这场胜利只是个开始。,branch_content,布洛妮娅
124,|选项3=现在我也开不出玩笑了…,option,开拓者
125,|剧情3=*布洛妮娅：总要有人保持乐观啊。况且…我们已经迈过了最艰难的一关。,branch_content,布洛妮娅
126,}},default,
127,*布洛妮娅：要做的事还有很多…那台「造物引擎」引发的巨大动静，城里的居民一定都察觉到了。许多疑惑需要解释，许多真相需要公开……,content,布洛妮娅
128,*布洛妮娅：我只是不知道要怎么让所有人接受这一切……,content,布洛妮娅
129,{{剧情选项,default,
130,|选项1=把真相告诉所有人吧。,option,开拓者
131,|剧情1=*布洛妮娅：真的可以吗……,branch_content,布洛妮娅
132,*布洛妮娅：让民众知道母亲的真实目的…告诉他们这个维系了七百年的谎言……,content,布洛妮娅
133,*希儿：不——绝对不行。,content,希儿
134,|选项2=把真相伪装起来吧…,option,开拓者
135,|剧情2=*布洛妮娅：你的意思是……,branch_content,布洛妮娅
136,*布洛妮娅：用一个谎言去遮蔽另一个——但如果这样做，我……,content,布洛妮娅
137,*希儿：就这么做吧，布洛妮娅。,content,希儿
138,}},default,
139,*布洛妮娅：…希儿？,content,布洛妮娅
140,*希儿：我…我不知道该怎么解释，我只是觉得没有别的办法。,content,希儿
141,*希儿：在下层，我们每天都在对小孩子重复同一句话：「明天会好起来的」——谁都知道那是在骗人，但至少能让他们带着希望入睡。,content,希儿
142,*希儿：如果把在这里发生的事说出去…你能想象后果吗？人们会失望的，如果连守护者都无法相信——换做是我，我会不知道自己还能相信什么…还能相信谁。,content,希儿
143,*布洛妮娅：……,content,布洛妮娅
144,*布洛妮娅：…母亲是为了「存护」贝洛伯格而牺牲的。,content,布洛妮娅
145,*三月七：…欸？,content,三月七
146,*布洛妮娅：从天外降临的旅行者口中，她知晓了「星核」的秘密。她也知道，第一任大守护者阿丽萨•兰德没能摧毁「星核」……,content,布洛妮娅
147,*布洛妮娅：…但她还是决定挑战这股远超人类想象的力量。大守护者可可利亚牺牲自己，驱散了笼罩贝洛伯格的阴霾。,content,布洛妮娅
148,*布洛妮娅：——从现在起，这就是「真相」…你们认为呢？,content,布洛妮娅
149,*希儿：起码它有点「存护」的希望。,content,希儿
150,*丹恒：合乎情理…至少极难证伪。,content,丹恒
151,*三月七：为什么非得说谎不可呢…不知道啦，我弃权，我还是更喜欢说真话。虽然…我也理解你们就是了。,content,三月七
152,{{剧情选项,default,
153,|选项1=我赞同，就这么说吧。,option,开拓者
154,|剧情1=*布洛妮娅：谢谢你的理解，开拓者。,branch_content,布洛妮娅
155,|选项2=谎言永远是谎言…,option,开拓者
156,|剧情2=*布洛妮娅：我明白。但…我必须保护相信筑城者的人民…,branch_content,布洛妮娅
157,|选项3=把我们的功劳给抢了啊…,option,开拓者
158,|剧情3=*布洛妮娅：抱歉…我一定会想办法补偿你们。,branch_content,布洛妮娅
159,}},default,
160,*布洛妮娅：在很多人眼里，母亲是一位优秀的守护者…如果要保存真相，就把那些错误、疯狂、邪恶与梦想保存在我的记忆中…让我来背负就好。,content,布洛妮娅
161,*布洛妮娅：既然注定要接过「大守护者」的职责…那我就必须舍弃天真的幻想。,content,布洛妮娅
162,*布洛妮娅：抱歉，希儿。这个秘密，还请你和我一同把守…直到我们生命的尽头。,content,布洛妮娅
163,*希儿：当然——我知道该怎么做。,content,希儿
164,*布洛妮娅：谢谢你。,content,布洛妮娅
165,*布洛妮娅：那么，按照我们之前的约定…着手重建上下层之间的桥梁吧。,content,布洛妮娅
166,----,default,
167,*布洛妮娅：希儿，你能将「星核」被封印的消息带给下层区的大家吗？告诉他们，封锁很快就会结束…很快就能自由地呼吸了。,content,布洛妮娅
168,*希儿：当然，交给我吧——我猜娜塔都等急了。,content,希儿
169,*布洛妮娅：有你帮忙传话，我就能放心赶回行政区了。必须通知杰帕德和希…呃……,content,布洛妮娅
170,*希儿：…你没事吧？！,content,希儿
171,*三月七：怎么了，布洛妮娅？哪里不舒服吗？,content,三月七
172,*布洛妮娅：我…没事。必须…快点动身……,content,布洛妮娅
173,*三月七：她的状况好像不太妙啊！怎么办怎么办…开拓者，想个法子呗？,content,三月七
174,{{剧情选项,default,
175,|选项1=希儿，你带布洛妮娅回去吧。,option,开拓者
176,|选项2=去下层传话的任务就交给我们。}},option,开拓者
177,*希儿：…好。差点忘了，你们还在被城里的铁卫通缉…虽然我是下层区人，但起码不像你们这么显眼。,content,希儿
178,*希儿：那就这么办吧，娜塔那边就交给你们了。为了布洛…不对，是为了整个贝洛伯格——麻烦你们，保守好这个秘密。,content,希儿
179,*三月七：开拓者，刚才你突然出现在战场上，手里还提着那么酷拽的武器…到底发生了什么，也该告诉我们了吧？,content,三月七
180,{{剧情选项,default,
181,|选项1=我见到了「存护」克里珀…,option,开拓者
182,|剧情1=*三月七：唔…你在这个时候被琥珀王瞥了一眼？这也太巧了吧……,branch_content,三月七
183,|选项2=这是我第二次为你牺牲，三月…,option,开拓者
184,|剧情2=*三月七：呃…谢谢？但是这所答非所问呀……,branch_content,三月七
185,|选项3=说时迟那时快，力量从天而降…,option,开拓者
186,|剧情3=*三月七：能不能正经点！咱是真的很好奇……,branch_content,三月七
187,}},default,
188,*丹恒：开拓者本人也不清楚吧？这不是第一次了。在空间站面对末日兽的时候，也发生过类似的事——还记得纳努克的瞥视吗。,content,丹恒
189,*丹恒：我们原以为是因星核与「毁灭」有关，但现在看来并不简单——恐怕得与瓦尔特先生谈谈才能理出头绪。,content,丹恒
190,*丹恒：先着眼于当下的事务吧，姬子和瓦尔特先生处理星核时，不方便打扰他们。返回列车再说。,content,丹恒
191,*三月七：嗯，也对，毕竟做事就得善始善终嘛…我们赶紧去找娜塔莎。,content,三月七
192,:{{颜色|描述|开拓者踏上全新的命途：存护}},content,开拓者踏上全新的命途
193,----,default,
194,{{折叠|标题=额外对话（希儿&布洛妮娅）|内容=,default,
195,*希儿：你还好吗？哪里不舒服…头昏？乏力？还是……,content,希儿
196,*布洛妮娅：…我说不上来，希儿。全身上下…都感觉…很冰冷。,content,布洛妮娅
197,*希儿：嗐，那不是很正常吗？这地方本来就冷得离谱…嘁……,content,希儿
198,*布洛妮娅：还是快离开这儿吧，不然连你也要冻出毛病了。,content,布洛妮娅
199,*希儿：别怕，我身子骨结实得很。来，扶好我…咱们走吧。,content,希儿
200,|折叠=是}},default,
