﻿line_number,content,category,character
1,{{角色语音表头|云璃|未完善=是}},default,
2,{{切换板|开始}},default,
3,{{切换板|默认显示|互动语音}},default,
4,{{切换板|默认折叠|战斗语音}},default,
5,{{切换板|显示内容}}{{角色语音,default,
6,|语音类型=初次见面,default,
7,|语音文件=云璃-初次见面,default,
8,|语音内容=我是云璃。来吧，拿上你的剑，我们交一次手，就算认识了。,default,
9,"|语音内容英语=I am Yunli. Come, take up your sword. We'll get to know each other once we've sparred.",default,
10,"|语音内容韩语=난 운리라고 해. 자, 검을 잡아 봐. 한 번 겨뤄보면 서로를 알 수 있을 거야",default,
11,|语音内容日语=私は雲璃。さあ、剣を取って。一度手合わせすれば、知り合いになれる。,default,
12,}},default,
13,{{角色语音,default,
14,|语音类型=问候,default,
15,|语音文件=云璃-问候,default,
16,|语音内容=哦，你在这里啊。剑士就该用剑来互相问候，来吧，「老铁」。,default,
17,"|语音内容英语=Oh, here you are. Swordmasters should greet each other with their swords. Old Mettle, say hi!",default,
18,"|语音内容韩语=아, 여기 있었네. 검사는 검으로 인사를 해야지. 시작하자, 「철군」",default,
19,|语音内容日语=あ、ここにいたんだ。剣士は剣で挨拶しないと…行こう、剣ちゃん。,default,
20,}},default,
21,{{角色语音,default,
22,|语音类型=道别,default,
23,|语音文件=云璃-道别,default,
24,|语音内容=你要回去了？突然想顺路去吃点好的…走吧，我买单。放心，我有爷爷给的零花钱。,default,
25,"|语音内容英语=You're leaving? Actually, I suddenly have a craving for some good food... Let's go, I'll treat you. Don't worry, I have some pocket money from grandpa.",default,
26,|语音内容韩语=가려고? 입이 좀 심심한데… 같이 가자. 내가 살게. 할아버지가 주신 용돈이 있으니까 걱정 마,default,
27,|语音内容日语=帰るの？私、どっかで美味しいものでも食べようと思ってるんだけど…あなたも一緒に行かない？私が奢るから。大丈夫、お小遣いならおじいちゃんから貰ってる。,default,
28,}},default,
29,{{角色语音,default,
30,|语音类型=关于自己•与剑对话,default,
31,|语音文件=云璃-关于自己•与剑对话,default,
32,|语音内容=剑是有脾气的，有时候觉得剑不好使，就要多摸摸它安抚它，体会手握住剑柄的触感，它会告诉你哪儿不舒服！,default,
33,"|语音内容英语=Swords have a temper. Sometimes, you have to touch them to calm them down — put the hilt of the sword in your hand, and it'll tell you what's wrong!",default,
34,|语音内容韩语=검도 성깔이 있어. 가끔 검이 잘 안 드는 것 같으면 쓰다듬어주고 달래줘야 하지. 손에 잡히는 감촉을 느끼면 검이 어디가 불편한지 알려줄 거야!,default,
35,|语音内容日语=剣には気性があるの。いつもと違って使いにくいなと思った時は、剣を撫でたり宥めたりした後、剣の柄を握って、その感触にしっかりと意識を集中させる——そうすれば、どこの調子が悪いのか教えてくれるんだ。,default,
36,}},default,
37,{{角色语音,default,
38,|语音类型=关于自己•招式,default,
39,|语音文件=云璃-关于自己•招式,default,
40,|语音内容=剑术之余，与剑的交流同等重要，这便是「招式」的意义——无论是「崩剑斩」还是「碎岩破」，只有大声喊出来练习，才不会在战场上嘴瓢。,default,
41,"|语音内容英语=In swordsmanship, skill alone isn't enough — communication with the sword is equally important. For any sword technique, whether it be the Avalanche Chop or the Boulder Breaker, you have to vocalize your techniques when you train, then you won't stumble over your words on the battlefield.",default,
42,|语音内容韩语=검술 연마도 좋지만 검과 교감하는 것도 중요해. 이게 바로 「초식」이 가지는 의미야. 「붕검참」이든 「쇄암파」든 큰 소리로 외치면서 연습해야 실전에서 말을 버벅이지 않지,default,
43,|语音内容日语=剣術の他に重要なのは、剣との交流。それも「技」の一部なの——「崩剣斬」にしても、「砕岩破」にしても、大声を出して練習しないと、戦場で言い間違えちゃう。,default,
44,}},default,
45,{{角色语音,default,
46,|语音类型=闲谈•魔剑,default,
47,|语音文件=云璃-闲谈•魔剑,default,
48,|语音内容=持有魔剑的人虽然能在剑技上一蹴而就，但说到底只是被魔剑驱遣的行尸走肉而已——胜负在人，而不在剑。,default,
49,"|语音内容英语=A cursed sword may grant a warrior great power in an instant, but in the end, they will just be a walking corpse driven by the sword. Victory is up to the wielder, not the sword.",default,
50,|语音内容韩语=마검을 지닌 사람은 검술이 일취월장하겠지만 결국은 검의 꼭두각시에 불과해. 승패는 검이 아니라 검을 쥔 사람에게 달렸어,default,
51,|语音内容日语=魔剣を持つ人は剣技が爆発的に上達するけど、所詮は魔剣に操られた歩く屍——勝負を決めるのは人であって、剣じゃない。,default,
52,}},default,
53,{{角色语音,default,
54,|语音类型=闲谈•武器,default,
55,|语音文件=云璃-闲谈•武器,default,
56,|语音内容=「老铁」是一柄尚未锤炼完成的剑胚，我会将夺来的魔剑熔进其中，因此它也被叫作「熔铁剑骸」…不过还是叫它「老铁」更亲切一些。对吧，老铁？,default,
57,"|语音内容英语=Old Mettle here is an unrefined sword into which I infuse cursed swords I've collected, so I also call it the ""Blade of Forged Remnants."" ...But I guess Old Mettle is a friendlier name. Right, Old Mettle?",default,
58,"|语音内容韩语=「철군」은 아직 완성되지 않은 검이야. 빼앗은 마검을 그 안에 녹여 넣을 거니까, 「용철검해」라고도 불리겠지…. 그래도 역시 「철군」이 더 친근한 것 같아. 그렇지, 철군?",default,
59,|语音内容日语=「剣ちゃん」はまだ鍛えられてない剣の胚なんだ。奪った魔剣をこの子の中に溶かし込んでるから、「熔鉄剣骸」とも呼ばれてるんだけど…「剣ちゃん」のほうが親しみがあるでしょ。そうだよね、剣ちゃん？,default,
60,}},default,
61,{{角色语音,default,
62,|语音类型=爱好,default,
63,|语音文件=云璃-爱好,default,
64,|语音内容=鉴赏宝剑的时候记得注意顺序，首先是观察外貌，再就是感受气质，最好是能上手触摸，感受内在品质——最后、以及最重要的，要找到和它过一辈子的感觉！,default,
65,"|语音内容英语=There is an etiquette for appreciating a sword. First, observe the exterior. Second, feel the sword's temperament — it is best to touch it with your fingers to get a good sense of its inner quality. Lastly, and most importantly, get used to the feeling of living with it for the rest of your life!",default,
66,"|语音内容韩语=보검을 감상할 때는 순서를 잘 따져야 해. 먼저 외관을 관찰하고 그런 다음 분위기를 느껴야 하는데, 손으로 만져보면서 내면의 품성을 느낄 수 있으면 제일 좋지. 그리고 마지막이자 가장 중요한 건, 그 검과 평생 함께할 수 있을 것 같다는 느낌을 찾아내는 거야!",default,
67,|语音内容日语=宝剣の観賞には大事な作法があるの。まずは外見を観察する、次に内面に秘められた気質を感じ取る。できれば、その時に手で触れるようにして。最後に…一番重要なのは、剣と一生を共にする感覚を掴むこと！,default,
68,}},default,
69,{{角色语音,default,
70,|语音类型=烦恼,default,
71,|语音文件=云璃-烦恼,default,
72,|语音内容=怎么尽是坏人拿好剑…坏人拿坏剑不行么！,default,
73,|语音内容英语=Why are the bad guys always using good swords... Why can't the bad guys take bad swords?,default,
74,|语音内容韩语=왜 나쁜 사람은 항상 좋은 검을 갖고 있을까…? 나쁜 사람은 나쁜 검을 쓰면 안 되나?,default,
75,|语音内容日语=どうして悪い奴に限っていい剣を持ってるんだろう…折れた剣でも使ってればいいのに！,default,
76,}},default,
77,{{角色语音,default,
78,|语音类型=分享,default,
79,|语音文件=云璃-分享,default,
80,|语音内容=对匠人来说，真正的浪费是「明珠暗沉」。我将那些夺来的剑存进「熔兵剑炉」的铁水里，并不是销毁它们，而是能在合适的剑主到来之前，保护它们……,default,
81,"|语音内容英语=For a craftsman, a pearl hidden from the light of day is a true waste. The reason I stash away all the swords I find into Molten Remains is not to destroy them, but to protect them until a suitable swordmaster arrives...",default,
82,|语音内容韩语=장인은 돼지 목에 진주 목걸이가 걸리는 걸 가장 큰 낭비로 여기지. 난 뺏어온 검들을 「용검로」에 담긴 쇳물에 보관할 거야. 그것들을 없애려는 게 아니라 알맞은 주인이 나타나기 전까지 보호하는 거지……,default,
83,|语音内容日语=職人にとって、真の浪費は「輝く素材が闇に埋もれる」こと。私が奪った剣を「熔兵剣炉」の中に溶かしてるのは、処分してるわけじゃなくて、彼らに合った持ち主が現れるまで守るためなの……,default,
84,}},default,
85,{{角色语音,default,
86,|语音类型=见闻,default,
87,|语音文件=云璃-见闻,default,
88,|语音内容=朱明仙舟的锻艺享誉星海，宗工大匠也层出不穷，他们大多都是爷爷的弟子。其中就包括那位「如飞逝流星」的应星。,default,
89,"|语音内容英语=The Xianzhou Zhuming is famous across the stars for its forging and metallurgy, and there are countless master craftsmen among its ranks — most of them were Grandpa's apprentices. That includes Yingxing, the ""flying comet.""",default,
90,"|语音内容韩语=주명 선주의 단조 기술은 별바다에서 명성이 자자하고, 실력 있는 장인들도 끊임없이 나오는데 그들은 대부분 할아버지의 제자야. 그중에는 「찰나의 유성」 응성 님도 계시지",default,
91,|语音内容日语=仙舟「朱明」の鍛造技術は銀河でも有名で、名立たる大匠がたくさんいるんだけど、ほとんどがおじいちゃんの弟子なんだ。あの「刹那の流れ星」って呼ばれてた応星もね。,default,
92,}},default,
93,{{角色语音,default,
94,|语音类型=关于怀炎,default,
95,|语音文件=云璃-关于怀炎,default,
96,|语音内容=爷爷总是把我当成小孩子，可是话又说回来，他那个年纪，看谁不是小孩子呢？,default,
97,"|语音内容英语=Grandpa always treats me like a child. But come to think of it, at his age, who isn't a child to him?",default,
98,|语音内容韩语=할아버지는 항상 날 어린애 취급하셔. 그런데 생각해 보면 할아버지 나이가 되면 누굴 보든 어린애로 보이지 않겠어?,default,
99,|语音内容日语=おじいちゃんは私のことを子供だと思ってる。でも、あの歳の人からしたら、誰だって子供に見えるよね？,default,
100,}},default,
101,{{角色语音,default,
102,|语音类型=关于景元,default,
103,|语音文件=云璃-关于景元,default,
104,|语音内容=每次听爷爷和景元将军说话，我都觉得又累又困，他们为什么就不能跟和我说话时一样呢？搞不懂将军间的对话……,default,
105,"|语音内容英语=Every time I hear Grandpa and General Jing Yuan talking, I start to fall asleep. Why can't they speak to each other the same way they talk to me? I can never understand conversations between generals...",default,
106,|语音内容韩语=할아버지와 경원 장군님의 대화를 들을 때마다 내가 다 졸리고 피곤해지는 기분이야. 나랑 얘기할 때처럼 하면 안 되는 걸까? 장군님들 사이의 대화는 정말 이해할 수가 없어……,default,
107,|语音内容日语=おじいちゃんと景元将軍の会話を聞いてると眠くなるの。どうして私と話す時みたいに喋れないんだろう？将軍同士の会話って、全然理解できない……,default,
108,}},default,
109,{{角色语音,default,
110,|语音类型=关于彦卿,default,
111,|语音文件=云璃-关于彦卿,default,
112,|语音内容=他有好多珍藏不用的宝剑，我听见那些剑都哭了…你说，彦卿这样的是不是就叫朝三暮四？,default,
113,"|语音内容英语=He has so many great swords that he never uses. Sometimes, I can hear those swords crying... Is this what people mean when they say ""spoiled for choice?""",default,
114,|语音内容韩语=걔는 소장만 하고 사용하지 않는 보검이 정말 많아. 그 검들이 우는 소리가 들린다니까… 이런 걸 조삼모사라고 하지 않나?,default,
115,|语音内容日语=彼は集めるだけ集めて使わない剣をたくさん持ってる。前に「使ってくれない」って剣が泣いてたんだ…これって「朝三暮四」って言うんだよね？,default,
116,}},default,
117,{{角色语音,default,
118,|语音类型=关于飞霄,default,
119,|语音文件=云璃-关于飞霄,default,
120,|语音内容=过招远比语言真诚，我更喜欢「以剑交心」。那位潇洒的曜青将军也是如此。,default,
121,"|语音内容英语=I prefer to make friends by sparring — after all, combat is more sincere than words. That carefree general of the Yaoqing is the same as me in that regard.",default,
122,|语音内容韩语=대련은 말보다 훨씬 진실돼서 난 「검을 통해 마음을 나누는 걸」 더 좋아해. 요청의 그 멋진 장군님도 마찬가지지,default,
123,|语音内容日语=手合わせは言葉よりも誠実だから、私は「剣で心を通わせる」ほうが好きなんだ。あの颯爽とした曜青の将軍も同じだと思う。,default,
124,}},default,
125,{{角色语音,default,
126,|语音类型=关于貊泽,default,
127,|语音文件=云璃-关于貊泽,default,
128,|语音内容=飞霄将军是有这么一位幕僚，听说见到他的难度很高很高，除非他自己现身，但他一般又不现身……,default,
129,"|语音内容英语=Ah yes, General Feixiao has a counselor by that name. I've heard that it's very, very difficult to see him, unless he reveals himself willingly. But usually he's nowhere in sight...",default,
130,"|语音内容韩语=비소 장군님께는 얼굴 보기가 아주 힘든 막료 하나가 있지. 그가 직접 모습을 드러내지 않는 이상 만날 수가 없는데, 거의 모습을 드러내는 일이 없다고 해……",default,
131,|语音内容日语=飛霄将軍のところにそういう幕僚がいるってことは知ってるけど…あっちから姿を見せてくれない限り、会うのはすごく難しいみたい。でも、人前にはほとんど出てこないんだよね……,default,
132,}},default,
133,{{角色语音,default,
134,|语音类型=关于椒丘,default,
135,|语音文件=云璃-关于椒丘,default,
136,|语音内容=他总是叫我去吃火锅。我知道火锅很好吃，但我就是吃不了又辣又烫的。,default,
137,"|语音内容英语=He always asks me to go eat hot pot with him. I know it's delicious, but I just can't eat that hot and spicy stuff.",default,
138,"|语音内容韩语=그는 항상 같이 훠궈를 먹으러 가자고 해. 훠궈가 맛있긴 하지만, 난 맵고 뜨거운 걸 못 먹는다구",default,
139,|语音内容日语=いつも火鍋を食べに行こうって誘われる。火鍋が美味しいのは知ってるけど、私、熱くて辛いものは食べられないんだ。,default,
140,}},default,
141,{{角色语音,default,
142,|语音类型=关于灵砂,default,
143,|语音文件=云璃-关于灵砂,default,
144,|语音内容=在朱明仙舟的时候，我有空就会去找灵砂姐姐和炎庭君玩。玩累了，就躺在灵砂姐姐的膝枕上休息，她真的…好香好香。,default,
145,"|语音内容英语=Whenever I'm on the Zhuming and I have time, I go visit Lingsha and Ardens Regia. Then, when I'm tired of playing, I rest my head on her lap... Lingsha always has this sweet sweet aroma about her.",default,
146,|语音内容韩语=주명 선주에 있었을 땐 시간 날 때마다 영사 언니 그리고 염정군과 함께 놀았어. 놀다가 지치면 영사 언니의 무릎을 베고 누워 쉬었지. 언니한테선… 늘 좋은 향기가 나,default,
147,|语音内容日语=仙舟「朱明」にいる時は、暇さえあれば霊砂お姉ちゃんや炎庭君のところに遊びに行くんだ。それで遊び疲れたら霊砂お姉ちゃんに膝枕してもらうの。お姉ちゃんは本当に…いい匂いがする。,default,
148,}},default,
149,{{角色语音,default,
150,|语音类型=关于刃,default,
151,|语音文件=云璃-关于刃,default,
152,|语音内容=你是说应星？我没见过他本人，只听爷爷提起过无数次，算是他最有名的徒弟吧…有机会真的好想摸摸那柄「支离剑」。,default,
153,"|语音内容英语=You mean Yingxing? I've never met him in person, but Grandpa has mentioned him countless times. He's probably one of his most famous apprentices... I'd love to chat with that Shard Sword of his if I get the chance.",default,
154,|语音内容韩语=응성? 직접 만난 적은 없고 할아버지한테 얘기만 많이 들었어. 할아버지의 가장 유명한 제자라고 할 수 있지…. 기회가 된다면 그 「지리검」을 꼭 만져보고 싶어,default,
155,|语音内容日语=応星のこと？本人に会ったことはないけど、おじいちゃんが何度も彼のことを口にしてたから、たぶん一番有名な弟子なんじゃないかな…機会があったら、あの「支離剣」を触ってみたいな。,default,
156,}},default,
157,{{角色语音,default,
158,|语音类型=关于白露,default,
159,|语音文件=云璃-关于白露,default,
160,|语音内容=罗浮龙尊？在金人巷有幸跟她拼了一桌，吃了不少葱醋鸡、团油饭，我们还交换了联系方式，约定以后再来金人巷大吃一顿。,default,
161,|语音内容英语=The Luofu's high elder? I once got to share a table with her in Aurum Alley. We ate tons of scallion chicken and fried rice balls. We even exchanged numbers and agreed to come back to Aurum Alley for a big dinner sometime.,default,
162,"|语音内容韩语=나부의 용존? 운 좋게 금 조각상 거리에서 합석한 적이 있는데, 파닭과 기름 주먹밥을 잔뜩 먹었지. 연락처도 교환하고, 다음에 또 와서 거하게 한 끼 먹기로 약속까지 했어",default,
163,|语音内容日语=羅浮の龍尊？それなら、金人巷で運よく同じテーブルに通されたことがある。鶏肉の葱酢がけとか、油おにぎりを一緒にたくさん食べたんだ。あと連絡先も交換して、また金人巷でお腹いっぱい食べようねって約束したの。,default,
164,}},default,
165,{{角色语音,default,
166,|语音类型=关于三月七,default,
167,|语音文件=云璃-关于三月七,default,
168,|语音内容=三月算是我第一个徒弟，有天赋也肯吃苦，我挺满意的。如果能听到她说我教的比彦卿教的好，我肯定做梦都会笑醒……,default,
169,"|语音内容英语=March is my first apprentice. She's talented and willing to put in the work — I'm quite pleased with her. If I could just hear her say that my teaching is better than Yanqing's, I would be over the moon.",default,
170,|语音内容韩语=Mar. 7th는 내 첫 번째 제자야. 재능도 있고 근성도 있어서 뿌듯하다고. 내가 연경보다 잘 가르친다고 해주면 자다가도 웃으면서 깰 텐데……,default,
171,|语音内容日语=三月は私の最初の弟子になるね。素質があって、努力も惜しまないから気に入ってる。もし彦卿より教え方が上手いって言ってくれたら…ふふ、笑いが止まらなくなっちゃうかも……,default,
172,}},default,
173,{{角色语音,default,
174,|语音类型=关于藿藿,default,
175,|语音文件=云璃-关于藿藿,default,
176,|语音内容=十王司的判官？虽然感觉本人不是很能打的样子，但她身后的尾巴好像挺厉害。,default,
177,"|语音内容英语=That Judge from the Ten-Lords Commission? She doesn't seem like a warrior, but that tail of hers has some fight in it.",default,
178,"|语音内容韩语=시왕사의 판관? 본인은 싸움을 잘 못하는 것 같지만, 뒤에 달린 꼬리는 엄청 강해보였어",default,
179,|语音内容日语=あの十王司の判官？本人は戦うのが苦手みたいだけど、尻尾のほうは結構強そう。,default,
180,}},default,
181,{{角色语音,default,
182,|语音类型=关于青雀,default,
183,|语音文件=云璃-关于青雀,default,
184,|语音内容=竟敢当着我这个师父的面把三月拐去打牌，这个青雀实在是胆子不小…不过我看她那身经百战的气势，要是三月能学到，也能用于剑招吧。,default,
185,|语音内容英语=Qingque has the guts to grab March away right in front of me and go play Celestial Jade... but I can see she has experience. March might be able to learn a thing or two from her and apply it to her swordsmanship.,default,
186,"|语音内容韩语=감히 사부인 내 앞에서 Mar. 7th를 끌고 패 놀이를 하러 가다니, 정말 간도 크지…. 그래도 그 백전노장의 기세를 Mar. 7th가 터득한다면, 검술에도 쓸 수 있을 것 같아",default,
187,|语音内容日语=師匠である私の前で三月を牌に誘うなんて、あの青雀って人、なかなか肝が据わってる…でも、あの百戦錬磨の気迫を三月が身に付けられたら、剣術にも活かせるかも。,default,
188,}},default,
189,{{角色语音,default,
190,|语音类型=关于银枝,default,
191,|语音文件=云璃-关于银枝,default,
192,|语音内容=与他以剑交心之后，发现他确实是个古道热肠的好人，就是有点不太好懂…而且他的「剑」，也不太好懂……,default,
193,"|语音内容英语=After we got to know each other by sparring, I realized that he was indeed a kind gentleman, but it was a little hard to understand him... And his ""sword"" was hard to understand, too...",default,
194,"|语音内容韩语=그와 검을 통해 마음을 나눈 후, 좀 이해하기 어려울 뿐이지 정말 열정적이고 따뜻한 사람이란 걸 알게 됐어. 그의 「검」도 이해하기 어렵긴 하지만……",default,
195,|语音内容日语=剣で語り合ったことで、彼が親切で律儀な人だってことはわかった。ただ、まだよくわからないところがあるの…彼の「剣」も、なかなか理解できない……,default,
196,}},default,
197,{{角色语音,default,
198,|语音类型=星魂激活,default,
199,|语音文件=云璃-星魂激活,default,
200,|语音内容=剑胚尚需千锤百炼，方能锻铸成器。,default,
201,|语音内容英语=A sword must be hammered and refined a thousand times over before it can be forged into a weapon.,default,
202,|语音内容韩语=쇠는 수천 번 두드리고 단련해야만 명검으로 거듭날 수 있지,default,
203,|语音内容日语=剣は百錬を経て、ようやく形になるの,default,
204,}},default,
205,{{角色语音,default,
206,|语音类型=角色晋阶,default,
207,|语音文件=云璃-角色晋阶,default,
208,|语音内容=剑术精进了，再多吃点好吃的！,default,
209,|语音内容英语=My skills have improved. Time to treat myself to some yummy food!,default,
210,"|语音内容韩语=검술이 늘었으니, 맛있는 걸 많이 먹어야겠어!",default,
211,|语音内容日语=剣の腕が上がったみたい。ご褒美に美味しいものを食べようっと！,default,
212,}},default,
213,{{角色语音,default,
214,|语音类型=角色满级,default,
215,|语音文件=云璃-角色满级,default,
216,|语音内容=要想「搜猎魔剑，尽数断绝」，还远远不够。,default,
217,"|语音内容英语=To finally ""hunt down and wipe out all cursed swords"" — I still have a long ways to go before then.",default,
218,|语音内容韩语=「모든 마검을 찾아내 파괴」하기엔 아직 한참 부족해,default,
219,|语音内容日语=「魔剣を狩り尽くす」には、まだまだ足りない。,default,
220,}},default,
221,{{角色语音,default,
222,|语音类型=行迹激活,default,
223,|语音文件=云璃-行迹激活,default,
224,|语音内容=我听到剑也在恭喜我，又变强了一点。,default,
225,|语音内容英语=I'm a little stronger — I can even hear my sword congratulating me.,default,
226,|语音内容韩语=난 더 강해졌어. 내 검도 날 축하해줬다구!,default,
227,|语音内容日语=また強くなった…剣も「おめでとう」って言ってくれてる。,default,
228,}},default,
229,{{角色语音,default,
230,|语音类型=队伍编成•开拓者,default,
231,|语音文件=云璃-队伍编成•开拓者,default,
232,|语音内容=这不是助教老师吗？来助我一臂之力吧。,default,
233,|语音内容英语=If it isn't the assistant teacher. Give me a hand here.,default,
234,|语音内容韩语=어라? 조교 선생? 나와 함께 싸워줘,default,
235,|语音内容日语=あ、助教さんだ。援護お願いしてもいい？,default,
236,}},default,
237,{{角色语音,default,
238,|语音类型=队伍编成•三月七,default,
239,|语音文件=云璃-队伍编成•三月七,default,
240,|语音内容=三月，凑近点，为师再教你几招实战应用。,default,
241,"|语音内容英语=March, stand closer — I'll teach you a few tricks for the battlefield.",default,
242,"|语音内容韩语=Mar. 7th, 좀 가까이 와봐. 실전에 응용할 만한 기술을 몇 가지 알려줄게",default,
243,|语音内容日语=三月、もっとこっちに来て。実戦で使える技を教えてあげる。,default,
244,}},default,
245,{{角色语音,default,
246,|语音类型=队伍编成•彦卿,default,
247,|语音文件=云璃-队伍编成•彦卿,default,
248,|语音内容=彦卿，再比一场如何？三局两胜，不…一局定胜负！,default,
249,"|语音内容英语=Yanqing, how about a rematch? Best of three— No... one round!",default,
250,"|语音内容韩语=연경, 한 판 더 겨뤄볼래? 삼세판, 아니… 단판 승부로 가자!",default,
251,|语音内容日语=彦卿、もう一度手合わせしない？3回勝負、いや…1回で決める！,default,
252,}},default,
253,{{角色语音,default,
254,|语音类型=队伍编成•椒丘,default,
255,|语音文件=云璃-队伍编成•椒丘,default,
256,|语音内容=你没事吧？爷爷说，吃完饭后不能剧烈运动……,default,
257,|语音内容英语=Are you okay? Grandpa always said it's bad to exercise after eating...,default,
258,|语音内容韩语=괜찮아? 할아버지가 밥 먹고 나서 격렬한 운동은 하면 안 된다고 하셨어……,default,
259,|语音内容日语=大丈夫？食後は激しく動いちゃダメだって、おじいちゃんが言ってたけど……,default,
260,}},default,
261,{{角色语音,default,
262,|语音类型=队伍编成•灵砂,default,
263,|语音文件=云璃-队伍编成•灵沙,default,
264,|语音内容=灵砂姐姐，前面的敌人就都交给我来对付吧。,default,
265,|语音内容英语=,default,
266,|语音内容韩语=…,default,
267,|语音内容日语=,default,
268,}},default,
269,{{角色语音,default,
270,|语音类型=队伍编成•飞霄,default,
271,|语音文件=云璃-队伍编成•飞霄,default,
272,|语音内容=与飞霄将军并肩作战，连「老铁」也激昂起来了。,default,
273,|语音内容英语=,default,
274,|语音内容韩语=,default,
275,|语音内容日语=,default,
276,}},default,
277,{{角色语音,default,
278,|语音类型=队伍编成•貊泽,default,
279,|语音文件=云璃-队伍编成•貊泽,default,
280,|语音内容=传说之人居然…出现了！,default,
281,|语音内容英语=,default,
282,|语音内容韩语=,default,
283,|语音内容日语=,default,
284,}},default,
285,{{切换板|内容结束}},default,
286,{{切换板|折叠内容}}{{角色语音,default,
287,|语音类型=战斗开始•弱点击破,default,
288,|语音文件=云璃-战斗开始•弱点击破,default,
289,|语音内容=打铁要趁热。,default,
290,|语音内容英语=Strike while the iron is hot.,default,
291,|语音内容韩语=쇠뿔은 단김에 빼야지,default,
292,|语音内容日语=鉄は熱いうちに打て。,default,
293,}},default,
294,{{角色语音,default,
295,|语音类型=战斗开始•危险预警,default,
296,|语音文件=云璃-战斗开始•危险预警,default,
297,|语音内容=我就没见过熔不掉的铁疙瘩。,default,
298,|语音内容英语=I've yet to find a lump of iron I can't melt.,default,
299,|语音内容韩语=녹일 수 없는 쇠는 아직 본 적 없어,default,
300,|语音内容日语=溶けない鉄なんてない。,default,
301,}},default,
302,{{角色语音,default,
303,|语音类型=回合开始•一,default,
304,|语音文件=云璃-回合开始•一,default,
305,|语音内容=胜负在人，而不在剑。,default,
306,"|语音内容英语=The outcome lies within the self, not the sword.",default,
307,|语音内容韩语=승패는 검이 아니라 사람에게 달렸어,default,
308,|语音内容日语=勝負を決めるのは剣じゃなくて人だから。,default,
309,}},default,
310,{{角色语音,default,
311,|语音类型=回合开始•二,default,
312,|语音文件=云璃-回合开始•二,default,
313,|语音内容=来试试自己的斤两？,default,
314,|语音内容英语=Gonna show me what you're made of?,default,
315,|语音内容韩语=실력 좀 볼까?,default,
316,|语音内容日语=どれだけやれるか、試してみる？,default,
317,}},default,
318,{{角色语音,default,
319,|语音类型=回合待机,default,
320,|语音文件=云璃-回合待机,default,
321,|语音内容=老铁，偷偷告诉我，你想砍哪个…哦，全砍了！好！,default,
322,"|语音内容英语=Hey, Old Mettle, just between us, which one do you wanna strike... Oh, all of them? Alright!",default,
323,"|语音内容韩语=철군, 어떤 걸 베고 싶은지 몰래 알려줘… 오, 전부? 좋아!",default,
324,|语音内容日语=剣ちゃん、どれを斬りたいか教えて…ああ、全部？わかった！,default,
325,}},default,
326,{{角色语音,default,
327,|语音类型=战技•一,default,
328,|语音文件=云璃-战技•一,default,
329,|语音内容=碎——岩——破！,default,
330,|语音内容英语=Rock-shattering slash!,default,
331,|语音内容韩语=쇄——암——파!,default,
332,|语音内容日语=砕——岩——破！,default,
333,}},default,
334,{{角色语音,default,
335,|语音类型=战技•二,default,
336,|语音文件=云璃-战技•二,default,
337,|语音内容=崩——剑——斩！,default,
338,|语音内容英语=Pulverizing sword strike!,default,
339,|语音内容韩语=붕——검——참!,default,
340,|语音内容日语=崩——剣——斬！,default,
341,}},default,
342,{{角色语音,default,
343,|语音类型=轻受击,default,
344,|语音文件=云璃-轻受击,default,
345,|语音内容=再来！,default,
346,|语音内容英语=Again!,default,
347,|语音内容韩语=다시!,default,
348,|语音内容日语=まだまだ！,default,
349,}},default,
350,{{角色语音,default,
351,|语音类型=重受击,default,
352,|语音文件=云璃-重受击,default,
353,|语音内容=有点本事。,default,
354,|语音内容英语=Not bad.,default,
355,|语音内容韩语=제법이네,default,
356,|语音内容日语=やるじゃん。,default,
357,}},default,
358,{{角色语音,default,
359,|语音类型=终结技•激活,default,
360,|语音文件=云璃-终结技•激活,default,
361,|语音内容=我要将你们，尽数熔断！,default,
362,|语音内容英语=I'll melt you all down!,default,
363,|语音内容韩语=너희들을 모조리 녹여주마!,default,
364,|语音内容日语=全員…焼き切ってあげる！,default,
365,}},default,
366,{{角色语音,default,
367,|语音类型=终结技•勘破•斩,default,
368,|语音文件=云璃-终结技•勘破•斩,default,
369,|语音内容=截云，断岳！,default,
370,"|语音内容英语=(""Intuit: Slash"") Splitting clouds, severing mountains!",default,
371,|语音内容韩语=[필살기•간파•참] 구름을 베고 산을 가르리!,default,
372,|语音内容日语=[必殺技・看破・斬] 截雲、断岳！,default,
373,}},default,
374,{{角色语音,default,
375,|语音类型=终结技•勘破•斩,default,
376,|语音文件=云璃-终结技•勘破•斩,default,
377,|语音内容=剑出，山倾！,default,
378,"|语音内容英语=(""Intuit: Slash"") Blade drawn, mountains fall!",default,
379,"|语音内容韩语=[필살기•간파•참] 검으로, 산이 무너지리!",default,
380,|语音内容日语=[必殺技・看破・斬] 抜剣、山傾！,default,
381,}},default,
382,{{角色语音,default,
383,|语音类型=终结技•勘破•灭,default,
384,|语音文件=云璃-终结技•勘破•灭,default,
385,|语音内容=上决浮云，喝——,default,
386,"|语音内容英语=(""Intuit: Cull"") Through the clouds, it cleaves a path, Hah!",default,
387,"|语音内容韩语=[필살기•간파•멸] 하늘 위 구름을 베리, 받아라——",default,
388,|语音内容日语=[必殺技・看破・滅] 雲を斬る、ハッ——,default,
389,}},default,
390,{{角色语音,default,
391,|语音类型=终结技•勘破•灭,default,
392,|语音文件=云璃-终结技•勘破•灭,default,
393,|语音内容=下绝地纪，灭——,default,
394,"|语音内容英语=(""Intuit: Cull"") To earth, it descends with might, eradicate!",default,
395,"|语音内容韩语=[필살기•간파•멸] 대지를 가르리, 멸하라——",default,
396,|语音内容日语=[必殺技・看破・滅] 大地を割る、ハッ——,default,
397,}},default,
398,{{角色语音,default,
399,|语音类型=天赋•一,default,
400,|语音文件=云璃-天赋•一,default,
401,|语音内容=来得正好！,default,
402,|语音内容英语=Right on time!,default,
403,|语音内容韩语=바로 지금이야!,default,
404,|语音内容日语=好機！,default,
405,}},default,
406,{{角色语音,default,
407,|语音类型=天赋•二,default,
408,|语音文件=云璃-天赋•二,default,
409,|语音内容=就是你了！,default,
410,"|语音内容英语=Yes, YOU!",default,
411,|语音内容韩语=너로 정했다!,default,
412,|语音内容日语=そこ！,default,
413,}},default,
414,{{角色语音,default,
415,|语音类型=无法战斗,default,
416,|语音文件=云璃-无法战斗,default,
417,|语音内容=爷爷……,default,
418,|语音内容英语=Grandfather...,default,
419,|语音内容韩语=할아버지……,default,
420,|语音内容日语=おじいちゃん……,default,
421,}},default,
422,{{角色语音,default,
423,|语音类型=重回战斗,default,
424,|语音文件=云璃-重回战斗,default,
425,|语音内容=魔剑尚未敛尽。,default,
426,|语音内容英语=There are still cursed swords to be destroyed.,default,
427,|语音内容韩语=아직 마검을 전부 회수하지 못했어,default,
428,|语音内容日语=まだ魔剣を回収できてない。,default,
429,}},default,
430,{{角色语音,default,
431,|语音类型=回复生命,default,
432,|语音文件=云璃-回复生命,default,
433,|语音内容=多谢相助。,default,
434,|语音内容英语=Thank you for your help.,default,
435,|语音内容韩语=도와줘서 고마워,default,
436,|语音内容日语=ありがとう。,default,
437,}},default,
438,{{角色语音,default,
439,|语音类型=秘技,default,
440,|语音文件=云璃-秘技,default,
441,|语音内容=截剑式。,default,
442,|语音内容英语=Intercepting sword technique.,default,
443,|语音内容韩语=절검식,default,
444,|语音内容日语=截剣式。,default,
445,}},default,
446,{{角色语音,default,
447,|语音类型=战斗胜利,default,
448,|语音文件=云璃-战斗胜利,default,
449,|语音内容=锤炼敲打，都被铸进剑身之中。,default,
450,"|语音内容英语=Tempered and forged, all are imbued into the sword",default,
451,|语音内容韩语=단조와 연마의 시간이 전부 검에 녹아있어,default,
452,|语音内容日语=全部、剣身に叩き込んだ。,default,
453,}},default,
454,{{角色语音,default,
455,|语音类型=开启战利品•一,default,
456,|语音文件=云璃-开启战利品•一,default,
457,|语音内容=嘿咻~,default,
458,|语音内容英语=Hello there~,default,
459,|语音内容韩语=읏챠~,default,
460,|语音内容日语=よいしょ……,default,
461,}},default,
462,{{角色语音,default,
463,|语音类型=开启战利品•二,default,
464,|语音文件=云璃-开启战利品•二,default,
465,|语音内容=藏着什么好东西～,default,
466,|语音内容英语=What do we have here?,default,
467,|语音内容韩语=어떤 좋은 물건이 숨겨져 있을까~,default,
468,|语音内容日语=何が入ってるかな。,default,
469,}},default,
470,{{角色语音,default,
471,|语音类型=开启贵重战利品,default,
472,|语音文件=云璃-开启贵重战利品,default,
473,|语音内容=哇！…可惜没有想要的宝剑。,default,
474,|语音内容英语=Wow! Too bad it's not the sword I wanted...,default,
475,"|语音内容韩语=와! …원하던 보검이 없다니, 아쉽네",default,
476,|语音内容日语=わあ！…残念、欲しい宝剣がない。,default,
477,}},default,
478,{{角色语音,default,
479,|语音类型=解谜成功•一,default,
480,|语音文件=云璃-解谜成功•一,default,
481,|语音内容=不如爷爷的机关有意思。,default,
482,|语音内容英语=Not as interesting as Grandfather's gadget.,default,
483,|语音内容韩语=할아버지의 기관장치보다 못하네,default,
484,|语音内容日语=おじいちゃんが作ったパズルのほうが面白い。,default,
485,}},default,
486,{{角色语音,default,
487,|语音类型=解谜成功•二,default,
488,|语音文件=云璃-解谜成功•二,default,
489,|语音内容=手有点生了……,default,
490,|语音内容英语=Guess I'm a bit rusty...,default,
491,|语音内容韩语=실력이 녹슨 것 같네……,default,
492,|语音内容日语=腕が鈍ったかも……,default,
493,}},default,
494,{{角色语音,default,
495,|语音类型=发现敌方目标,default,
496,|语音文件=云璃-发现敌方目标,default,
497,|语音内容=老铁，我们上！,default,
498,"|语音内容英语=Old Mettle, let's go!",default,
499,"|语音内容韩语=철군, 가자!",default,
500,|语音内容日语=行こう、剣ちゃん！,default,
501,}},default,
502,{{角色语音,default,
503,|语音类型=返回城镇,default,
504,|语音文件=云璃-返回城镇,default,
505,|语音内容=饿了。,default,
506,|语音内容英语=I'm hungry.,default,
507,|语音内容韩语=배가… 고파졌어,default,
508,|语音内容日语=お腹空いた。,default,
509,}},default,
510,{{切换板|折叠结束}},default,
511,{{切换板|结束}},default,
