﻿line_number,content,category,character
1,{{提示|蓝色|宽度=100%|如果选择选项下面对话没变不是BUG了，而是游戏本身对话就是一样的。}},option,开拓者
2,{{任务|任务名称=在屋外的黑暗中洗涤,default,
3,|任务地区=雅利洛-Ⅵ,default,
4,|任务类型=开拓任务,default,
5,|所属版本=1.0,default,
6,|任务描述=在这地下的巨大空间中待的时间越长，就越难区分冷峭的岩层与天空的区别。<br>现在是时候重返地面了…但仅凭你们一己之力是无法实现这一宏愿的——否则你们早就爬上去了，不是吗？<br>「地火」的诸位代布洛妮娅向你们致意，也表示愿为你们开路…只是不能对向导过于挑剔。<br>做好心理建设之后就随桑博一道出发吧。,default,
7,|奖励={{图标|里程|300}}{{图标|凝缩以太|3}}{{图标|信用点|8000}},default,
8,|任务条件=完成[[我们不擅长告别]],default,
9,|开放等级=24,default,
10,|出场人物=希儿、奥列格、桑博、可可利亚、布洛妮娅、三月七、丹恒、希露瓦、杰帕德,default,
11,|相关道具=,default,
12,|系列任务=于曈昽的骄阳下,default,
13,|任务编号=01,default,
14,|前置任务=*[[我们不擅长告别]],default,
15,|后续任务=*[[不可制造偶像]],default,
16,|任务流程=*重返地面,default,
17,*与希露瓦交涉，借机械屋藏身,default,
18,*与希露瓦进一步交涉,default,
19,*与希露瓦一道出发，前往铁卫禁区,default,
20,*与希露瓦一道出发，前往铁卫禁区,default,
21,}},default,
22,==剧情内容==,default,
23,=== 重返地面 ===,default,
24,{{任务描述|在这地下的巨大空间中待的时间越长，就越难区分冷峭的岩层与天空的区别。<br>现在是时候重返地面了…但仅凭你们一己之力是无法实现这一宏愿的——否则你们早就爬上去了，不是吗？<br>「地火」的诸位代布洛妮娅向你们致意，也表示愿为你们开路…只是不能对向导过于挑剔。<br>做好心理建设之后就随桑博一道出发吧。}},default,
25,{{折叠|标题=额外对话（希儿）|内容=,default,
26,*希儿：准备好了吗？要是再磨磨蹭蹭的话，我可就自己上去，不管你们了。,content,希儿
27,*希儿：怎么，还有什么话想说？那就快点。,content,希儿
28,{{剧情选项,default,
29,|选项1=布洛妮娅有和你说什么吗？,option,开拓者
30,|图标1=对话,default,
31,|剧情1=*希儿：没说什么，就随便聊了几句。,branch_content,希儿
32,{{剧情选项,default,
33,|选项1=具体讲讲。,option,开拓者
34,|剧情1=*希儿：…都说了没什么了。,branch_content,希儿
35,*希儿：我答应她，要帮助她重建上下层之间的联系。就这样。,content,希儿
36,|选项2=我看你心事重重的…,option,开拓者
37,|剧情2=*希儿：…有那么明显吗？,branch_content,希儿
38,*希儿：我答应布洛妮娅，万一她出了什么事…我一定会亲自把她救出来。,content,希儿
39,}},default,
40,|选项2=期待这段旅程吗？,option,开拓者
41,|图标2=对话,default,
42,|剧情2=*希儿：哼…没仔细想过。不过，跟你们一块旅行，的确常有意想不到的情况发生。,branch_content,希儿
43,*希儿：酣畅的战斗和刺激的冒险…很不错，我不讨厌。,content,希儿
44,|选项3=你和大家都道过别了？,option,开拓者
45,|图标3=对话,default,
46,|剧情3=*希儿：当然。你是没看到约书亚的表情，那家伙差点就哭出来了。,branch_content,希儿
47,*希儿：奥列格头儿…他没跟我说太多，但我知道他把担忧都藏在心里。,content,希儿
48,*希儿：是我自己选择要上去的，娜塔莎也支持这个决定。你们肯定也需要个能打的帮手，不是吗？,content,希儿
49,|选项4=没有什么要问的了。,option,开拓者
50,|图标4=退出,default,
51,|剧情4=*希儿：那就别磨蹭了，快点出发吧。,branch_content,希儿
52,}},default,
53,|折叠=是}},default,
54,{{折叠|标题=额外对话（奥列格）|内容=,default,
55,*奥列格：是你啊，小伙子/小姑娘。我原本也想给你们送行，不过你们也看到了——这下层的破事，刚处理完一件，就又会冒出三件。,content,奥列格
56,*奥列格：怎么，有事想问我吗？,content,奥列格
57,{{剧情选项,default,
58,|选项1=你和娜塔莎的关系…,option,开拓者
59,|图标1=对话,default,
60,|剧情1=*奥列格：娜塔莎信任我。在她看来，我这个前军官比她一个医生更适合做组织的领袖。,branch_content,奥列格
61,*奥列格：但我清楚真正的领袖应该具备什么。强大的内心，还有能团结众人的个人魅力——论这些素养，下层没人比得过她。,content,奥列格
62,|选项2=听说你以前来自上层。,option,开拓者
63,|图标2=对话,default,
64,|剧情2=*奥列格：我以前其实也是银鬃铁卫的军官。负伤退伍以后，我跟着家里那口子来到下层，计划在这儿过上退休生活。,branch_content,奥列格
65,*奥列格：结果你也看见了，我现在每天琐事缠身，比在部队里的时候还更忙了。,content,奥列格
66,{{剧情选项,default,
67,|选项1=后悔了吗？,option,开拓者
68,|剧情1=*奥列格：没什么好后悔的！下层的生活固然辛苦，但周围的人们态度都很亲切，大家相处都像自家人一样融洽。,branch_content,奥列格
69,|选项2=怀念上层区的日子吗？,option,开拓者
70,|剧情2=*奥列格：怀念？如果你指的是老战友之间的交情，那的确有不少值得怀念的地方。至于其它东西，我不觉得下层比上面差到哪儿去。,branch_content,奥列格
71,}},default,
72,|选项3=「地火」接下来会怎么样？,option,开拓者
73,|图标3=对话,default,
74,|剧情3=*奥列格：「地火」已经撑过了最艰难的时候。有娜塔莎的领导，我们有信心带领下层民众走向更好的未来。,branch_content,奥列格
75,*奥列格：这功劳大半要归你们。,content,奥列格
76,|选项4=没什么问题了。,option,开拓者
77,|图标4=退出,default,
78,|剧情4=*奥列格：幸好史瓦罗那确实藏着对你们有用的信息——差使你们忙前忙后这么久，最后要是还一无所获，那我可真要愧疚一阵了。哈哈哈！,branch_content,奥列格
79,*奥列格：虽说你们的旅途远在天边，但我敢断言，咱们的道路总有一天会再交汇的。后会有期，「地火」的朋友！,content,奥列格
80,}},default,
81,|折叠=是}},default,
82,*桑博：嘿，朋友们，咱们走呗？,content,桑博
83,{{剧情选项,default,
84,|选项1=出发吧。,option,开拓者
85,|剧情1=*桑博：好嘞！吃的喝的可都得带足了，这一路可得爬不少阶梯啊。,branch_content,桑博
86,|选项2=别急，问你点事。,option,开拓者
87,|剧情2=*桑博：行，你问我答，知无不言。,branch_content,桑博
88,{{剧情选项,default,
89,|选项1=说说杰帕德•朗道。,option,开拓者
90,|图标1=对话,default,
91,|剧情1=*桑博：还说什么呢，也是你们的老朋友了。挺好的小伙子，正直刚毅，年轻帅气，在缺乏魅力这方面极具魅力。,branch_content,桑博
92,*桑博：说实话，我和他交情不深，毕竟他是官兵我是贼。,content,桑博
93,|选项2=说说希露瓦•朗道。,option,开拓者
94,|图标2=对话,default,
95,|剧情2=*桑博：呵，她可了不起，著名的朗道家族叛逆女，本来前途一片光明，结果得罪了领导，工作丢了，跑去开了间机械屋玩地下音乐。,branch_content,桑博
96,*桑博：听说可把老爷子气得够呛，家里也就几个弟弟妹妹还在跟她来往。,content,桑博
97,*桑博：在地上要是碰到机械相关的问题，我有时会去找她，后来嘛…因为一些特殊原因，就不怎么去光顾了。,content,桑博
98,|选项3=说说「炉心」。,option,开拓者
99,|图标3=对话,default,
100,|剧情3=*桑博：连接地上下的通道，里面全是螺旋上升的石阶。我反正是搞不懂，拥有这么发达的科技，筑城者还执着于台阶是图什么，盖个电梯不好么？,branch_content,桑博
101,*桑博：你们年纪轻还好点，对我这种老年人来说，爬趟炉心膝盖都要废喽。,content,桑博
102,|选项4=说说你自己。,option,开拓者
103,|图标4=对话,default,
104,|剧情4=*桑博：问几遍了，还没听够吗？好吧，我叫桑博•科斯基，职业是行商，爱好是见义勇为，对你们没有任何企图。,branch_content,桑博
105,|选项5=我问完了。,option,开拓者
106,|剧情5=*桑博：嘿，朋友们，咱们走呗？,branch_content,桑博
107,{{剧情选项,default,
108,|选项1=出发吧。,option,开拓者
109,|剧情1=*桑博：好嘞！吃的喝的可都得带足了，这一路可得爬不少阶梯啊。,branch_content,桑博
110,|选项2=还有事没办完。,option,开拓者
111,|图标2=退出,default,
112,|剧情2=*桑博：怎么，舍不得地底啊？去吧去吧，我在这儿等着你们。,branch_content,桑博
113,}},default,
114,}},default,
115,|选项3=还有事没办完。,option,开拓者
116,|图标3=退出,default,
117,|剧情3=*桑博：怎么，舍不得地底啊？去吧去吧，我在这儿等着你们。,branch_content,桑博
118,}},default,
119,----,default,
120,:{{颜色|描述|在你们通过炉心回到地面的途中，布洛妮娅已经提前一步见到了「大守护者」可可利亚…}},default,
121,*布洛妮娅：母亲大人，我回来了。,content,布洛妮娅
122,*可可利亚：布洛妮娅！我还以为…我还以为要失去你了。,content,可可利亚
123,*可可利亚：你到底跑哪去了，有没有受伤？我马上找管家过来——,content,可可利亚
124,*布洛妮娅：不，不用了！我现在不太想见塞巴斯。抱歉，母亲……,content,布洛妮娅
125,*布洛妮娅：我很好，真的很好。我在下层区跑了一大圈，经历了几场战斗，但总体还算应付得来。,content,布洛妮娅
126,*可可利亚：下层区？啊…我知道了。,content,可可利亚
127,*可可利亚：那就向我汇报一下你的见闻吧，布洛妮娅统领。,content,可可利亚
128,*布洛妮娅：边缘通路的追捕失败以后，我和受通缉的「外来者」以某种方式被带到了下层区。,content,布洛妮娅
129,*布洛妮娅：我们迫于环境压力结成暂时同盟，一起帮下层区的居民解决了些…生存难题。,content,布洛妮娅
130,*布洛妮娅：我们还打败了名为史瓦罗的远古机器，了解到了一些真相…有关「星核」的真相。,content,布洛妮娅
131,*可可利亚：……,content,可可利亚
132,*可可利亚：我在听…说下去。,content,可可利亚
133,*布洛妮娅：可可利亚大人，我以人格担保，那些「天外来客」绝非我们此前所设想的恶党。,content,布洛妮娅
134,*布洛妮娅：我看到他们为了公义拔枪，为了他人的理想拼上性命。我可以确认，他们的确是为了「星核」而来，为了解除它给贝洛伯格带来的灾难。,content,布洛妮娅
135,*布洛妮娅：母亲大人…您一直都清楚「星核」的真相，对吗？我总有一天也会接触到那些知识。成为「守护者」所需要付出的代价之一，就是永远背负这些秘密。,content,布洛妮娅
136,*布洛妮娅：所以…原谅我的冒犯，我认为下令剿杀外来者是错误的选择。为了解决「星核」带来的问题，筑城者已经等了几百年，而他们几个可能就是——,content,布洛妮娅
137,*可可利亚：够了！,content,可可利亚
138,*布洛妮娅：……！,content,布洛妮娅
139,*可可利亚：傲慢，无知…你令我失望，布洛妮娅。,content,可可利亚
140,*可可利亚：你不过窥到了雪山的一角，就以为自己看清了真相。只是在下层溅了一身泥渣，居然就敢质疑我的命令？,content,可可利亚
141,*可可利亚：铁卫！把布洛妮娅——,content,可可利亚
142,*布洛妮娅：——他们不是泥渣！,content,布洛妮娅
143,*布洛妮娅：我的身世，那些你从来没告诉过我的事…我现在都已经记起来了。我不会再逃避了，守护者大人！请别再用含糊其辞的理由搪塞我了。,content,布洛妮娅
144,*布洛妮娅：把你看到的东西告诉我吧，你到底在隐藏些什么…为什么要把铁卫派到裂界里去送死，为什么要放弃下层区的人民——为什么要在那个关头转变心意？,content,布洛妮娅
145,*可可利亚：…我知道了。,content,可可利亚
146,*可可利亚：这个时刻迟早会来…我只是没想到会来得这么快。,content,可可利亚
147,*可可利亚：你想知道是什么原因驱使我下达了那些命令…对吗？你觉得自己已经准备好触碰真相了？,content,可可利亚
148,*布洛妮娅：嗯。我准备好了…母亲。,content,布洛妮娅
149,*可可利亚：那就跟我来吧，布洛妮娅。,content,可可利亚
150,*可可利亚：这个濒死的世界…该让你听听她的声音了。,content,可可利亚
151,:{{颜色|描述|布洛妮娅的头忽然疼痛了起来，母亲可可利亚的声音也不再熟悉，取而代之的是一种遥远而空洞的声音…}},default,
152,*可可利亚：来吧…来吧……,content,可可利亚
153,----,default,
154,:{{颜色|描述|历尽千辛，列车组的一行终于来到地面…}},default,
155,*三月七：啊，终于回来啦！我都忘了新鲜空气是啥味道了……,content,三月七
156,{{剧情选项,default,
157,|选项1=我们现在去哪儿？,option,开拓者
158,|剧情1=*三月七：你再等等，让我再体验一下……体验完了，走吧。,branch_content,三月七
159,|选项2=是啥味道？,option,开拓者
160,|剧情2=*三月七：自由的味道…寒冷的味道…有点冷了，还是走吧。,branch_content,三月七
161,|选项3=有没有觉得少了什么？,option,开拓者
162,|剧情3=*丹恒：没有。,branch_content,丹恒
163,*希儿：桑博不见了——,content,希儿
164,*三月七：没有，下个话题。,content,三月七
165,}},default,
166,*三月七：咱们接着去哪？先找个落脚的地方比较好，但我可不敢再去歌德宾馆了……,content,三月七
167,*希儿：桑博那家伙，大概是猜到我们会问他要藏身处，一回到行政区就溜没影了。真不能指望他。,content,希儿
168,{{剧情选项,default,
169,|选项1=最危险的地方也最安全，宾馆！,option,开拓者
170,|剧情1=*三月七：不行啦！歌德老板认识我们，铁卫的驻扎点就在旁边一百米不到，你这是送货上门啊！,branch_content,三月七
171,|选项2=在家靠父母出门靠朋友，朗道！,option,开拓者
172,|剧情2=*三月七：哪个朗道，姐姐还是弟弟？杰帕德的话，还是谨慎点为好…他可是铁卫高层啊，我们在他看来，没准就是会走路的军功章……,branch_content,三月七
173,|选项3=青山不改绿水长流，回列车！,option,开拓者
174,|剧情3=*三月七：你这家伙真不讲义气！但我居然有点心动……,branch_content,三月七
175,}},default,
176,*三月七：丹恒，你怎么看？,content,三月七
177,*丹恒：依我之见，先拜访希露瓦•朗道比较好。,content,丹恒
178,*三月七：果然，你也觉得不该现在去见杰帕德吧？,content,三月七
179,*丹恒：他是银鬃铁卫的高阶军官，想接触他恐怕没那么容易。而且…万一他没有被布洛妮娅的手书说动，我们等于是羊入虎口。,content,丹恒
180,*三月七：那听你的？先去机械屋找希露瓦吧。,content,三月七
181,*丹恒：嗯。行动低调点，我们现在仍是被通缉的状态。,content,丹恒
182,*三月七：怎么啦，希儿？,content,三月七
183,*希儿：没什么，只是有点…陌生。,content,希儿
184,*希儿：上次来到地上时，我还是个小孩子。现在眼前的这些，我完全没有印象。,content,希儿
185,*希儿：上下层被隔绝实在太久了…太久了。,content,希儿
186,*希儿：我没事，走吧。,content,希儿
187,,default,
188,=== 与希露瓦交涉，借机械屋藏身 ===,default,
189,{{任务描述|可可利亚不愧为大守护者。为了庆祝你们重返上层区，她甚至悉心安排银鬃铁卫夹道欢迎，可谓是关怀备至。<br>但铁卫们却不似可可利亚那般贴心——他们为了尽快完成任务，似乎只想把你五花大绑之后丢进克里珀堡。<br>你们现在已俨然成为全城瞩目的大明星了…还是依丹恒所说，先想办法去机械屋避避风头吧。}},default,
190,*希儿：巡逻的铁卫好多，平时也这样吗？,content,希儿
191,*丹恒：不，记得此前城里的戒备还没这么森严…如果这不是常态，也许与我们有关。,content,丹恒
192,*丹恒：大守护者应该已经知道了我们的到来，布洛妮娅……,content,丹恒
193,----,default,
194,:{{颜色|描述|你们刚到机械屋门口就听到里面传来声音…}},default,
195,*希露瓦：谁呀？今天不营业，明天再来吧！,content,希露瓦
196,{{剧情选项,default,
197,|选项1=是我们呀，帮你修过东西的。,option,开拓者
198,|剧情1=*希露瓦：哈——,branch_content,希露瓦
199,|选项2=来大客户咯，可以长期合作！,option,开拓者
200,|剧情2=*希露瓦：没兴趣，我缺时间不缺钱！,branch_content,希露瓦
201,*三月七：希露瓦！我们是之前路过你这儿的，还帮你修过东西——记得嘛？,content,三月七
202,*希露瓦：什么——,content,希露瓦
203,}},default,
204,*希露瓦：啊，我想起来了！从贝洛伯格外面来的那三个！哎呀，你们怎么还在城里乱跑，不知道铁卫正满大街找你们吗？,content,希露瓦
205,*希露瓦：快，快点进来。动作自然点，别被人盯上！,content,希露瓦
206,----,default,
207,:{{颜色|描述|进入机械屋…}},default,
208,*希露瓦：行了，到我这儿你们就安全了。我这机械屋隔音还行，平时也没人会来。,content,希露瓦
209,*希露瓦：你们到底犯了什么事儿啊，铁卫破天荒从前线调回一批，满城巡逻搜捕你们，整个上层区都人心惶惶的。,content,希露瓦
210,*三月七：我们……,content,三月七
211,*丹恒：先等一下，三月。,content,丹恒
212,*丹恒：布洛妮娅说，我们可以完全信任你。,content,丹恒
213,*希露瓦：你这话里有话啊。强调布洛妮娅信任我，意思就是你还没信任我啰？,content,希露瓦
214,:{{颜色|描述|丹恒点头…}},default,
215,*希露瓦：不错啊，够机警的！放心吧，我跟可可利亚说不上话，当年把我赶出筑城者的就是她，我犯不着站在她那边。,content,希露瓦
216,*希露瓦：除非筑城者公开确凿的证据，证明你们罪有应得——否则我不觉得你们会干坏事。而且以我对筑城者的了解，要有证据他们早就公布了。,content,希露瓦
217,*希露瓦：这套我熟悉…可可利亚嘛，她办事就是这个风格，先让大家都忙活起来再说。,content,希露瓦
218,*希露瓦：——毕竟忙起来后，还有心思琢磨细节的人就不多了。,content,希露瓦
219,{{剧情选项,default,
220,|选项1=你和可可利亚很熟？,option,开拓者
221,|剧情1=*希露瓦：岂止是熟，呵呵…我们曾经是形影不离的好姐妹。当然了，那是在她当上大守护者之前的事了……,branch_content,希露瓦
222,|选项2=那你琢磨出什么了吗？,option,开拓者
223,|剧情2=*希露瓦：我？当然没有。可可利亚跟筑城者想做什么不关我事，我的时间这么宝贵，琢磨那个干嘛。,branch_content,希露瓦
224,|选项3=你很讨厌可可利亚吗？,option,开拓者
225,|剧情3=*希露瓦：讨厌？我们曾经可是形影不离的好姐妹。当然了，那是在她当上大守护者之前的事了……,branch_content,希露瓦
226,}},default,
227,*希露瓦：现在的我嘛，就窝在这机械屋里修修破烂，玩玩音乐，过得挺自在的。,content,希露瓦
228,*希露瓦：哎呀，我可没打算跟你们聊不堪回首的过去，还是说回你们吧。消失好久的布洛妮娅让你们来找我，一定有很重要的事吧？,content,希露瓦
229,*希露瓦：你们可以信任我，虽然只有一面之缘，但直觉告诉我你们不是恶人。哈，我的直觉可是很准的喔。,content,希露瓦
230,{{剧情选项,default,
231,|选项1=一五一十，事无巨细地讲吧。,option,开拓者
232,|剧情1=*三月七：讲故事我最擅长，我来！,branch_content,三月七
233,*丹恒：…别添油加醋太多。,content,丹恒
234,|选项2=长话短说，言简意赅地讲吧。,option,开拓者
235,|剧情2=*三月七：讲故事我最擅长，我来！,branch_content,三月七
236,*丹恒：…还是我来吧，你怕不是要讲到明天。,content,丹恒
237,}},default,
238,:{{颜色|描述|将在下层区的见闻和有关「星核」的信息告诉了希露瓦，并转交了布洛妮娅的信件……}},default,
239,*希露瓦：怪不得最近都没有布洛妮娅的消息，原来还有这么段故事。下层区啊，封闭好多年了，很久没人上来过，没想到是这样……,content,希露瓦
240,*希露瓦：我相信你们的经历，这么曲折离奇，自己可编不出来，何况还有这位希儿小姐现身作证。「星核」…呵，我知道布洛妮娅为什么要你们找我了。,content,希露瓦
241,*希露瓦：…我还是筑城者的一员、在科研部工作的时候，研究的就是「星核」。,content,希露瓦
242,*希露瓦：不曾想被逐出了筑城者，还会再听到这个词…来吧，我把知道的都告诉你们。,content,希露瓦
243,,default,
244,=== 与希露瓦进一步交涉 ===,default,
245,{{任务描述|可可利亚不愧为大守护者。为了庆祝你们重返上层区，她甚至悉心安排银鬃铁卫夹道欢迎，可谓是关怀备至。<br>但铁卫们却不似可可利亚那般贴心——他们为了尽快完成任务，似乎只想把你五花大绑之后丢进克里珀堡。<br>,default,
246,尽管你们成功躲进了机械屋，但丹恒似乎对这位与大守护者关系匪浅的贵族千金有所提防。<br>眼下还是先与希露瓦交涉，试探她的底细为妙。}},default,
247,*希露瓦：「星核」的存在，贝洛伯格没几个人知道；就算知道有这么个东西，也不会把它跟裂界和寒潮的源头扯到一起。,content,希露瓦
248,*希露瓦：但根据那个机器人「史瓦罗」存储的数据…筑城者其实早就挖掘出了真相，只是研究结果被刻意藏了起来，确保不被外界知晓。,content,希露瓦
249,*希露瓦：是我运气不好呀…那么多选题，我偏偏选了「星核」。看来，任何想要触碰「星核」真相的人，都会被驱逐和处理掉吧。,content,希露瓦
250,*希露瓦：或许我还要感谢可可利亚，她只是赶走了我，没有采取更一劳永逸的手段……,content,希露瓦
251,{{剧情选项,default,
252,|选项1=你对「星核」了解多少？,option,开拓者
253,|图标1=对话,default,
254,|剧情1=*希露瓦：我算出了「星核」与「裂界」有关，离真相已经很近了。可惜还没有证明「星核」是裂界的起源，就被逐出了筑城者。,branch_content,希露瓦
255,*希露瓦：被革职之前，我正在申请现场勘测「星核」。虽然它是我的课题，但我从没亲眼见过它。所有研究都基于历史资料，和在实验室里搭建的模拟场景。,content,希露瓦
256,*希露瓦：初步的研究报告和申请提交后不多久，我的处分就下来了。很明显，有人不希望研究继续。,content,希露瓦
257,|选项2=知道可可利亚的目的吗？,option,开拓者
258,|图标2=对话,default,
259,|剧情2=*希露瓦：可可利亚…我们已经好多年没说过话了。曾经我和她是很好的朋友，彼此之间无话不谈。,branch_content,希露瓦
260,*希露瓦：但从坐上大守护者的位置开始，她就完全变了一个人。她以前秉持的信念，还有身上那股热情…就好像被某种力量抽出了躯壳。,content,希露瓦
261,*希露瓦：她亲自下达驱逐我的命令，一面都不肯见我…她后来的行为，我不是很了解，早就放弃用正常的逻辑揣摩她了。,content,希露瓦
262,*希露瓦：有些时候，我甚至怀疑她其实是另一个人…有没有这种可能呢？说不定守护者是代代相传的意识，真正的可可利亚已经消失了。,content,希露瓦
263,*希露瓦：是一代又一代的大守护者驱使她做出那些难以理解的决策？不知道，或许可以用这个点子写一首歌。,content,希露瓦
264,|选项3=我们能和杰帕德谈谈吗？,option,开拓者
265,|图标3=对话,default,
266,|剧情3=*希露瓦：杰帕德？可别…他人很正直，但可是出了名的一根筋。,branch_content,希露瓦
267,*希露瓦：我老弟把命令看得比什么都重要，就算你把布洛妮娅的信怼到脸上，他也不会动摇的。,content,希露瓦
268,*希露瓦：跟他说话得靠技巧，要说服他，恐怕还得我出马才行——不过我现在还没想好策略。,content,希露瓦
269,|选项4=你知道「星核」在哪里吗？,option,开拓者
270,|剧情4=*希露瓦：知道啊。虽然没亲眼见过，但我利用模拟实验和外派勘测做了粗略的定位。,branch_content,希露瓦
271,*希露瓦：根据勘测结果，「星核」大概位于贝洛伯格的北方——也就是茫茫雪原的某处。,content,希露瓦
272,*丹恒：我们必须找到星核，而且越快越好——最好在可可利亚有所行动之前。你能给我们指个方向吗？,content,丹恒
273,*希露瓦：没问题，我正这么打算呢！但是，这条路可不是嘴上说说那么简单啊。,content,希露瓦
274,*希露瓦：贝洛伯格以北几乎被裂界完全吞没了。要前往北部雪原，首先得穿过银鬃铁卫的前线禁区。,content,希露瓦
275,*希露瓦：就算平安穿过铁卫禁区——还有一大片裂界挡在前边。,content,希露瓦
276,{{剧情选项,default,
277,|选项1=铁卫禁区？,option,开拓者
278,|剧情1=*希露瓦：对。那是银鬃铁卫主力部队的驻扎地，他们在那里整顿部队，抵抗裂界的入侵。,branch_content,希露瓦
279,|选项2=大片裂界…,option,开拓者
280,|剧情2=*希露瓦：对。而且跟你们描述的地下小镇可不一样，是真正支离破碎、毫无生息的裂界。,branch_content,希露瓦
281,}},default,
282,*三月七：听上去…就我们仨加上希儿，不大够啊。要不要回去地下，让「地火」这就跟我们会合？,content,三月七
283,*丹恒：时间怕是不允许。,content,丹恒
284,*希露瓦：嗐，也别这么悲观！我干公职的时候常在北边转悠，跟前线的士兵军官混得可熟了。,content,希露瓦
285,*希露瓦：硬攻不成，不妨智取。这样吧，我亲自带你们过去，如何？,content,希露瓦
286,*三月七：真的吗？好耶！有熟人带路，一下心里就有底了！,content,三月七
287,*希露瓦：哈哈，毕竟我也想亲眼看看「星核」啊——那可是我研究了十多年的课题，人这一辈子才有几个十年呀？,content,希露瓦
288,*希露瓦：那就这么定了！事不宜迟，准备好了咱们就出发。}},content,希露瓦
289,,default,
290,=== 与希露瓦一道出发，前往铁卫禁区 ===,default,
291,{{任务描述|幸运的是，丹恒的担忧似乎是多余的：希露瓦很快与你们统一战线，还提供了许多有价值的信息。<br>现在的你们暂时安全，但很快又要深入险境…而这次的目的地还是全贝洛伯格铁卫最多的地方——裂界禁区前线。<br>所谓不入虎穴焉得虎子，要想彻底解决眼下的危机，以身犯险也是在所难免的。}},content,丹恒的担忧似乎是多余的
292,:{{颜色|描述|你们正要出门，却听到门口传来敲门声…}},default,
293,*希露瓦：糟、糟了！我忘了老弟说今天会来……,content,希露瓦
294,*希露瓦：你们快找地方躲起来——我来应付他！,content,希露瓦
295,*希露瓦：杰、杰帕德——你来了啊！我还以为前线这么紧张，你没空过来呢，哈哈……,content,希露瓦
296,*杰帕德：还好，这阵子怪物的攻势有所缓和，我先回城里处理点事务，晚些再返回前线…之前不是告诉你了吗？,content,杰帕德
297,*希露瓦：啊？噢，对，是有这么回事……,content,希露瓦
298,*杰帕德：…姐，你气色不太对，发生什么了吗？,content,杰帕德
299,*希露瓦：没、没有的事，你从哪儿看出来的？,content,希露瓦
300,*杰帕德：你通常不叫我的大名。,content,杰帕德
301,*希露瓦：哎呀，你不是一直很反感我当众叫你「老弟」嘛！我觉得你说得对，平时还是用名字称呼你比较好，对吧老弟。,content,希露瓦
302,*杰帕德：…想怎么叫随便你吧。姐姐，今天我是为公事来的。「壁垒」装置出了故障，部队里的工程师无从下手。还是得找你看看。,content,杰帕德
303,*希露瓦：那帮人思维都僵硬了，当然看不懂我的设计。嗐，我还以为是什么大事，放这儿吧，我来修。,content,希露瓦
304,*杰帕德：麻烦你了。,content,杰帕德
305,*希露瓦：跟我客气什么？对了，城里突然戒严，是出什么事了吗？,content,希露瓦
306,*杰帕德：这…我收到的指令是对外保密……,content,杰帕德
307,*希露瓦：小杰杰，翅膀硬了啊…看不起我这个庶民姐姐了……,content,希露瓦
308,*杰帕德：你别这样…唉，算了。反正我不说，佩拉也会告诉你的吧……,content,杰帕德
309,*杰帕德：昨晚，布洛妮娅小姐突然出现，进入克里珀堡，没跟任何人打招呼。,content,杰帕德
310,*杰帕德：大守护者怀疑之前的三个「入侵者」没有落入裂界，而是尾随布洛妮娅返回行政区。她下令全城戒严，逮捕行迹可疑的人。,content,杰帕德
311,*希露瓦：啊，原来如此，我说布洛妮娅之前怎么没消息呢…她现在怎么样了？,content,希露瓦
312,*杰帕德：不清楚。她没离开克里珀堡，大守护者只说她回来了，没提别的。,content,杰帕德
313,*希儿：……！,content,希儿
314,*希露瓦：好吧，我还挺担心她的…她不见之后，佩拉说自己的工作量翻了一倍，连出门都没空了。,content,希露瓦
315,*杰帕德：她还真什么都跟你说啊…啊，对了，上次我把歌德宾馆的年庆限量水壶落在这了，我带走了啊。,content,杰帕德
316,*希露瓦：等、等一下！,content,希露瓦
317,*杰帕德：怎么了？姐，你今天真的很不正常……,content,杰帕德
318,*希露瓦：那边…哦，对了！你之前不是养死了好几盆花么？我清理屋子的时候把它们都堆到那边了，味道特别大！你不要过去！,content,希露瓦
319,*杰帕德：…先不说这是什么奇怪的理由——你真的清理过屋子吗？不会又在搞什么被禁止的研究吧……,content,杰帕德
320,*希露瓦：才没有呢——你这家伙，老姐在你眼里到底是什么形象？,content,希露瓦
321,*杰帕德：唉…算了，我的确不该侵犯你的私人空间。公务在身，我先走了。,content,杰帕德
322,*希露瓦：哎！先别走——那个…那些「入侵者」，我就是想问问，他们犯了什么罪？,content,希露瓦
323,*杰帕德：蓄谋颠覆筑城者，阴谋破坏贝洛伯格。,content,杰帕德
324,*希露瓦：嘿…和处分我的理由差不多啊。可可利亚的手段一点没变。,content,希露瓦
325,*杰帕德：不要这么说，姐姐。我知道你对大守护者心怀不满，但这开不得玩笑。,content,杰帕德
326,*希露瓦：…又被你教训了。行吧老弟，你慢点走，下次来听我跟佩拉排练。,content,希露瓦
327,*杰帕德：有空的话就来。,content,杰帕德
328,:{{颜色|描述|希露瓦看着杰帕德离开…}},default,
329,*希露瓦：出来吧，现在应该安全了。,content,希露瓦
330,===与希露瓦一道出发，前往铁卫禁区===,default,
331,{{任务描述|杰帕德的造访使在场的所有人都猝不及防。好在希露瓦足智多谋，连哄带骗地送走了自己的亲生弟弟，成功化险为夷。<br>现在的你们暂时安全，但很快又要深入险境…而这次的目的地还是全贝洛伯格铁卫最多的地方——裂界禁区前线。<br>所谓不入虎穴焉得虎子，要想彻底解决眼下的危机，以身犯险也是在所难免的。}},default,
332,*三月七：呼…憋死我了！这什么电视剧的桥段……,content,三月七
333,*希露瓦：老弟去拿水壶的时候，我才是真的提心吊胆啊……,content,希露瓦
334,*希儿：…布洛妮娅有危险，不行，我们得去救她。,content,希儿
335,*希露瓦：就我们这几个人去闯克里珀堡？还是打消这个念头吧，希儿姑娘，你本事再大，我也不能放任你去送死啊。,content,希露瓦
336,*希露瓦：放心，可可利亚她…她不会对布洛妮娅怎么样的。就算人心善变，至少这点我有信心。,content,希露瓦
337,*希儿：…布洛妮娅也说过类似的话，真不明白为什么，你们反对那个可可利亚，某方面又特别相信她。,content,希儿
338,{{剧情选项,default,
339,|选项1=想到说服杰帕德的办法吗？,option,开拓者
340,|剧情1=*希露瓦：刚才试探过了，结果你看到啦？没有铁证拍在脸上，老弟绝不会质疑可可利亚的命令。你们要是先去找了他，计划铁定完蛋。,branch_content,希露瓦
341,|选项2=杰帕德会去铁卫禁区吗？,option,开拓者
342,|剧情2=*希露瓦：刚才他都说啦，要先在城里待上一阵。只要我们动作够快，应该就能跟他错开。,branch_content,希露瓦
343,}},default,
344,*希露瓦：走，我们去铁卫禁区。只要抢先一步找到「星核」，可可利亚就拿你们没办法了。,content,希露瓦
