﻿line_number,content,category,character
1,{{提示|蓝色|宽度=100%|如果选择选项下面对话没变不是BUG了，而是游戏本身对话就是一样的。}},option,开拓者
2,{{任务,default,
3,|任务名称=宇宙幻觉之夜,default,
4,|任务地区=星穹列车,default,
5,|任务类型=同行任务,default,
6,|角色=银枝,default,
7,|所属版本=1.5,default,
8,|任务描述=星穹列车即将迎来阔别已久的大清洁之日！但是在去往宇宙洗车星的路上，却遭遇了追尾事件…还有奇怪的宇宙来客上车了。,default,
9,|时间=<!-- 限时任务填写，可留空 -->,default,
10,|奖励={{图标|里程|600}}{{图标|星琼|100}}{{图标|漫游指南|8}}{{图标|启迪之钥|6}}{{图标|《宇宙殉情时》|1}}{{图标|《奇情异想的绅士》|1}}{{图标|信用点|70000}},default,
11,|任务条件=完成开拓任务「[[静静的星河]]」,default,
12,|开放等级=34,default,
13,|相关活动=,default,
14,|相关成就=与你同行的回忆#百战天虫,default,
15,|相关道具=,default,
16,|相关书籍=,default,
17,|出场人物=瓦尔特、姬子、三月七、丹恒、帕姆、银枝,default,
18,|领取地点=,default,
19,|系列任务=宇宙烟花，受勋礼赞,default,
20,|任务编号=01,default,
21,|前置任务=<!-- *[[前置任务]] -->,default,
22,|后续任务=<!-- *[[后续任务]] -->,default,
23,|任务流程=*出发前往「洗车星」,default,
24,*试探神秘来客,default,
25,*安抚纯美骑士的「跟班」,default,
26,*与帕姆交谈,default,
27,*支援三月七,default,
28,*返回观景车厢，查探四处,default,
29,*与姬子讨论线索,default,
30,*使用相机拍摄，寻找可疑线索,default,
31,*寻找更迅速的搜索方式,default,
32,*前往支援陷入幻觉的银枝,default,
33,*返回观景车厢,default,
34,*安抚众人的消极情绪,default,
35,*与姬子、丹恒交谈,default,
36,*与瓦尔特商量对策,default,
37,*与银枝单独交谈,default,
38,*告知瓦尔特,default,
39,*陪维利特阻拦银枝,default,
40,}},default,
41,==剧情内容==,default,
42,===任务接取短信===,default,
43,{{角色对话|模板开始|帕姆|开拓奖励找我！以后会优化}},default,
44,{{角色对话|左|帕姆|文本|啊啊啊啊啊啊|是}},default,
45,{{角色对话|左|帕姆|文本|开拓者，在吗！！！！|是}},default,
46,{{短信选项,option,开拓者
47,|选项1=怎么这么着急？,option,开拓者
48,|剧情1={{角色对话|右|开拓者|文本|发生什么大事了？}},branch_content,
49,|选项2=莫慌,option,开拓者
50,|剧情2={{角色对话|右|开拓者|文本|悠着点，慢慢说？}},branch_content,
51,}},default,
52,{{角色对话|左|帕姆|文本|超级无敌紧急的事|是}},default,
53,{{角色对话|左|帕姆|文本|帕姆都不敢想|是}},default,
54,{{角色对话|左|帕姆|文本|列车时隔很久才会来一次的大扫除之日居然就要到了啊啊啊啊啊啊|是}},default,
55,{{角色对话|右|开拓者|文本|……啊？}},default,
56,{{角色对话|右|开拓者|文本|我懂了}},default,
57,{{角色对话|右|开拓者|文本|你想喊我回去一起做清洁}},default,
58,{{角色对话|右|开拓者|表情|07-04}},default,
59,{{角色对话|左|帕姆|文本|没有|是}},default,
60,{{角色对话|左|帕姆|文本|不过如果开拓者乘客愿意帮忙帕姆也很欢迎！|是}},default,
61,{{角色对话|左|帕姆|文本|我们马上准备前往最近的洗车星|是}},default,
62,{{角色对话|左|帕姆|文本|你什么时候有空回来看看帕|是}},default,
63,{{角色对话|模板结束}},default,
64,,default,
65,=== 出发前往「洗车星」 ===,default,
66,{{任务描述|你收到了帕姆的短信，原来宇宙中存在着这么多洗车星！等准备好了就出发吧！|星穹列车-观景车厢}},default,
67,{{折叠|标题=额外对话（丹恒）|内容=,default,
68,*丹恒：开拓者，你回来了？,content,丹恒
69,{{剧情选项|选项1=听说列车的大扫除要开始了。}},default,
70,*丹恒：是，我也准备加入。,content,丹恒
71,|折叠=是}},default,
72,{{折叠|标题=额外对话（瓦尔特）|内容=,default,
73,*瓦尔特：好久不见，开拓者，最近可好？,content,瓦尔特
74,{{剧情选项|选项1=听说列车的大扫除要开始了。}},default,
75,*瓦尔特：的确。按照以往的时间来看，已经到了不得不开工的日子，因此帕姆才会如此着急。,content,瓦尔特
76,|折叠=是}},default,
77,{{折叠|标题=额外对话（姬子）|内容=,default,
78,*姬子：噢？好久不见，是帕姆喊你回来的？,content,姬子
79,{{剧情选项|选项1=听说列车的大扫除要开始了。}},default,
80,*姬子：星穹列车的确需要定期清理、维护，毕竟这里可是列车组共同的「家」…用心呵护它吧，开拓者。,content,姬子
81,|折叠=是}},default,
82,{{折叠|标题=额外对话（三月七）|内容=,default,
83,*三月七：列车的年度大清洁？我最喜欢整理房间了，一定要趁这次机会好好把各种地方都擦得干干净净的！,content,三月七
84,|折叠=是}},default,
85,*帕姆：呜哇！开拓者乘客！你终于回来了！没想到列车大扫除之日这么快就来了帕……,content,帕姆
86,*帕姆：开拓者乘客不知道吧？哼哼，在这宇宙里啊，存在着不少洗车星，它们就像宇宙中为交通工具提供的休息站，而且彼此距离很近，不用启动跃迁装置就能到达！,content,帕姆
87,{{剧情选项,default,
88,|选项1=需要我帮什么忙吗？,option,开拓者
89,|剧情1=,branch_content,
90,|选项2=有洗车星应该不用我们动手了吧…,option,开拓者
91,|剧情2=*帕姆：帕姆也这么想过…但很可惜不行！,branch_content,帕姆
92,}},default,
93,*帕姆：洗车星只会帮忙清洁列车车厢的外壳帕，星球上的站点工作人员会把外壳擦得锃亮…不过列车里的座垫、房间、窗户，和那些边边角角的地方…还得我们自己来！,content,帕姆
94,*帕姆：开拓者乘客刚在列车落脚，要不要先休息一下，跟大家聊聊天？如果准备得差不多了就可以来找我帕，我们就准备出发咯。,content,帕姆
95,{{剧情选项,default,
96,|选项1=准备好了，我们走吧。,option,开拓者
97,|剧情1=,branch_content,
98,:{{颜色|描述|挑战拓境探游[[启程前往「洗车星」]]}},default,
99,{{提示|蓝色|宽度=100%|一场漫游宇宙的探索之旅！谁知道途中会发生些什么呢……|介绍}},default,
100,|选项2=我想先休息下。,option,开拓者
101,|图标2=退出,default,
102,|剧情2=*帕姆：嗯！等你噢！,branch_content,帕姆
103,:再次对话,default,
104,*帕姆：怎么样啦？开拓者乘客，你准备好我们就开始前往洗车星咯！,content,帕姆
105,{{剧情选项,default,
106,|选项1=准备好了，走吧。,option,开拓者
107,|图标1=任务,default,
108,|剧情1=,branch_content,
109,:{{颜色|描述|挑战拓境探游[[启程前往「洗车星」]]}},default,
110,{{提示|蓝色|宽度=100%|一场漫游宇宙的探索之旅！谁知道途中会发生些什么呢……|介绍}},default,
111,}},default,
112,}},default,
113,----,default,
114,*帕姆：咦…有点奇怪帕。帕姆刚刚选定了行进的路线……,content,帕姆
115,{{剧情选项|选项1=怎么了？}},default,
116,*帕姆：现在前进的方向有一点小偏差。让帕姆看看…列车长对航行的把控向来精准无误，如果发生一点小偏差就已经非常奇怪了帕。,content,帕姆
117,*帕姆：得提高警惕！不知道是不是附近有什么奇怪的磁场，干扰列车行进了…开拓者乘客，跟帕姆一起去控制室看看吧？,content,帕姆
118,{{折叠|标题=过场动画|内容=,default,
119,*瓦尔特：所以…,content,瓦尔特
120,:{{颜色|描述|你和帕姆正欲前往控制室，然而一场突如其来的震动使你们全都摔在了地上…}},default,
121,*三月七：欸，发生什么啦？！,content,三月七
122,|折叠=否}},default,
123,*三月七：怎么回事？开拓者！你看到没，刚刚那个巨大的黑影？！,content,三月七
124,*三月七：列车窗外怎么变成…这个样子了？红红的…这是发生什么了？,content,三月七
125,{{剧情选项,default,
126,|选项1=掉进了三次元？,option,开拓者
127,|剧情1=*三月七：你在说啥呢…不会指望我能听懂吧？,branch_content,三月七
128,|选项2=被太空巨兽袭击了！,option,开拓者
129,|剧情2=*三月七：那它现在去哪儿了？怎么一下子这么安静。,branch_content,三月七
130,|选项3=太空里也会堵车？,option,开拓者
131,|剧情3=*三月七：…怎么看都不可能啦！,branch_content,三月七
132,}},default,
133,*三月七：咳，就连杨叔都有些意外，这场面可不多见啊……,content,三月七
134,*丹恒：开拓者，三月，列车行进被阻塞了。方才的骚动造成了连锁反应。,content,丹恒
135,*丹恒：…一辆飞船与列车发生了追尾。,content,丹恒
136,*三月七：啥情况，列车还能被追尾？,content,三月七
137,*丹恒：有别的飞船也在这片区域遭遇阻塞，一时没有控制好速度。追尾发生后，有两个家伙找上列车来了。,content,丹恒
138,{{剧情选项,default,
139,|选项1=来碰瓷的？,option,开拓者
140,|剧情1=*丹恒：看上去不像。,branch_content,丹恒
141,*三月七：我们不找交警对付他们就不错啦！,content,三月七
142,|选项2=来访客啦？,option,开拓者
143,|剧情2=*三月七：这可不多见！但不知道是不是好人。,branch_content,三月七
144,*丹恒：看上去是友善的来客。,content,丹恒
145,}},default,
146,*三月七：要是来找列车麻烦，本姑娘可要出手了！走啦，开拓者，我们快去看看是什么情况。,content,三月七
147,{{折叠|标题=额外对话（三月七）|内容=,default,
148,*三月七：走啦，开拓者，我们快去找他们聊聊看。,content,三月七
149,|折叠=是}},default,
150,{{折叠|标题=额外对话（丹恒）|内容=,default,
151,*丹恒：那位访客看上去是一位骑士…还带着一位随从？,content,丹恒
152,|折叠=是}},default,
153,{{折叠|标题=额外对话（瓦尔特）|内容=,default,
154,*瓦尔特：看来星穹列车并无大碍，只是这追尾事件…有些稀奇了，连我也是头一次经历。,content,瓦尔特
155,|折叠=是}},default,
156,{{折叠|标题=额外对话（帕姆）|内容=,default,
157,*帕姆：开拓者乘客！看来我们堵在去洗车星的路上了！,content,帕姆
158,|折叠=是}},default,
159,{{折叠|标题=额外对话（姬子）|内容=,default,
160,*姬子：嗯…真是一场奇妙的邂逅。但无法预知的「未来」才是星空下最迷人的事物，开拓者，就让我们期待一下接下来的展开吧。,content,姬子
161,|折叠=是}},default,
162,,default,
163,=== 试探神秘来客 ===,default,
164,{{任务描述|一艘飞船…与星穹列车发生了追尾？似乎还有两个神秘来客找上门来了！<br>去试探一下，看看来者到底是什么样的人吧…|星穹列车-观景车厢}},default,
165,{{折叠|标题=过场动画|内容=,default,
166,*？？？：闪亮宇宙，另一面的异常状态,content,
167,*？？？：如颜料斑斓绽开,content,
168,*？？？：你{{黑幕|一株盆栽}}…真的很美。,content,
169,:{{颜色|描述|一道不知从哪来的聚光灯照在了三月七身上…}},default,
170,*？？？：一位女士？,content,
171,*？？？：请允许我真诚称赞你,content,
172,*？？？：你如同冬日雪原的花朵。,content,
173,*？？？：哦！,content,
174,*？？？：这是又一位美丽的生灵。,content,
175,|折叠=否}},default,
176,*银枝：还未自我介绍——我名为银枝，来自「纯美骑士团」，不知可否领教二位尊名？,content,银枝
177,{{剧情选项,default,
178,|选项1=（谨慎的沉默。）,option,开拓者
179,|剧情1=*三月七：你怎么不说话呀？没事啦，我看他也不像坏人嘛。你好，银枝！我是三月七。,branch_content,三月七
180,|选项2=银河球棒侠。,option,开拓者
181,|剧情2=*三月七：呃，拜托，你认真一点…我看他也不像坏人嘛。你好，银枝！我是三月七。,branch_content,三月七
182,|选项3=就是你追尾了列车？,option,开拓者
183,|剧情3=*银枝：正是！对此我深感抱歉，特此前来，希望能为星穹列车解决困境。,branch_content,银枝
184,*三月七：看来他也不是故意的…你好，银枝！我是三月七。,content,三月七
185,}},default,
186,*银枝：很高兴认识二位！失礼了，方才我正在向这株盆栽阐释「美」的意义。,content,银枝
187,*银枝：恕我突兀，出于习惯，我想同样询问二位：同为宇宙中的生命，你们是否知晓「纯美」的女神伊德莉拉？,content,银枝
188,{{剧情选项,default,
189,|选项1=伊德莉拉？,option,开拓者
190,|图标1=对话,default,
191,|剧情1=*银枝：纯美骑士团纵情穿梭于各个星球，在寰宇间传播着「纯美」的美名，令众生知晓祂的存在。我等以信仰的诫律严苛要求自身，淬炼肉体、捍卫荣誉。,branch_content,银枝
192,|选项2=等一下，你不是来帮忙的吗？,option,开拓者
193,|图标2=对话,default,
194,|剧情2=*银枝：是，但不限于此。正如我为这株盆栽宣扬「美」的所在，我所期许的是一场邂逅，是心灵与理念的碰撞与交流。,branch_content,银枝
195,|选项3=等一下，你是在真心夸我吗？,option,开拓者
196,|图标3=对话,default,
197,|剧情3=*银枝：为什么？为什么会这么问，请别怀疑自己，开拓者！{{黑幕|你咋知道我叫啥的？}},branch_content,银枝
198,{{剧情选项,default,
199,|选项1=…我不是怀疑自己。,option,开拓者
200,|图标1=返回,default,
201,|剧情1=*银枝：我的所言所行绝无虚假，你美得有如朝阳下烈放的鲜花！,branch_content,银枝
202,|选项2=但你连盆栽都夸！,option,开拓者
203,|图标2=返回,default,
204,|剧情2=*银枝：我的所言所行绝无虚假，我认为它的内心澄澈如明镜。,branch_content,银枝
205,}},default,
206,}},default,
207,{{剧情选项|选项1=（谨慎的不再接话。）}},default,
208,*银枝：{{注音|开拓者|先生/女士}}，现在，我已粗浅地为你介绍了「纯美」。我十分好奇——你是否认可这份理念，并信仰伊德莉拉？,content,银枝
209,{{剧情选项,default,
210,|选项1=就当我信仰吧。,option,开拓者
211,|剧情1=*银枝：听起来你似乎非常困扰。,branch_content,银枝
212,*银枝：{{注音|开拓者|先生/女士}}，恕我揣测，我理解你或许是出于好意，认可我的理念，但内心对「纯美」仍无太多认知…这是如此纯美的行为！,content,银枝
213,|选项2=我不承认…,option,开拓者
214,|剧情2=*银枝：我明白了…{{注音|开拓者|先生/女士}}，恕我揣测，你对于「纯美」并没有太多认知，因而无法认可……,branch_content,银枝
215,}},default,
216,*银枝：我尊重不同的理念，开拓者…但如今看来……,content,银枝
217,*银枝：既然你并不知晓「纯美」的存在，我只有用骑士的方式令其显现——,content,银枝
218,*银枝：我恳求与你展开一场骑士道的较量，如果我有幸得胜，就请你承认——纯美女神伊德莉拉美貌盖世无双！,content,银枝
219,{{剧情选项,default,
220,|选项1=啊？输了我就得承认？,option,开拓者
221,|剧情1=*银枝：并非如此，这是在骑士较量前不成文的规定，我很抱歉。以战代诗，是纯美骑士希望令人信服的方式…何况……,branch_content,银枝
222,|选项2=…你真的见过伊德莉拉的真容？,option,开拓者
223,|剧情2=*银枝：非常遗憾，我并未有幸见过祂的真容。,branch_content,银枝
224,*银枝：这是纯美骑士团不成文的规定，在骑士较量前必须喊出的戒律，我十分抱歉……,content,银枝
225,}},default,
226,*银枝：请原谅，我是一个不善言辞的人！,content,银枝
227,:{{颜色|描述|进入战斗}},default,
228,*三月七：怎么就打起来了？！,content,三月七
229,*银枝：与人沟通十分困难，只有行动表达。,content,银枝
230,*银枝：我渴望你理解「纯美」。,content,银枝
231,:{{颜色|描述|战斗到一定回合}},default,
232,*瓦尔特：很抱歉，我得打断二位的…兴致。,content,瓦尔特
233,*瓦尔特：原谅我扫兴的举动。二位，我刚与姬子商榷，现在的情况或许比想象中更加紧急。,content,瓦尔特
234,{{剧情选项,default,
235,|选项1=谢谢杨叔出手解围…,option,开拓者
236,|剧情1=*瓦尔特：不用谢，开拓者，这是我该做的。,branch_content,瓦尔特
237,|选项2=我今天就要教训教训他！,option,开拓者
238,|剧情2=*瓦尔特：别怄气。开拓者，你们不必着急切磋，以后有的是机会。,branch_content,瓦尔特
239,}},default,
240,*银枝：抱歉，瓦尔特先生，是我太过专注与开拓者之间的交流。现在，也该正式介绍我登车拜访的初衷：是为合作解决面前的「危机」。,content,银枝
241,*银枝：我原本驾驶「希世难得」号穿梭于银河间——但在旅途中偶然发现落难的公司职员维利特，便将他从不慎掉入的巨大山洞里带了出来。,content,银枝
242,*银枝：救出维利特后，我准备护送他安全抵达原本的目的地，进而改变了航线，没想到巧合却因此发生，靠近了列车行驶路线。,content,银枝
243,{{剧情选项|选项1=维利特是谁？}},default,
244,*银枝：据维利特自述，他是星际和平公司的一名职员。这一路他受到诸多惊吓，现在应该就在车厢中休憩。,content,银枝
245,*银枝：他也因旅途见闻，心悦诚服，发誓追随女神「伊德莉拉」。,content,银枝
246,{{剧情选项,default,
247,|选项1=那你们为什么追尾列车了？,option,开拓者
248,|剧情1=,branch_content,
249,|选项2=追随女神「伊德莉拉」！,option,开拓者
250,|剧情2=*银枝：我们刚启程不久，突然发生了震荡——我当时认为是被不明太空物堵截，抬头一看船外的景象便变化了！在看向船外的那一刻…追尾也同时发生了。,branch_content,银枝
251,*银枝：于是我便带维利特一起上列车，希望能与列车组齐心协力解决现下危机。,content,银枝
252,}},default,
253,*瓦尔特：感谢你的到来，这是列车第一次与「纯美骑士」合作。,content,瓦尔特
254,{{剧情选项|选项1=那我们现在应该咋办？}},default,
255,*银枝：享受当下。,content,银枝
256,{{剧情选项|选项1=啊？然后呢？}},default,
257,*银枝：继续，享受当下。,content,银枝
258,{{剧情选项,default,
259,|选项1=…这就是你的办法？,option,开拓者
260,|选项2=看来你真的是来交朋友的…,option,开拓者
261,}},default,
262,*银枝：你并未理解，我需专注享受宇宙的红夜，才能发现不和谐的音调。它们存在共通性，一旦发现，我必将出手消灭。,content,银枝
263,*瓦尔特：…最好不要耽搁太久，事态随时可能恶化。,content,瓦尔特
264,*瓦尔特：开拓者，能否麻烦你先去检查一下那位维利特先生的状况？他看上去吓得不轻，我们应该礼待来客。,content,瓦尔特
265,{{折叠|标题=额外对话（瓦尔特）|内容=,default,
266,*瓦尔特：开拓者，能否麻烦你先去检查一下那位维利特先生的状况？他看上去吓得不轻，我们应该礼待来客。,content,瓦尔特
267,|折叠=是}},default,
268,{{折叠|标题=额外对话（银枝）|内容=,default,
269,*银枝：怎么了？{{注音|开拓者|先生/女士}}，我正在「享受当下」。,content,银枝
270,|折叠=是}},default,
271,{{折叠|标题=额外对话（三月七）|内容=,default,
272,*三月七：你俩怎么就打起来了？！不过打完…你俩好像还挺合得来的嘛。,content,三月七
273,|折叠=是}},default,
274,{{折叠|标题=额外对话（帕姆）|内容=,default,
275,*帕姆：唉…帕姆也在想办法帕！让帕姆看看附近有没有什么线索！,content,帕姆
276,|折叠=是}},default,
277,{{折叠|标题=额外对话（丹恒）|内容=,default,
278,*丹恒：怎么样，有什么解决办法吗？,content,丹恒
279,|折叠=是}},default,
280,,default,
281,=== 安抚纯美骑士的「跟班」 ===,default,
282,{{任务描述|一艘飞船…与星穹列车发生了追尾？<br>你决定去鼓励一下那个与纯美骑士态度不同，看上去是在公司里上班跑龙套的职员…这两个人看上去完全不是同路人！为什么会一起出现？|星穹列车-观景车厢}},default,
283,*维利特：干嘛？来给我打鸡血的？你那点小心思，就差直接写在脑门上了！,content,维利特
284,*维利特：事先说好，我就是个被银枝捎上车的公司小职员，跑龙套的——我没啥想法，也帮不上你们的忙。,content,维利特
285,*维利特：唉…我本来只想等堵车结束，然后早点回家吃饭……,content,维利特
286,{{剧情选项|选项1=听说你已归顺纯美星神？}},default,
287,*维利特：银枝说的是吧？,content,维利特
288,*维利特：这家伙…真相其实是这样的：他救我之前这么跟我说「请你先发誓，承认『纯美女神伊德莉拉美貌盖世无双。』」,content,维利特
289,*维利特：我当时就说：「发誓可以，但你能不能先把我从这洞里拉出来？」——他说不行！你就说这人能不能处？,content,维利特
290,*维利特：没办法，小命要紧，我就跟着他说：「纯、纯美女神德伊莉拉美貌盖世无双！」,content,维利特
291,*维利特：他接着纠正我：「是伊德莉拉，不是德伊莉拉。」,content,维利特
292,*维利特：哪个人会起这么拗口的名字？我就是个普通上班族，哪知道什么「纯美」的星神啊？,content,维利特
293,*维利特：当然了，为了活命，我还是又重复了一遍——,content,维利特
294,*维利特：「纯美女神伊德莉拉美貌盖世无双！！」,content,维利特
295,*维利特：你看。,content,维利特
296,{{剧情选项|选项1=你态度就不能积极点吗？}},default,
297,*维利特：哼，你以为我想啊？我这叫被现实打败了，懂不懂？,content,维利特
298,*维利特：小时候呢，我还觉得自己会有主角一样的人生，特别想做个飞行员，飞上太空，开着气派的飞船去探索宇宙。但爹妈忽悠我说，想实现理想就得先赚大钱，想赚大钱就得努力进公司。,content,维利特
299,{{剧情选项,default,
300,|选项1=那你赚到大钱了不？,option,开拓者
301,|剧情1=*维利特：你看我像吗？有钱人会进星际和平公司上班，出差，然后在山洞里被迫宣誓吗。,branch_content,维利特
302,|选项2=进公司阻止你实现理想了？,option,开拓者
303,|剧情2=*维利特：…别说了，别说了！我心好痛……,branch_content,维利特
304,}},default,
305,*维利特：后来我就放弃花哨的飞行员念想了，安心在公司上班，可能这就是龙套该有的一生？,content,维利特
306,*维利特：不过看到银枝啊，我倒是动了点发财的念头——说不定这就是我此生的转机。,content,维利特
307,*维利特：他这样如此英俊伟岸的骑士，要是包装下一定会很不错吧！,content,维利特
308,*维利特：我把这个意见提给他，对他说可以宣扬「纯美」，让货币也变成美的一环，这样传播起来就非常快了，比他自己来弘扬更有效率。他对此十分震撼，连声称奇。,content,维利特
309,*维利特：我想下车后，就联系市场开拓部，找个合适的业务，让他成为公司的商品代言人！我就能摇身一变，成为经纪人了！你觉得这小子适合走偶像派还是实力派？,content,维利特
310,{{剧情选项,default,
311,|选项1=偶像派。,option,开拓者
312,|剧情1=*维利特：你说得很对，不走偶像派浪费了他这张俏脸。,branch_content,维利特
313,|选项2=实力派。,option,开拓者
314,|剧情2=*维利特：你说得很对，他的确是个实力很强的骑士，虽然我不知道他在骑士团的地位有多高吧…,branch_content,维利特
315,|选项3=…你清醒点。,option,开拓者
316,|剧情3=*维利特：哼，我这叫面对现实，拥抱现实，最终战胜现实。,branch_content,维利特
317,}},default,
318,*维利特：所以啥时候能下车啊…我就等着你们快点解决堵车了啊，银河英雄们。,content,维利特
319,{{剧情选项,default,
320,|选项1=别打歪脑筋了，快来帮忙。,option,开拓者
321,|剧情1=*维利特：你这家伙，是真听不进去话啊……,branch_content,维利特
322,|选项2=求求你了，来帮忙吧。,option,开拓者
323,|剧情2=*维利特：别、你别用那个语气！你这是道德绑架，知不知道？,branch_content,维利特
324,}},default,
325,*维利特：行吧，反正我也没别处可去，就先跟你——,content,维利特
326,*帕姆：啊啊啊啊啊！,content,帕姆
327,*维利特：咦？刚才什么声音？谁叫起来了？,content,维利特
328,{{折叠|标题=额外对话（瓦尔特）|内容=,default,
329,*瓦尔特：开拓者，你的进展如何？,content,瓦尔特
330,|折叠=是}},default,
331,,default,
332,=== 与帕姆交谈 ===,default,
333,{{任务描述|一艘飞船…与星穹列车发生了追尾？还有神秘来客找上门来了！<br>看来，你们得共同解决本次的列车「危机」了……|星穹列车-观景车厢}},default,
334,*帕姆：有，有奇怪的声音——可怕，可怕帕！你听到了吗？,content,帕姆
335,*帕姆：以我对列车的熟悉程度…刚才那绝对、绝对不是列车发出的声音帕！,content,帕姆
336,*姬子：之前的震荡是否导致列车哪里破损…让意想不到的东西溜进了列车？,content,姬子
337,*丹恒：找到声音源头了吗？,content,丹恒
338,*帕姆：好像是客房车厢…但又好像是列车长室帕！,content,帕姆
339,*三月七：…这完全是不同的方向好嘛！要不…我们各自回自己的房间检查一下？,content,三月七
340,{{剧情选项,default,
341,|选项1=有种不祥的预感……,option,开拓者
342,|剧情1=*三月七：噫！你、你别吓我呀！这背后肯定有科学的解释…对吧？,branch_content,三月七
343,|选项2=记得查查床底。,option,开拓者
344,|剧情2=*三月七：都什么时候了，你还想着捉弄人？注意下气氛啊喂！,branch_content,三月七
345,}},default,
346,*三月七：哎呀，君子动腿不动嘴，我先回房间检查一下…等真发现了问题再跟大家汇报。,content,三月七
347,*帕姆：三月乘客说的有道理，那帕姆先去列车长室看看！,content,帕姆
348,----,default,
349,:{{颜色|描述|三月七回到了自己的房间，却看到了另一个三月七…}},default,
350,*三月七：这是……,content,三月七
351,*三月七：这里怎么有另一个我啊！她在跟我说话……,content,三月七
352,*三月七（？）：我了解你的过去。你想看见、触及、知道的……,content,三月七
353,*三月七（？）：你的家乡、亲人、朋友、情感、爱和恨……,content,三月七
354,*三月七：呜哇！,content,三月七
355,*三月七（？）：我是完整的三月七，拥有你全部忘却的记忆…,content,三月七
356,*三月七：你…你是谁？为什么长得和我一样？,content,三月七
357,*三月七（？）：……,content,三月七
358,*三月七：…怎、怎么不说话了？怪渗人的……,content,三月七
359,*姬子：小三月，小三月——听得见吗？,content,姬子
360,*三月七：欸？电话…姬子！我看到了奇怪的东西！,content,三月七
361,*姬子：我知道，小三月，你现在立刻退后。,content,姬子
362,*三月七：可是……,content,三月七
363,:{{颜色|描述|三月七（？）微微一笑…}},default,
364,----,default,
365,*姬子：三月…三月？请回话，你离开房间没有？,content,姬子
366,*帕姆：三、三月乘客，会不会出了什么意外……,content,帕姆
367,*姬子：…情况不妙。开拓者，我要你和丹恒去支援三月。,content,姬子
368,*银枝：我与你们同去。维利特，你也来。,content,银枝
369,*维利特：啊、啊？！行吧，万一有什么危险，我就躲你身后了啊。,content,维利特
370,,default,
371,=== 支援三月七 ===,default,
372,{{任务描述|一艘飞船…与星穹列车发生了追尾？还有神秘来客找上门来了！<br>看来，你们得共同解决本次的列车「危机」了……|星穹列车-客房车厢}},default,
373,:{{颜色|描述|你们来到三月七的房间}},default,
374,*丹恒：这…竟然是「虫」？,content,丹恒
375,*银枝：「丑陋」…不和谐的音调被揪了出来。,content,银枝
376,*银枝：开拓者——我们必须出手消灭它。,content,银枝
377,:{{颜色|描述|进入战斗，消灭虫群}},default,
378,*三月七：吓、吓死我了！我还以为是我失散多年的双胞胎姐妹冒出来了…结果居然是只虫子！,content,三月七
379,*银枝：没想到我们竟再次碰面，「真蛰虫」。,content,银枝
380,*三月七：哈？,content,三月七
381,*维利特：呃…之前银枝在山洞里找到我的时候，我正被一堆这种虫子追着狂蛰……,content,维利特
382,*银枝：我以为自己已将它们尽数驱逐…但结合眼下的情况，真蛰虫似乎仍在追逐我们。,content,银枝
383,*银枝：莫非是…维利特，莫非是你身上沾惹了虫族的信息素？,content,银枝
384,*维利特：…啊？什么玩意，信息素？我，我可不知道啊……,content,维利特
385,*丹恒：我在智库中阅读过「真蛰虫」的资料。此种虫类扇动翅膀时会抖落纤维碎屑，致使吸入者产生幻觉。,content,丹恒
386,*丹恒：三月之所以会在房间中看到另一个自己，恐怕就是因为吸入了些许翅粉。,content,丹恒
387,*三月七：这么说来，那就真的只是幻觉而已…怎么还有点失望……,content,三月七
388,*三月七：等会儿等会儿，但是幻觉…不应该是毫无逻辑的吗？那为什么我会看到自己的模样？,content,三月七
389,*丹恒：怎么，它做了什么怪异举动吗？,content,丹恒
390,*三月七：它对我说，它了解我的过去…然后就停了。,content,三月七
391,*丹恒：…只凭这些恐怕得不出什么结论。,content,丹恒
392,*丹恒：比起这个，我更担心列车已被更多真蛰虫渗透…这类生物隐蔽性极强，可能躲在暗处，也可能四处游走。必须阻止它们繁殖，否则……,content,丹恒
393,*三月七：噫…我可不想看到一堆三月七在车厢里四处晃悠呀！有我一个就够乱的了。,content,三月七
394,*丹恒：…你的自知之明，值得夸赞。,content,丹恒
395,,default,
396,=== 返回观景车厢，查探四处 ===,default,
397,{{任务描述|一艘飞船…与星穹列车发生了追尾？<br>情况似乎比你们想得更加复杂……|星穹列车-客房车厢}},default,
398,,default,
399,=== 与姬子讨论线索 ===,default,
400,{{任务描述|一艘飞船…与星穹列车发生了追尾？<br>情况似乎比你们想得更加复杂……|星穹列车-观景车厢}},default,
401,*丹恒：情况不妙…尽是些虫族停留的痕迹。有些虫卵甚至已有诞育的迹象。,content,丹恒
402,*姬子：它们还未从繁殖的胚胎变成幼虫，但它们的生长很可能比我们想象的要迅速。,content,姬子
403,*丹恒：现在看来，要与时间比赛了。,content,丹恒
404,,default,
405,=== 使用相机拍摄，寻找可疑线索 ===,default,
406,*开拓者：（四处查探下列车吧……）,content,开拓者
407,:{{颜色|描述|拍摄合成器}},default,
408,:你发现这里有一颗虫卵。,default,
409,:偶尔，你也曾希望，这个世界不要有那么多令人困惑的材料。,default,
410,:但你发现有的家伙真的可能吃掉它们时，你的正义感还是出手消灭了敌人。,default,
411,:毕竟哪怕你不需要，也不能便宜了别的家伙。,default,
412,:{{颜色|描述|拍摄唱片机}},default,
413,:你发现这里的虫卵已开始发出哼哼声，它们就像美妙的音乐，你沉浸其中……,default,
414,:你不禁发现有些家伙就是如此，说的比唱的还好听些。,default,
415,:你的正义感出手消灭了虫卵。,default,
416,:{{颜色|描述|拍摄帕姆}},default,
417,:你发现帕姆将尾巴梳理得很好，这里整洁、蓬松且芬香，你并没有发现什么异常。,default,
418,:你忍住了伸手薅它的欲望。,default,
419,:{{颜色|描述|拍摄瓦尔特}},default,
420,:没有异常。除了一簇挑染过——大概是挑染吧？你也没法完全确定——的白发，瓦尔特先生的头发上没有任何瑕疵。,default,
421,*瓦尔特：…开拓者，你在做什么？,content,瓦尔特
422,:你认为眼前的瓦尔特应该是真实的…趁他不开心前收手吧，这里没有虫卵。,default,
423,{{折叠|标题=额外对话（瓦尔特）|内容=,default,
424,*瓦尔特：开拓者，你的进展如何？,content,瓦尔特
425,|折叠=是}},default,
426,{{折叠|标题=额外对话（姬子）|内容=,default,
427,*姬子：它们还未从繁殖的胚胎变成幼虫，但它们的生长很可能比我们想象的要迅速。,content,姬子
428,|折叠=是}},default,
429,{{折叠|标题=额外对话（三月七）|内容=,default,
430,*三月七：我…怎么会看到另一个我呀？,content,三月七
431,|折叠=是}},default,
432,,default,
433,=== 寻找更迅速的搜索方式 ===,default,
434,{{任务描述|一艘飞船…与星穹列车发生了追尾？<br>帕姆有一台「可移动列车清洁机」，没想到这种时候可以派上用场……|星穹列车-观景车厢}},default,
435,*维利特：居然还有虫卵…哇啊啊啊啊！虫群真在列车上繁殖！我我我鞋里没有吧？,content,维利特
436,*帕姆：唔…听起来现在得抓紧时间，找到效率更高的办法！帕姆想想…嗯…我们也要起到自己的作用才行！维利特！,content,帕姆
437,*维利特：啊？我是谁？我要干嘛？,content,维利特
438,*帕姆：用你的脑筋想想办法！,content,帕姆
439,*维利特：你作为列车长就没点应对紧急情况的法子？！,content,维利特
440,*帕姆：噢…帕姆想想，这么说帕姆想起来了，是有备用的东西。,content,帕姆
441,*帕姆：我们现在需要…唔，这个可能会有点用！可移动列车清洁机——原本是帕姆备用来做这次列车大扫除，用来擦列车顶的工具！,content,帕姆
442,*帕姆：上面有一个探测摄像头，视野非常大，把它遥控到天上，可以观察到视野范围内的全貌…重要的是，还可以看到各种拐角角落！,content,帕姆
443,*帕姆：虽然是帕姆用来做清洁的，但现在也没办法了……,content,帕姆
444,*帕姆：{{注音|开拓者|乘客}}，你如果觉得可以试试，帕姆就先遥控起来了帕。你要仔细盯着看噢，帕姆顺便把角落清洁一下。好！可移动列车清洁机来咯——想先查看哪里？,content,帕姆
445,{{剧情选项,default,
446,|选项1=车厢的列车座椅。,option,开拓者
447,|图标1=对话,default,
448,|剧情1=:一如既往光滑的红色皮革座垫，你没发现什么特殊的。,branch_content,
449,:你忍不住想抚摸它的凹陷——从没有人在乎它平日承受了怎样的重量，从没有人。,default,
450,*帕姆：…清醒点，开拓者，现在可不是陷进去的时候！找找别的地方吧。,content,帕姆
451,|选项2=车厢的列车座椅底下。,option,开拓者
452,|图标2=对话,default,
453,|剧情2=:漆黑的座椅底部，你想象黑暗中出现了一只眼睛，死死地盯住你不放。,branch_content,
454,:你开始恐惧，暗自扭曲、尖叫，建设内心防御，整顿表情管理，思考逃跑流程。,default,
455,*帕姆：嗯嗯…这里似乎没什么特殊的！,content,帕姆
456,:你对此很失望…直到你想起自己身上还背负着搜索虫群的使命。找找别的地方吧。,default,
457,|选项3=走廊的盆栽。,option,开拓者
458,|图标3=对话,default,
459,|剧情3=:银枝说它是一盆会思考的盆栽，你不禁开始遐想——它是否真的具备思考的能力？,branch_content,
460,:你花了很大的力气才说服自己，这是一盆普普通通的盆栽，没有任何异化的特质能将它与正常的植物区分开来……,default,
461,:…但你还是怀疑盆栽里的土其实是好吃的巧克力粉。下次可以尝尝。,default,
462,*帕姆：开拓者乘客！你在做什么呢？,content,帕姆
463,}},default,
464,*帕姆：好像都没什么东西。帕姆觉得，得遥控可移动列车清洁机去往更远的车厢段了帕……,content,帕姆
465,*帕姆：别分心噢！开拓者，得盯紧每个角落帕。,content,帕姆
466,*维利特：要不让我遥控试试呗？感觉这个产品很适合推销给各种飞船备着…给银枝的代言产品也找到了，啧，记一笔。好，继续来咯———,content,维利特
467,{{剧情选项,default,
468,|选项1=三月七的房间。,option,开拓者
469,|剧情1=:三月七的房间，粉粉的，亮亮的。你没发现什么特殊的。,branch_content,
470,:你情不自禁地开始数房间里到底有几种动物——,default,
471,*帕姆：开拓者乘客——,content,帕姆
472,|图标1=对话,default,
473,|选项2=丹恒的房间。,option,开拓者
474,|剧情2=:骑士，还有他的虫子骑士。似乎没什么特别的。,branch_content,
475,:等等……,default,
476,|图标2=对话,default,
477,}},default,
478,*银枝：想必你就是{{注音|开拓者|他/她}}口中的生物，你一定常被「可爱」一词形容，这是否给你带来过困扰？请相信我，你的内涵远无法被这一词汇承载。圆球啊，你的名字叫——「魅力」。,content,银枝
479,*银枝：无需多言；能遇到你这样的生命令我动容，但我绝不会因此放弃对自己精神苦修的要求。倘若无法解决此次危机，我将以死为骑士荣耀正名。,content,银枝
480,*三月七：啥啥啥，他怎么跟虫子交流地那么投入啊……,content,三月七
481,*丹恒：他似乎也陷入了幻觉。,content,丹恒
482,*三月七：他也看到了另一个自己吗？,content,三月七
483,*丹恒：不像。他的样子，似乎是在跟陌生人见面。,content,丹恒
484,*三月七：开拓者，咱们快去帮帮他！,content,三月七
485,,default,
486,=== 前往支援陷入幻觉的银枝 ===,default,
487,{{任务描述|一艘飞船…与星穹列车发生了追尾？<br>这位纯美骑士的一举一动，总是比想象中更加出乎意料……|星穹列车-客房车厢}},default,
488,*银枝：美丽的存在，你们是否也是信徒？,content,银枝
489,*三月七：这家伙，一副没救了的样子……,content,三月七
490,*丹恒：再拖下去恐怕有危险——我们上。,content,丹恒
491,:{{颜色|描述|进入战斗，消灭虫群}},default,
492,*银枝：我十分抱歉——这样的美丽生物竟是种幻觉，它的欺骗与威胁比外表更为…「丑陋」。,content,银枝
493,*丹恒：你方才说，「蛰虫」在你眼中变成了{{注音|开拓者|他/她}}提过，你却没亲自遇见过的「美」之事物。,content,丹恒
494,*银枝：没错，是些许我想亲眼所见的，{{注音|开拓者|他/她}}提到的见闻。,content,银枝
495,*丹恒：这样吗…结合三月之前看到的「知晓过去的自己」…我猜测，翅粉产生的幻觉必须依托本人的主观经验和长期感受，才能在自己眼中出现类似{{颜色|描述1|「个人所求」}}的事物。,content,丹恒
496,*三月七：呃，原来在银枝眼里，呜呜伯也是美丽的化身呀……,content,三月七
497,*三月七：不过，相比之下，我看到的幻觉就是找到自己的过去呀？好像有点没追求…我其实还有更多想法诶……,content,三月七
498,*丹恒：不会，这是很纯粹的愿望，是非常珍贵的东西。,content,丹恒
499,*银枝：虫族这样丑恶的威胁，在临死前的话不知是否可参考，毕竟「虫之将死，其言也善」……,content,银枝
500,*丹恒：你的意思是，那虫子在咽气前向你传达了信息？,content,丹恒
501,*银枝：没错。我将转述它最后的遗言——{{颜色|描述1|「尽情庆祝肤浅的胜利吧，你们终究无法察觉霸主的存在！」}}。,content,银枝
502,*丹恒：暂且不提你为何能听懂「虫」的语言，这句话本身——,content,丹恒
503,*丹恒：…且慢，我好像有了些头绪。,content,丹恒
504,*丹恒：翻阅智库中的「诸界异虫札记」时，我读到了一种仅存在于记述中的虫类——因为缺少实际的研究样本，作者仅将其暂名为「巨真蛰虫」。,content,丹恒
505,*丹恒：这种虫的体型可以成长至极其巨大的程度——大到足以囫囵吞下一整艘歼星舰。,content,丹恒
506,*丹恒：我合理怀疑，银枝听到的{{颜色|描述1|「霸主」}}指的就是这样一只巨虫，而我们……,content,丹恒
507,*银枝：我有些明白了。我们…很可能已在它的胃中。,content,银枝
508,{{剧情选项,default,
509,|选项1=它吞下了整部列车？,option,开拓者
510,|剧情1=*丹恒：嗯，这是我的推断。,branch_content,丹恒
511,|选项2=放过我，我不好吃…,option,开拓者
512,|剧情2=*三月七：我！我也……,branch_content,三月七
513,*三月七：不对不对，如果真的像丹恒说的那样，这家伙想都不想就能把列车一口吞掉，哪还顾得上挑食啊！,content,三月七
514,}},default,
515,*银枝：原来如此。这样一来，我与维利特此前的遭遇也就得到了解释。,content,银枝
516,*三月七：…什么意思？你又发现什么啦？,content,三月七
517,*银枝：维利特可曾向各位提起？我们初见面时，他正被困于阴暗、巨大无比的「山洞」之中，难以脱身。,content,银枝
518,*银枝：回想起来，当时「山洞」中，的确曾传出吞咽与蠕动的声音。,content,银枝
519,*丹恒：嗯。恰逢你的航线与列车星轨交汇，说不定我们遭遇的是同一只「巨真蛰虫」。接下来，就要证明这一猜想……,content,丹恒
520,*三月七：啊、啊啊！什、什么动静？！,content,三月七
521,*丹恒：…看来已经不需要再取证了。,content,丹恒
522,*丹恒：走吧，我们去与瓦尔特先生商量对策。,content,丹恒
523,,default,
524,=== 返回观景车厢 ===,default,
525,{{任务描述|列车…竟被巨真蛰虫吞进了腹中？！|星穹列车-客房车厢}},default,
526,*三月七：好沉默…你们倒是说句话呀？,content,三月七
527,*银枝：能在此遇见诸位，我银枝死而无憾。,content,银枝
528,*三月七：…算了，还是安静点好。,content,三月七
529,----,default,
530,*瓦尔特：如何，各位？调查有进展吗？,content,瓦尔特
531,*丹恒：我来说明情况吧。,content,丹恒
532,:{{颜色|描述|将列车被「巨真蛰虫」吞噬的猜想转告给了瓦尔特……}},default,
533,*瓦尔特：原来是这样。如果列车真的已经被吞入腹中……,content,瓦尔特
534,*瓦尔特：或许可以尝试令列车引擎暂时过载，撞击虫胃，以超速度冲出「巨真蛰虫」的躯体。,content,瓦尔特
535,{{剧情选项|选项1=为什么不直接跃迁走？}},default,
536,*丹恒：跃迁所需的准备繁多，过程中难保会引起虫群注意。,content,丹恒
537,*瓦尔特：这个方法确实伴随着风险。引擎有可能发生自燃…不过，也没有更好的办法。,content,瓦尔特
538,*银枝：我认为不妥。,content,银枝
539,*三月七：我我们…有可能会失败吗？,content,三月七
540,*瓦尔特：坦诚地说，有这个可能。,content,瓦尔特
541,*瓦尔特：列车的外壁…可能正在胃液中融化。,content,瓦尔特
542,*银枝：看来最为巨大的丑恶之徒…竟在列车外！,content,银枝
543,*三月七：好恐怖呀，我房间的小熊和兔子会不会被胃液融化？它们陪我好久了，我得把它们给抢救出来……,content,三月七
544,*瓦尔特：我认为大家无需担心，我仅需要些时间与姬子检查引擎状况。大家缓和一下情绪即可。,content,瓦尔特
545,*丹恒：没关系，有任何危机我们都一起应对。,content,丹恒
546,,default,
547,=== 安抚众人的消极情绪 ===,default,
548,*银枝：开拓者，你发现了吗？,content,银枝
549,*银枝：大家似乎变得消极了。,content,银枝
550,----,default,
551,*三月七：列车…在被融化？,content,三月七
552,*维利特：怎会有这么离奇的事！我居然第二次被山洞给吞了…难道这就是我的命运？……,content,维利特
553,*帕姆：得赶紧从真蛰虫胃里出去帕！帕姆，帕姆一点也不想列车受到伤害帕…,content,帕姆
554,*三月七：你们冷静点呀……,content,三月七
555,*银枝：请各位切勿担心。,content,银枝
556,*银枝：我正在向盆栽进行最后的告别；正如与你们的相遇，能与这列车上诸多生命交友，与大家探讨「纯美」之道，我亦死而无憾！,content,银枝
557,*三月七：这家伙刚刚就一直抱着盆栽…这短短时间居然和盆栽建立起深厚情谊来了？虽然我也会担心房间里的玩偶……,content,三月七
558,*帕姆：列车是众人的家，我们遇到什么事都一起面对帕！呜哇，还好{{注音|开拓者乘客|你}}也回来了…虽然，虽然有点不赶巧了帕。,content,帕姆
559,*维利特：我从没有想过，第一次和你们见面竟然就可能是拜拜。哎，看来现在也做不了什么，我维利特就把自己最后的时间，用来听你们说说列车的故事吧……,content,维利特
560,*帕姆：别瞎说，怎么就拜拜了！不过到这个时候，你终于开始对列车有感情了，帕姆也很欣慰帕，让帕姆想想故事从哪里说起才好……,content,帕姆
561,*维利特：一起呆久了总有感情是不是！不过先停一停啊！我虽然这么说，但列车还是能最后挣扎一下的吧？！,content,维利特
562,*银枝：维利特，我会护送你抵达终点；骑士会信守诺言。,content,银枝
563,*维利特：你别以为一直说这种话我就会感动啊，我这人可是出了名的铁石心肠！,content,维利特
564,*三月七：好啦，大家都打起精神来！越到这种时候，我们就越要多传递传递信心呀！,content,三月七
565,{{剧情选项|选项1=你其实也很担心列车吧？}},default,
566,*三月七：没，没有的事儿！这么小的麻烦，我们肯定能搞定的啦！,content,三月七
567,{{折叠|标题=额外对话（维利特）|内容=,default,
568,*维利特：个人追求？我都没这东西！,content,维利特
569,*维利特：天天忙着上班，有也忘干净了……,content,维利特
570,*维利特：说不定公司令我对幻觉免疫……,content,维利特
571,|折叠=是}},default,
572,{{折叠|标题=额外对话（三月七）|内容=,default,
573,*三月七：列车…被吞进了虫子的胃里？,content,三月七
574,|折叠=是}},default,
575,,default,
576,=== 与姬子、丹恒交谈 ===,default,
577,*丹恒：三月也会担心…这也很正常。麻烦你安慰大家了，开拓者。,content,丹恒
578,*姬子：列车在「开拓」中总会遇到各种各样的困难…不止现在这一次，在可预见的未来…我毫不怀疑会发生很多类似的事，但我们仍不会停止「开拓」。,content,姬子
579,*姬子：这也是「开拓」的意义所在…我们都必须面对挑战。在这个过程中，大家才会获得历练与成长。,content,姬子
580,{{折叠|标题=额外对话（姬子）|内容=,default,
581,*姬子：列车的外壁…可能正在胃液中融化。这真是难以想象的图景…,content,姬子
582,|折叠=是}},default,
583,{{折叠|标题=额外对话（丹恒）|内容=,default,
584,*丹恒：没关系，有任何危机我们都一起应对。,content,丹恒
585,|折叠=是}},default,
586,,default,
587,=== 与瓦尔特商量对策 ===,default,
588,*瓦尔特：我已对引擎检查完毕。跃迁装置虽无法即刻启动，但暂时加速应当还可以尝试。如果各位没有强烈的反对意见，我们就开始准备……,content,瓦尔特
589,*银枝：瓦尔特先生——请稍等片刻。,content,银枝
590,*银枝：很抱歉——我突然产生了一个想法，或许能够帮助各位解决危机。在列车准备期间，我希望能获得与{{注音|开拓者|他/她}}单独讨论的机会。,content,银枝
591,*三月七：你！都这种时候了，还不能有话直说嘛？,content,三月七
592,*银枝：这个想法…如果当众提出，定会被你们立刻否定。但身为骑士，我一定要帮助列车解决问题。,content,银枝
593,*三月七：啊？都已经提前做好这种心理准备了吗……,content,三月七
594,*瓦尔特：看来你似乎有所打算。虽然我并不清楚纯美骑士的传统，但…三月，不着急。,content,瓦尔特
595,*银枝：感谢。,content,银枝
596,{{折叠|标题=额外对话（瓦尔特）|内容=,default,
597,*瓦尔特：非常意外的情况…连我也未想到。,content,瓦尔特
598,|折叠=是}},default,
599,,default,
600,=== 与银枝单独交谈 ===,default,
601,{{任务描述|漫长猩红的幻觉之夜，仍然还未结束。<br>银枝邀请与你「单独沟通」，他的行为模式实在难以令常人理解……|星穹列车-观景车厢}},default,
602,*银枝：开拓者，我为自己的突兀道歉，突然要求与你单独沟通，十分奇怪。,content,银枝
603,*银枝：事实上，我产生了一种强烈的感受：身为纯美骑士，这是我必须面对的一战——,content,银枝
604,*银枝：我想可由我下列车去，正面迎击巨型真蛰虫——用长枪向其胃壁攻击，令其痉挛，将列车呕吐出来。,content,银枝
605,{{剧情选项,default,
606,|选项1=你一个人？,option,开拓者
607,|选项2=我就知道…,option,开拓者
608,}},default,
609,*银枝：我难以形容这种现象…但在目睹某些事物时，我会自心底里产生「美」的情绪，它含糊不清，也只可凭本能感知。,content,银枝
610,*银枝：或许是我独行银河太久，难以理解这种感受究竟源自何处。但我知道身为骑士，我的职责便是守护蕴含「美」的种子，站在它身前，抵挡一切……,content,银枝
611,*银枝：而现在，星穹列车就是这枚种子。这里令我产生归属感，一种有如「家」的温暖，我相信这源自你们彼此深厚的情谊。,content,银枝
612,*银枝：因此，我誓要以身作盾，捍卫这一缕温暖，而非苟且居安，让它反过来成为保护我的盾。,content,银枝
613,*银枝：我愿一次又一次，守护这些「美」的种子，令其绽放纯洁晶莹的花，以向祂证明我的虔诚…这是在名为「银枝」的旅途中，所必然发生的…,content,银枝
614,{{剧情选项,default,
615,|选项1=祂是…,option,开拓者
616,|选项2=伊德莉拉？,option,开拓者
617,}},default,
618,*银枝：是我等的信仰，命路的所求。在为捍卫美的信道，于战斗中流血失神的时候，我曾无数次在昏迷中得见祂的行迹，从脚下蔓延，伸向不可知的前方。,content,银枝
619,{{剧情选项,default,
620,|选项1=那是「星神」吗？,option,开拓者
621,|剧情1=*银枝：理智告诉我不是，但我希望如此。,branch_content,银枝
622,|选项2=那是「幻觉」吗？,option,开拓者
623,|剧情2=*银枝：理智告诉我如此，但我希望不是。,branch_content,银枝
624,}},default,
625,*银枝：在那旧日幻觉中，我不断奔跑。泥泞的路上，祂留下的足迹比任何哭泣都令我悲伤。而每一次，我都离望见祂的身影——只差一点。,content,银枝
626,{{剧情选项,default,
627,|选项1=你是为守护「美」而战？,option,开拓者
628,|剧情1=*银枝：嗯，这是我的职责。,branch_content,银枝
629,|选项2=你是为见到「祂」而战？,option,开拓者
630,|剧情2=*银枝：嗯…这是我的私心。,branch_content,银枝
631,}},default,
632,*银枝：倒下、站起、再次倒下、再次站起，无数次的锤炼，徘徊于生死，只为让我等更接近「纯美」曾行过的旅路。,content,银枝
633,*银枝：这便是我身为纯美骑士的誓言。,content,银枝
634,{{剧情选项,default,
635,|选项1=…那你之后怎么办？,option,开拓者
636,|剧情1=*银枝：我会在此后，独自寻找办法出逃。即使被虫角贯穿也无妨，越接近死亡，或许就越接近「纯美」的道途……,branch_content,银枝
637,|选项2=我有办法帮你吗？,option,开拓者
638,|剧情2=*银枝：无需此举，我非常感谢。即使被虫角贯穿也无妨，越接近死亡，或许就越接近「纯美」的道途……,branch_content,银枝
639,|选项3=为什么要单独和我说？,option,开拓者
640,|剧情3=*银枝：我们的交手只到一半…尚武者不善言辞，我还有另一半未传达给你。,branch_content,银枝
641,}},default,
642,*银枝：我为自己的多言致歉，我实在不擅长表达自我…回到最初——你是否会支持我的想法？,content,银枝
643,{{剧情选项,default,
644,|选项1=我支持你。,option,开拓者
645,|剧情1=*银枝：你支持我…真的？谢谢，谢谢……,branch_content,银枝
646,*银枝：你的理解比任何宝物都更珍贵。我曾与众多游历者交手，阿谀奉承、轻蔑挑衅，都遇见太多。罕见的是相同的赤子之心。,content,银枝
647,*银枝：那么……,content,银枝
648,|选项2=我仍然反对。,option,开拓者
649,|剧情2=*银枝：{{注音|开拓者|我的挚友}}，为什么？,branch_content,银枝
650,{{剧情选项,default,
651,|选项1=我不想让你以身涉险。,option,开拓者
652,|剧情1=*银枝：你是在担心我吗？谢谢，谢谢……,branch_content,银枝
653,*银枝：你的理解比任何宝物都更珍贵。我曾与众多游历者交手，阿谀奉承、轻蔑挑衅，都遇见太多。罕见的是相同的赤子之心。,content,银枝
654,*银枝：但…{{注音|开拓者|我的挚友}}，我已作出决定。这是我身为纯美骑士，应当奔赴的「命运」。,content,银枝
655,|选项2=你只是以「幻觉」宽慰自身。,option,开拓者
656,|剧情2=*银枝：是这样吗？也曾有许多人如此劝说，或许你们是对的。,branch_content,银枝
657,*银枝：但…{{注音|开拓者|我的挚友}}，我已作出决定。这是我身为纯美骑士，应当奔赴的「命运」。,content,银枝
658,}},default,
659,}},default,
660,*银枝：请原谅我不合时宜的举动。我们虽相识不久，但彼此已以交手定下交情——我只可惜它还未完成！我想在临走前了结这份遗憾！,content,银枝
661,*银枝：我将以枪刃证明我的意志，用尚武礼仪捍卫自己的荣誉；无论结局是赢是输，我都将接受，并以此与你告别——,content,银枝
662,:{{颜色|描述|进入战斗}},default,
663,*银枝：{{注音|开拓者|挚友}}…能与你交手，我十分荣幸,content,银枝
664,:{{颜色|描述|战胜银枝}},default,
665,*银枝：开拓者…你的举止、力量、行战的礼仪…已令我心服口服。,content,银枝
666,*银枝：若要我评价这场较量——精彩绝伦、酣畅淋漓！有幸遇见这样的对手，我也以身证明了「纯美」的存在。,content,银枝
667,*银枝：请恕我在这之前冒犯激进，因为我知晓当这场战斗结束，就标志着——我将从列车的故事中退场，而现在终于来到了这一刻。,content,银枝
668,{{剧情选项,default,
669,|选项1=你确定自己能安全脱身吧？,option,开拓者
670,|图标1=对话,default,
671,|剧情1=*银枝：{{注音|开拓者|我的挚友}}，我予以保证：我并非鲁莽冲动之人，我将做好万全准备，找准时机脱身。,branch_content,银枝
672,|选项2=我们还会再相逢吗？,option,开拓者
673,|图标2=对话,default,
674,|剧情2=*银枝：我来到列车是为助众人解决危机，当使命完成，我将回归银河。但…银河这么大，我们说不定还会再见。,branch_content,银枝
675,}},default,
676,{{剧情选项|选项1=…我做好准备说再见啦。}},default,
677,*银枝：非常好，{{注音|开拓者|我的挚友}}，纯美骑士的使命完成后，就将去寻找下一片亟待守护之地…,content,银枝
678,*银枝：身为骑士，我肩负必胜的决心与荣誉；我的身躯经过无数次训武淬炼，绝不会轻易被折断。,content,银枝
679,*银枝：如此短暂…偶然的相逢。有幸认识列车组众人，你们的情感…如此瑰丽。,content,银枝
680,{{折叠|标题=额外对话（银枝）|内容=,default,
681,*银枝：如此短暂…偶然的相逢。有幸认识列车组众人，你们的情感如此美丽。,content,银枝
682,|折叠=是}},default,
683,,default,
684,,default,
685,=== 告知瓦尔特 ===,default,
686,{{任务描述|漫长猩红的幻觉之夜，仍然还未结束。<br>即使在此刻绽放有史以来最盛大的授勋礼赞，也不过是一首来自宇宙的、绽放后便消逝的赞美诗。|星穹列车-观景车厢}},default,
687,*开拓者：唉…,content,开拓者
688,*开拓者：去和大家聊聊吧…,content,开拓者
689,{{折叠|标题=额外对话（三月七）|内容=,default,
690,*三月七：啊？！银枝想一个人下车挑战巨真蛰虫？！,content,三月七
691,|折叠=是}},default,
692,{{折叠|标题=额外对话（帕姆）|内容=,default,
693,*帕姆：啊啊啊？银枝乘客要自己去？不行不行帕！那也太危险了！,content,帕姆
694,|折叠=是}},default,
695,{{折叠|标题=额外对话（丹恒）|内容=,default,
696,*丹恒：…这是他执意坚守的职责。,content,丹恒
697,|折叠=是}},default,
698,----,default,
699,:{{颜色|描述|与瓦尔特对话}},default,
700,*瓦尔特：你和银枝交涉得如何，开拓者？,content,瓦尔特
701,{{剧情选项|选项1=他想自己挑战巨型真蛰虫。}},default,
702,*瓦尔特：原来如此。他有这种想法，我毫不惊讶…不得不承认，我看到类似的行为，偶尔会想起年轻时的自己；出于理性，我并不认可这种作法。但…开拓者，你又如何看待？,content,瓦尔特
703,{{剧情选项,default,
704,|选项1=认同银枝。,option,开拓者
705,|剧情1=*瓦尔特：本质上，这取决于你是否支持他对「纯美」的理解和执着。,branch_content,瓦尔特
706,*瓦尔特：开拓者，如果你真已经认定，我相信你的判断。,content,瓦尔特
707,|选项2=不理解银枝。,option,开拓者
708,|剧情2=*瓦尔特：本质上，这取决于你是否支持他对「纯美」的理解和执着。,branch_content,瓦尔特
709,*瓦尔特：开拓者，我们无法改变个人对自我本心的执拗。,content,瓦尔特
710,}},default,
711,*维利特：我刚打了个盹，梦里看到窗外有另一个自己。驾驶着银枝的希世难得号在天空上飞……,content,维利特
712,*维利特：你说我是怎么了？平常我都不做梦。梦里那个偷了银枝飞船的我，还对我自己说「快去找银枝」……,content,维利特
713,*维利特：我压根不关心谁，不过这个怪梦让我很在意，所以银枝那家伙到底打算干什么？,content,维利特
714,{{剧情选项|选项1=他想独自挑战巨真蛰虫。}},default,
715,*维利特：哈？！什、什么？！那么大的虫子，他打算自己一个人去对付？,content,维利特
716,*维利特：这家伙说自己死而无憾，说什么和盆栽告别，原来不是在搞笑啊？！居然是认真的？你不会答应他了吧？,content,维利特
717,{{剧情选项,default,
718,|选项1=是他执意要这么做。,option,开拓者
719,|剧情1=*维利特：这不是送死？！就为这种理由？他到底在固执个啥？我倒不太关心，我只关心他死了我的人生转机怎么办？…好吧，我确实关心。,branch_content,维利特
720,|选项2=你开始担心他了？,option,开拓者
721,|剧情2=*维利特：别瞎说，没有的事，我一点也不关心他，我只关心他死了我的人生转机怎么办？难以理解，好死不如赖活着，他到底在固执个啥？…好吧，我确实开始担心了。,branch_content,维利特
722,}},default,
723,*维利特：这个脑袋一根筋的家伙！难道对于他来说，信仰真比命更重要？不行，我得去跟他吵一架！,content,维利特
724,{{折叠|标题=额外对话（瓦尔特）|内容=,default,
725,*瓦尔特：本质上，这取决于你是否支持他对那份「幻觉」的执着。,content,瓦尔特
726,|折叠=是}},default,
727,,default,
728,=== 陪维利特阻拦银枝 ===,default,
729,{{任务描述|漫长猩红的幻觉之夜，仍然还未结束。<br>看来配角也有心，自认人生「龙套」的维利特，也会有自己的想法……|星穹列车-观景车厢}},default,
730,*银枝：跳出列车后，我会以长枪刺破巨真蛰虫胃壁，希望能使其产生剧烈痉挛，列车便可冲出虫体。,content,银枝
731,*银枝：维利特，你特地前来，是有话想对我说？,content,银枝
732,*维利特：你这么做真是有点没头脑！你把自己置于危险境地里了。一定要履行骑士职责？换种方式不行？我们这种俗人实在难以理解。,content,维利特
733,*银枝：难道你是在关心我？或许你也未察觉自己灵魂的高贵——表征虽与我不同，但仍有自己的风采。我希望我能守护住我的誓言：助你抵达终点。,content,银枝
734,*维利特：你……,content,维利特
735,*维利特：脚一跺牙一咬，我维利特也能有点骨气。要是你听不进去，那我就陪你一起去！,content,维利特
736,*维利特：反正我这命也是你捡的，哎唷，虽然我这力气帮不到什么，但多少也能打点下手……,content,维利特
737,*银枝：我很感谢，但你无需勉强。,content,银枝
738,*维利特：哼…你…我真搞不定你。行吧。,content,维利特
739,*维利特：我突然觉得，我们要不是因为意外相识，一定是毫不相关的两类人，完全不会成为朋友。你的人生叫英雄传说，我呢就叫三流小说。,content,维利特
740,*维利特：所以…我们没得商量啦？必须得在这告别？那……,content,维利特
741,*维利特：你别把自己交代在这里啊！我会等你回来的！等我们搞定这次危机，你就要帮我在公司做点代言！重要的是你千万别死在这里——,content,维利特
742,----,default,
743,*银枝：请勿担心，我会高喊「纯美的女神伊德莉拉美貌盖世无双！」,content,银枝
744,*银枝：在保证列车安全脱出后，自寻出路，平安脱险，以待我们的下一次相见。,content,银枝
745,*银枝：倘若您能见证这一切…您便可理解我狂热的理想。,content,银枝
746,*银枝：在宇宙的猩红长夜里，我的一生比赤子更为忠诚！,content,银枝
747,{{折叠|标题=过场动画|内容=,default,
748,*三月七：哇啊啊啊，成功了！,content,三月七
749,*三月七：这这是啥啊，列车造成了…,content,三月七
750,*三月七：宇宙爆炸？！,content,三月七
751,*瓦尔特：不，这是巨型真蛰虫造成的幻觉。,content,瓦尔特
752,*瓦尔特：这么大动静，我们肯定会集体吸入它的「翅粉」。,content,瓦尔特
753,*三月七：啊？那虫子这么——这么——大！难道也是幻觉！,content,三月七
754,*瓦尔特：很可惜，这恐怕是真的。,content,瓦尔特
755,|折叠=否}},default,
756,:{{颜色|描述|一段时间之后}},default,
757,*三月七：银枝应该会觉得…这场烟花很美吧。,content,三月七
758,*三月七：虽然相识不久，但这家伙人也挺不错的。,content,三月七
759,*三月七：……,content,三月七
760,*三月七：哎呀，好担心……,content,三月七
761,*帕姆：不知道银枝乘客怎么样了…虽然列车摆脱了这次危机，但不知道为什么还是高兴不起来帕……,content,帕姆
762,*三月七：唉…维利特刚刚也自己下车走了，他看起来好难过啊。大概他也搞不懂银枝在想什么吧……,content,三月七
763,*姬子：纯美骑士团，一群习惯独行星河中、很难被理解的人。他们的归宿本就是星空，这场烟花或许也象征着对他的授勋。,content,姬子
764,*三月七：可惜这么大的烟花……,content,三月七
765,*帕姆：这么漂亮的星空……,content,帕姆
766,*三月七：他都看不到了……,content,三月七
767,*姬子：他也有自己的想法与苦衷。毕竟纯美的星神…很可能已陨落了。,content,姬子
768,*三月七：啊？银枝嘴里一直念的伊德莉拉吗？他不是还一直说要去找伊德莉拉，尽骑士职责保护伊德莉拉吗？,content,三月七
769,*姬子：伊德莉拉已陨是部分纯美骑士默认的事情。当然也有些家伙不愿相信，比如你刚遇见的这位…他大约觉得伊德莉拉只是失踪，并藏在某个凡人无法企及的角落里了。,content,姬子
770,*姬子：开拓者，这次的危机结束了，偶然的访客也已离开。但我觉得，我们还有些话题可以聊聊。,content,姬子
771,*姬子：比如…你觉得…什么是「纯美」？,content,姬子
772,{{剧情选项,default,
773,|选项1=爱人的眼睛。,option,开拓者
774,|剧情1=*姬子：那一定是双非常美的眼睛。,branch_content,姬子
775,|选项2=吃喝玩乐永远不上班！,option,开拓者
776,|剧情2=*姬子：那就是所有人梦寐以求的美好生活。,branch_content,姬子
777,|选项3=如痴如狂地观看小猫咪进食。,option,开拓者
778,|剧情3=*姬子：你确实想得很美。,branch_content,姬子
779,|选项4=列车组，大家之间的…,option,开拓者
780,|剧情4=*姬子：噢？很好的回答。,branch_content,姬子
781,}},default,
782,*姬子：「纯美」的形态各异、变化万千，每个人心里的答案都不同…我很好奇，纯美骑士在银河中追寻的究竟是什么？,content,姬子
783,*姬子：假设银枝找到了「失踪」的伊德莉拉，以人类的双眼，他能辨认出来吗？还是面对自己所执着的「祂」，却像盲人一样视而不见，甚至浑然不觉……,content,姬子
784,*三月七：是哦，他真的像是会在眼睛上蒙上白布，然后要在自己附加的这种严苛筹码里与木桩对战、修炼自己的人。,content,三月七
785,*三月七：我是不懂诶，反正嘛，要是有一天，看到他在贝洛伯格翻垃圾桶，对着里面大喊「伊德莉拉，你在吗！在吗在吗在吗！」我，我好像也不意外……,content,三月七
786,*三月七：不过那又怎么样咧？我还是觉得他是个好人呀…虽然怪怪的……,content,三月七
787,*帕姆：唉…我们原本是要去哪里来着帕？,content,帕姆
788,:{{颜色|描述|你收到了一条短信}},default,
789,{{角色对话|模板开始|银枝、三月七、帕姆、开拓者的群聊}},default,
790,{{角色对话|左|银枝|文本|开拓者，你们现在是否平安？|是}},default,
791,{{角色对话|左|银枝|文本|我十分担心|是}},default,
792,{{角色对话|右|开拓者|文本|？？？？？？}},default,
793,{{角色对话|右|开拓者|文本|等一下，先别急着关心我们}},default,
794,{{角色对话|左|三月七|文本|？？？？？？？？|是}},default,
795,{{角色对话|左|帕姆|文本|？？？？？？？？？？？|是}},default,
796,{{角色对话|左|三月七|文本|啊啊啊|是}},default,
797,{{角色对话|左|帕姆|文本|呜哇啊啊啊是银枝乘客帕|是}},default,
798,{{角色对话|左|三月七|文本|银枝！|是}},default,
799,{{角色对话|左|三月七|文本|你果然还活着|是}},default,
800,{{角色对话|左|三月七|文本|你没事真的太好了啊啊啊|是}},default,
801,{{角色对话|左|银枝|文本|骑士在出战的一刻，就应怀有必胜信念|是}},default,
802,{{角色对话|左|银枝|文本|我与它酣战时，似有纯美光辉庇佑|是}},default,
803,{{角色对话|左|银枝|文本|接下来的事我便失去记忆|是}},default,
804,{{角色对话|左|银枝|文本|但真蛰虫似有口臭，它消化不良|是}},default,
805,{{角色对话|左|银枝|文本|结束后，我用了很久好生擦拭我的铠甲|是}},default,
806,{{短信选项,option,开拓者
807,|选项1=你还活着真是太好了…,option,开拓者
808,|剧情1={{角色对话|右|开拓者|文本|真好啊……}},branch_content,
809,{{角色对话|右|开拓者|文本|我这就要开始哭了}},default,
810,|选项2=我就知道你肯定没事…,option,开拓者
811,|剧情2={{角色对话|右|开拓者|文本|大家都特别着急……}},branch_content,
812,{{角色对话|右|开拓者|文本|姬子还联络了星际和平公司，准备在宇宙中搜寻你的下落}},default,
813,}},default,
814,{{角色对话|左|帕姆|文本|呜呜呜…|是}},default,
815,{{角色对话|左|帕姆|文本|帕姆这就开列车去接你啊啊啊|是}},default,
816,{{角色对话|模板结束}},default,
817,{{折叠|标题=后续相关文本|内容=,default,
818,:{{颜色|描述|在列车上，你发现了一封不知是谁留下的书信}},default,
819,<br>,default,
820,<center>十四种幻觉的面庞</center>,default,
821,<center>「纯美骑士团」 某废弃告罪书</center>,default,
822,<br>,default,
823,<center>我的头脑若不是受到命运魔鬼的愚弄，</center>,default,
824,<center>则已察觉一切感官诱惑与精神的向往；</center>,default,
825,<center>我察觉讲述与行为使您真正存在，</center>,default,
826,<center>您的面庞与刀刃上正流着世人没有的血与衷情。</center>,default,
827,<center>我崇尚您高贵秉性恩泽的一切，</center>,default,
828,<center>夜幕中藏于铠甲却比心脏更深的地方。</center>,default,
829,<center>大抵是太想见您于是在幻觉中窥见了您，</center>,default,
830,<center>我燃烧严苛苦行只求为使您更加崇高，</center>,default,
831,<center>盲目的忠诚将从所有的土地和王国中夺回您。</center>,default,
832,<center>无畏比白布更能遮盖我们羞怯的双眼，</center>,default,
833,<center>十四行戒律如蠹虫之呼吸无时不在考验决心。</center>,default,
834,<center>我多希望您能知道我是如此虔诚；</center>,default,
835,<center>我多希望您能知道我是如此渴望；</center>,default,
836,<center>我多希望您能知道我是如此狂热。</center>,default,
837,|折叠=是}},default,
838,{{折叠|标题=后续相关剧情|内容=,branch_content,
839,:{{颜色|描述|你收到了银枝的短信…}},default,
840,{{角色对话|左|银枝|文本|开拓者，感觉还好吗？你们是否已安全抵达洗车星？|是}},default,
841,{{短信选项,option,开拓者
842,|选项1=感觉不错！,option,开拓者
843,|剧情1={{角色对话|右|开拓者|文本|感觉挺好，列车已经平稳到站了！}},branch_content,
844,{{角色对话|右|开拓者|文本|我们和洗车星的工作人员，把列车里里外外都洗得干干净净……}},default,
845,|选项2=不太好…,option,开拓者
846,|剧情2={{角色对话|右|开拓者|文本|感觉还没缓过来…不过列车已经平稳到站了！}},branch_content,
847,{{角色对话|右|开拓者|文本|我们和洗车星的工作人员，把列车里里外外都洗得干干净净……}},default,
848,}},default,
849,{{角色对话|左|银枝|文本|那就好|是}},default,
850,{{角色对话|左|银枝|文本|开拓者，我有些犹豫，在想是否要告诉你一件事情|是}},default,
851,{{角色对话|左|银枝|文本|不知你们发现没有|是}},default,
852,{{角色对话|左|银枝|文本|列车里竟还有第四只虫子|是}},default,
853,{{角色对话|右|开拓者|文本|我都没发现还有这种事儿！}},default,
854,{{角色对话|左|银枝|文本|它藏在维利特铠甲里，一只迷你蛰虫，却正是它们提到的霸主|是}},default,
855,{{角色对话|左|银枝|文本|而巨真蛰虫，在他们中排行倒数第一|是}},default,
856,{{短信选项,option,开拓者
857,|选项1=原来霸主不是巨真蛰虫,option,开拓者
858,|剧情1={{角色对话|右|开拓者|文本|但霸主小得可以藏在维利特的铠甲里}},branch_content,
859,{{角色对话|右|开拓者|文本|那它脾气一定不小吧}},default,
860,|选项2=啥，最大的家伙排行第几？,option,开拓者
861,|剧情2={{角色对话|右|开拓者|文本|最巨型的那个居然是小弟}},branch_content,
862,{{角色对话|右|开拓者|文本|我一直以为它是霸主}},default,
863,{{角色对话|右|开拓者|文本|说不定它也就看着吓人}},default,
864,}},default,
865,{{角色对话|左|银枝|文本|我找到维利特时，他说他看到「飞行」着的自己驾驶着希世难得号|是}},default,
866,{{角色对话|左|银枝|文本|我帮他消灭了蛰虫首领，但幻觉消除后，他似乎有些失落|是}},default,
867,{{短信选项,option,开拓者
868,|选项1=他还是有「执念」的嘛！,option,开拓者
869,|剧情1={{角色对话|右|开拓者|文本|就像你看到「美」的事物吧}},branch_content,
870,{{角色对话|右|开拓者|文本|这人还说觉得自己没啥执念，肯定对幻觉免疫呢}},default,
871,{{角色对话|右|开拓者|文本|我怀疑他默默地被你感动了……}},default,
872,|选项2=他好像放弃过做飞行员,option,开拓者
873,|剧情2={{角色对话|右|开拓者|文本|突然想起来他好像提过曾经想做个飞行员}},branch_content,
874,{{角色对话|右|开拓者|文本|这人还说觉得自己没啥执念，肯定对幻觉免疫呢}},default,
875,{{角色对话|右|开拓者|文本|我怀疑他默默地被你感动了……}},default,
876,}},default,
877,{{角色对话|左|银枝|文本|他思考了几天，不知为何，放弃了用「货币」传播「纯美」的想法…他似乎转而想做飞行员，我对他表达了鼓励|是}},default,
878,{{角色对话|左|银枝|文本|但对于幻觉的依据…开拓者，我仍存有困惑|是}},default,
879,{{角色对话|左|银枝|文本|听你描述，翅粉最后令所有人看到同样的烟花，是为何？|是}},default,
880,{{角色对话|右|开拓者|文本|哼哼，大家都渴望回归星空，这种想法太强烈啦}},default,
881,{{角色对话|右|开拓者|文本|也是众人眼里对银枝的受勋礼赞！}},default,
882,|折叠=是}},default,
