﻿line_number,content,category,character
1,<div class=poke-bg>,default,
2,{{成就合集|与你同行的回忆|编号=08}},default,
3,<!--  新成就添加方式：）,content,新成就添加方式
4,{{成就|成就名,default,
5,|说明=成就说明,default,
6,|补充说明=补充说明（灰色字体部分）,default,
7,|奖励=数量,default,
8,|攻略=成就完成提示,default,
9,|版本=1.0版本不需要填写,default,
10,|隐藏=隐藏任务填写是，非隐藏无需填写,default,
11,|注释=成就名称neta说明等,default,
12,}},default,
13,空白复制模板如下：,content,空白复制模板如下
14,{{成就||说明=|补充说明=|奖励=|攻略=|版本=|隐藏=}},default,
15,-->,default,
16,{{左侧目录|开始}},default,
17,{{成就|猜猜我是谁|说明=完成同行任务「知名不具」|奖励=5|类别=同行任务}},default,
18,{{成就|少年阿兰之烦恼|说明=完成同行任务「阴差阳错」|奖励=5|注释=《少年维特之烦恼》（歌德）|类别=同行任务}},default,
19,{{成就|贤者的礼物|说明=完成同行任务「虎克的礼物」|奖励=5|注释=《麦琪的礼物》（欧·亨利）|类别=同行任务}},default,
20,{{成就|城郊静悄悄|说明=完成同行任务「风雪免疫」|奖励=5|类别=同行任务}},default,
21,{{成就|克拉拉与太阳|说明=完成同行任务「难得有情」|奖励=5|注释=《克拉拉与太阳》（石黑一雄）|类别=同行任务}},default,
22,{{成就|泪水流逝|说明=完成同行任务「只是孩子」|奖励=5|注释=《As Tears Go By》（滚石乐队）|类别=同行任务}},default,
23,{{成就|完美无缺的名侦探|说明=完成同行任务「异邦骑士」|奖励=5||注释=《完美无缺的名侦探》（西泽保彦）|版本=1.1|隐藏=是|类别=同行任务}},default,
24,{{成就|剑中魁首|说明=完成同行任务「霜刃一试」|奖励=5|版本=1.1|隐藏=是|类别=同行任务}},default,
25,{{成就|再见，朋克洛德！|说明=完成同行任务「朋克洛德精神」|版本=1.1|隐藏=是|奖励=5|类别=同行任务}},default,
26,{{成就|棺材舞者|说明=见证罗刹的不为人知的一面|补充说明=查看修复后的影像，听到罗刹的独白|版本=1.1|奖励=5|攻略=完成任务后阅读净砚的短信，再次调查地衡司中的四方览镜|类别=同行任务}},default,
27,{{成就|折翼纸鸢与高飞的鸟|说明=完成同行任务「因为我已触碰过天空」|版本=1.2|奖励=5|隐藏=是|类别=同行任务}},default,
28,{{成就|自由意志/真正的自由意志|说明={{颜色|描述2|'''【二选一】'''}}完成同行任务「陌生女人的来信」|补充说明=你选择了帮助卡芙卡/你选择了离开卡芙卡，很少有人会这么做，但这就是你拥有自由意志的明证|奖励=5|版本=1.2|隐藏=是|类别=同行任务}},default,
29,{{成就|忘川之水何其苦|说明=完成同行任务「全面回忆」|版本=1.3|奖励=5|注释=出自丹·西蒙斯所著《海伯利安》|类别=同行任务}},default,
30,{{成就|雪原的原风景|说明=完成同行任务「比雪原更遥远」|版本=1.3|奖励=5|注释=《故乡的原风景》（宗次郎）|类别=同行任务}},default,
31,{{成就|旧时雨露|说明=完成同行任务「龙返其乡」|版本=1.3|奖励=5|类别=同行任务}},default,
32,"{{成就|只剩下雪白的灰|说明=完成同行任务「我的挚爱，我的血肉」|版本=1.3|奖励=5|注释=<span lang=""ja"">燃え尽きたぜ…真っ白にな…</span>，日本漫画《明日之丈》的名台词|类别=同行任务}}",default,
33,{{成就|剑折铸复良|说明=完成同行任务「云无留迹」|奖励=5|版本=1.4|注释=月缺魄易满，剑折铸复良。——（宋）梅尧臣《古意》<br>[https://so.gushiwen.cn/mingju/juv_53dfb8f3aa65.aspx 译]：月亮缺了它的辉光很容易会盈满，宝剑折断经过重铸会再次复原。|类别=同行任务}},content,译
34,{{成就|百战天虫|说明=完成同行任务「宇宙幻觉之夜」|奖励=5|版本=1.5|注释=MacGruber，美国喜剧节目《周六夜现场》的经典段子|类别=同行任务}},default,
35,{{成就|只待明日|说明=在任务「小虎克的宝贝」中找到所有尤利安的物品|隐藏=是|奖励=5|类别=同行任务}},default,
36,{{成就|软件体的生命周期/趁生命气息逗留|说明='''{{颜色|描述2|【二选一】}}'''在任务「难得有情•其二」中选择不格式化/格式化小机器人|隐藏=是|奖励=5|《软件体的生命周期》(姜峯楠 Ted Chiang)《趁生命气息逗留》（罗杰·泽拉兹尼 Roger Zelazny）|类别=同行任务}},default,
37,{{成就|安逸的晚间七点|说明=完整收听1期《星际和平播报》|版本=1.3|奖励=5|类别=探索}},default,
38,{{成就|十七岁的地图|说明=在任务「宓堂空境」中集齐关于艾丝妲的阅读物|隐藏=是|奖励=5|注释=《十七岁的单车》（王小帅）|类别=探索}},default,
39,{{成就|钻石与铁锈|说明=在任务「致•黯淡星」中选择将转译录交给伯纳德|隐藏=是|奖励=5|攻略=完成任务后与伯纳德对话|注释=《Diamond & Rust》（琼·贝兹）|类别=冒险任务}},default,
40,{{成就|再见了，猎彗人|说明=在任务「触不可及」中收集三封「猎彗人来信」|隐藏=是|奖励=5|类别=冒险任务}},default,
41,{{成就|她是否一人独行？|说明=完成任务「向导佯缪」，见证仿生人的结局|隐藏=是|奖励=5|注释=《她是否一人独行？》（森博嗣）|类别=冒险任务}},default,
42,{{成就|第六类接触|说明=在任务「安魂弥撒」中获得与呜呜伯对话的能力|隐藏=是|奖励=5|注释=人类目击不明飞行物体的事件的一种等级|类别=冒险任务}},default,
43,{{成就|随用随弃|说明=在空间站里找到所有的黑塔并和她对话|隐藏=是|奖励=5|类别=探索}},default,
44,{{成就|为了忘却的纪念|说明=寻访科员荣仓终的纪念碑|隐藏=是|奖励=5|注释=《为了忘却的记念》（鲁迅）|类别=冒险任务}},default,
45,{{成就|滴——下班卡！|说明=将空间站的小机器人关机6次|隐藏=是|奖励=5|类别=探索}},default,
46,{{成就|新世界的大门|说明=使用奇物「新世界的大门」|隐藏=是|奖励=5|类别=探索}},default,
47,{{成就|只是个数字|说明=使用奇物「定分枪」|隐藏=是|奖励=5|类别=探索}},default,
48,{{成就|王权无永恒|说明=使用奇物「不可承受之重」，并破解神秘声音的内容|隐藏=是|奖励=5|类别=探索}},default,
49,{{成就|因材施浇|说明=与奇怪的植物对话，并在第二天继续拜访他|隐藏=是|奖励=5|类别=探索}},default,
50,{{成就|贪婪心理学|说明=在任务「生存智慧」中拿到真正的宝藏|隐藏=是|奖励=5|类别=冒险任务}},default,
51,{{成就|公德充沛|说明=与公物保卫者对峙，让他知道阻止你的代价（或者卑微地认错）。|隐藏=是|奖励=5|类别=探索}},default,
52,{{成就|外乡人|说明=将在铆钉镇找到的八音盒交还给它心碎的主人。|隐藏=是|奖励=5|类别=探索}},default,
53,{{成就|50信用点？！|说明=集齐被张贴在贝洛伯格各个角落的列车组成员通缉令。|隐藏=是|奖励=5|攻略=可获得相关彩蛋头像{{图标|通缉令}}|类别=探索}},default,
54,{{成就|亮亮的，滑滑的|说明=获得3枚古老的钱币|隐藏=是|奖励=5|类别=探索}},default,
55,{{成就|一路向…西北|说明=在雅利洛-Ⅵ的星球仪上找到…呃…帕姆？|隐藏=是|奖励=5|注释=《一路向北》（周杰伦）|类别=探索}},default,
56,{{成就|拆弹部队|说明=解决贝洛伯格缆车站危机的同时规避道德风险|隐藏=是|奖励=5|类别=探索}},default,
57,{{成就|梦开始的地方|说明=回到曾存放星核的房间，唤醒一段模糊的记忆|隐藏=是|奖励=5|类别=探索}},default,
58,{{成就|急人之所急|说明=找到逻辑语言中枢，并将其交给业余机械师菲多拉|隐藏=是|奖励=5|类别=探索}},default,
59,{{成就|诚实的好孩子|说明=通过神秘的科员设下的道德考验。|隐藏=是|奖励=5|类别=探索}},default,
60,{{成就|曼德拉效应|说明=与贝洛伯格的「后巷」接触|隐藏=是|奖励=5|注释：曼德拉效应（心理学效应）|类别=探索}},content,注释
61,{{成就|不干不净，吃了没病|说明=在与歌德大饭店的掌柜歌蒂的对话中取得炒饭的食谱|隐藏=是|奖励=5|类别=探索}},default,
62,{{成就|爱乐之城|说明=在与黄金歌剧院的女演员塔米拉的对话中取得留声机的乐谱|隐藏=是|奖励=5|注释=《爱乐之城（La La Land）》（达米恩·查泽雷）|类别=探索}},default,
63,{{成就|冬城陷阱|说明=完整听完一次流浪者的说唱|隐藏=是|奖励=5|类别=探索}},default,
64,{{成就|仅限12岁以上人士|说明=参加「黑暗拳斗大赛」并取得最终胜利|隐藏=是|奖励=5|注释=《崩坏：星穹铁道》的适龄提示为12+|类别=探索}},content,崩坏
65,{{成就|飞舞如蝶，蛰刺如蜂|说明=制霸磐岩镇超级联赛五大赛事|隐藏=是|奖励=10|注释= Float like a butterfly，Sting like a bee。美国拳击手穆罕默德·阿里的名言|类别=活动}},default,
66,{{成就|法外狂徒|说明=发掘埋藏在贝洛伯格行政区喷泉中的宝藏|隐藏=是|奖励=5|类别=探索}},default,
67,{{成就|平庸之恶|说明=在「庸人的容器」任务中完成所有愚者之箱谜题|隐藏=是|奖励=5|注释=The Banality of Evil，美国政治理论家汉娜·阿伦特提出的哲学概念|类别=冒险任务}},default,
68,{{成就|第四只小鼹鼠|说明=在任务「冒险鼹鼠队」中，找到所有的隐藏宝箱|隐藏=是|奖励=5|类别=冒险任务}},default,
69,{{成就|《冒险鼹鼠队》超级成长版|说明=在贝洛伯格的书商处买到《冒险鼹鼠队：隐形的宝藏》|隐藏=是|奖励=5|版本=1.1|类别=探索}},content,冒险鼹鼠队
70,{{成就|腿只是装饰而已/动起来啊…造物引擎！|说明='''{{颜色|描述2|【二选一】}}'''为造物引擎制定一份离谱/靠谱的策划案|奖励=5|版本=1.4|隐藏=是|类别=探索}},default,
71,{{成就|未来的第一步|说明=关心贝洛伯格的发展动态|补充说明=购买《矿工每周报第226期》|奖励=5|版本=1.4|类别=探索}},default,
72,{{成就|无机的智慧果|说明=获得阅读物《螺丝咕姆的留言》|奖励=5|版本=1.4|隐藏=是|类别=探索}},default,
73,{{成就|冰原熊之旅|说明=与冰原熊幼崽亲切互动|奖励=5|版本=1.4|隐藏=是|类别=探索}},default,
74,{{成就|谢谢你，佩拉|说明=帮助凡迪雅小姐完成赌注|奖励=5|版本=1.4|隐藏=是|类别=探索}},default,
75,{{成就|钢铁与玩具/钢铁与路灯|说明='''{{颜色|描述2|【二选一】}}'''把造物工程的废料交给本杰明/佩拉|奖励=5|版本=1.4|隐藏=是|类别=探索}},default,
76,{{成就|在巨像的见证下|说明=从冻结的栏杆上保住舌头|隐藏=是|奖励=5|版本=1.4|类别=探索}},default,
77,{{成就|危险动作，请勿模仿|说明=再次因打破容器受到教训|隐藏=是|奖励=5|版本=1.4|类别=探索}},default,
78,{{成就|首先，第一个|说明=拥有一个狂热粉丝|隐藏=是|奖励=5|版本=1.4|类别=探索}},default,
79,{{成就|假面的告白|说明=查看来历不明的忆泡|隐藏=是|奖励=5|版本=1.4|类别=探索}},default,
80,{{成就|冰圾淋|说明=从冰封垃圾桶中获得垃圾|隐藏=是|奖励=5|版本=1.4|类别=探索}},default,
81,{{成就|今日免费开放|说明=开启贝洛伯格历史文化博物馆的综合展区|版本=1.1|隐藏=是|奖励=5|类别=活动}},default,
82,{{成就|猫鼠游戏|说明=开启贝洛伯格历史文化博物馆的三个展区|隐藏=是|版本=1.1|奖励=5|注释=《猫鼠游戏》（斯蒂文·斯皮尔伯格）|类别=活动}},default,
83,{{成就|你应该待在博物馆里！|说明=收集贝洛伯格历史文化博物馆的全部展品|版本=1.1|隐藏=是|奖励=10|类别=活动}},default,
84,{{成就|登入名人堂|说明=在「以太战线•星际决胜庆典」中获得「冠军首席」称号|奖励=10|版本=1.4|类别=活动}},default,
85,{{成就|雪山之巅的王者|说明=在「以太战线」中，于永冬岭结束宿命的对决|奖励=5|版本=1.4|类别=活动}},default,
86,{{成就|收服以太灵了！|说明=在「以太战线」中，获得所有以太灵|奖励=5|版本=1.4|类别=活动}},default,
87,{{成就|以太战线大师|说明=在「以太战线」中，「决胜者评级」达到最高级|奖励=5|版本=1.4|类别=活动}},default,
88,{{成就|超链接路人王|说明=在「以太战线•超链接对决」中击败所有对手|奖励=5|版本=1.4|类别=活动}},default,
89,{{成就|凛风徽章|说明=在「以太战线」中完成残响回廊的决胜乐园的所有考验|奖励=5|版本=1.4|类别=活动}},default,
90,{{成就|镕金徽章|说明=在「以太战线」中完成流云渡的决胜乐园的所有考验|奖励=5|版本=1.4|类别=活动}},default,
91,{{成就|智才徽章|说明=在「以太战线」中完成空间站「黑塔」的决胜乐园的所有考验|奖励=5|版本=1.4|类别=活动}},default,
92,{{成就|假面徽章|说明=在「以太战线」中完成大矿区的决胜乐园的所有考验|奖励=5|版本=1.4|类别=活动}},default,
93,{{成就|我们是冠军？|说明=在「以太战线」中获得一场「表演赛」的胜利|奖励=5|版本=1.4|类别=活动}},default,
94,{{成就|胜利，然后是再见/结束，然后是开始|说明='''{{颜色|描述2|【二选一】}}'''在尘埃落定后归还/留下次元扑满/扑满/泡泡/毛球/白色恶魔/肥大/扑满侠/扑神|奖励=5|版本=1.4|隐藏=是|类别=活动}},default,
95,{{成就|这游戏没有版本更新吗？|说明=获得所有「以太拓展芯片」|奖励=5|版本=1.4|类别=活动}},default,
96,{{成就|雄虺蓁蓁/云骑之友|说明='''{{颜色|描述2|【二选一】}}'''见证丹枢的故事/心无旁骛地完成将军的托付|奖励=10|隐藏=是|攻略=1.2版本由开拓任务变更为冒险任务后增加云骑之友成就|注释=出自《楚辞·招魂》|类别=冒险任务}},default,
97,{{成就|朴实的生活|说明=在任务「解雇」完成后，收到芦慧的近况汇报短信|版本=1.1|隐藏=是|奖励=5|类别=冒险任务}},default,
98,{{成就|一鼓作气，再而衰，三而竭|说明=在任务「亦师亦友」完成后，收到所有铖杰热情衰退的短信|隐藏=是|奖励=5|注释=《左传·曹刿论战》的名言|类别=冒险任务}},default,
99,{{成就|赛博诈骗/杜丝先生/秘密造就女人|说明='''{{颜色|描述2|【三选一】}}'''在任务「仙舟追爱记」中，选择让狐仙投案自首/公开真实身份/继续神秘|隐藏=是|奖励=5|类别=冒险任务}},default,
100,{{成就|何枝可依/心念旧恩|说明={{颜色|描述2|'''【二选一】'''}}在任务「譬如朝露」中，向梁沐透露/隐瞒魔阴身怪物的身份|奖励=5|版本=1.1|隐藏=是|类别=冒险任务}},default,
101,{{成就|机巧鸟七故障：懒惰|说明=说服忧伤的机巧鸟回到它的本职工作|隐藏=是|奖励=5|类别=探索}},content,机巧鸟七故障
102,{{成就|千鸟在林，不如七鸟在手|说明=帮鹤运物流找回所有走失的机巧鸟|隐藏=是|奖励=5|类别=探索}},default,
103,{{成就|师出有名/上兵伐谋/一败涂地|说明='''{{颜色|描述2|【三选一】}}'''堂堂正正地赢得仙舟罗浮大胃王比赛/以不太光彩的形式赢得仙舟罗浮大胃王比赛/在仙舟罗浮大胃王比赛中落败|隐藏=是|奖励=5|类别=探索}},default,
104,{{成就|世外悠悠隔人间/慨怀潇潇任风逝|说明='''{{颜色|描述2|【二选一】}}'''与罐中仙对话，并从罐中取得「谢礼」/拒绝了仙人的「谢礼」|隐藏=是|奖励=5|注释=世外悠悠隔人间，不忍凄凄乱世烟。慨怀潇潇任风逝，云霭冉冉绕仙山。——轩辕剑贰 古月圣判词|类别=探索}},default,
105,{{成就|魔方人滚出仙舟|说明=完成魔方秘社的15个「枘凿六合」挑战|隐藏=是|奖励=5|网络名梗“谜语人滚出哥谭”|类别=探索}},default,
106,{{成就|拿这个考我啊|说明=完成魔方秘社的15个新版本的「枘凿六合」挑战|隐藏=是|奖励=5|类别=探索}},default,
107,{{成就|劳形案牍|说明=在神策府中，查看3个不同的档案柜|攻略=1.4版本由'''7个'''变更为'''3个'''|隐藏=是|奖励=5|版本=1.1|类别=探索}},default,
108,{{成就|祈祷落幕时/航班取消|说明='''{{颜色|描述2|【二选一】}}'''阻止了/帮助了奇怪的游客向星槎引擎扔硬币|隐藏=是|奖励=5|类别=探索}},default,
109,{{成就|归去来/不拾遗/贪无餍|说明='''{{颜色|描述2|【三选一】}}'''从碰瓷者那里收回被敲诈的信用点/没有从碰瓷者那里收回被敲诈的信用点/从碰瓷者那里索要过量被敲诈的信用点|隐藏=是|奖励=5|类别=探索}},default,
110,{{成就|机巧鸟七故障：色欲|说明=跟随绅士机巧鸟找到被海关扣押的画册|隐藏=是|奖励=5|类别=探索}},content,机巧鸟七故障
111,{{成就|机巧鸟七故障：暴食|说明=与不满的机巧鸟完成一次打赌|隐藏=是|奖励=5|类别=探索}},content,机巧鸟七故障
112,{{成就|机巧鸟七故障：贪婪|说明=探索由「恶龙」守护的「快递山」|隐藏=是|奖励=5|类别=探索}},content,机巧鸟七故障
113,{{成就|机巧鸟七故障：嫉妒|说明=完成充满怨气的机巧鸟挑战|隐藏=是|奖励=5|类别=探索}},content,机巧鸟七故障
114,{{成就|机巧鸟七故障：暴怒|说明=与勇敢的机巧鸟一起战胜拦路恶徒|隐藏=是|奖励=5|类别=探索}},content,机巧鸟七故障
115,{{成就|机巧鸟七故障：傲慢|说明=完成「罗浮四大恶人」（自称）的挑战|隐藏=是|奖励=5|类别=探索}},content,机巧鸟七故障
116,{{成就|愿者不上钩|说明=发现工造司两位钓鱼者之间关联|隐藏=是|奖励=5|版本=1.2|类别=探索}},default,
117,{{成就|我如何学会停止恐惧|说明=成功处理中子弹危机|隐藏=是|奖励=5|版本=1.2|注释=《奇爱博士》（斯坦利·库布里克）|类别=探索}},default,
118,{{成就|环波月古海|说明=参与1次金人驾驶员测试|隐藏=是|奖励=5|版本=1.2|注释=成就名neta《环太平洋》|类别=探索}},default,
119,{{成就|文采斐然/略输文采|说明='''{{颜色|描述2|【二选一】}}'''在格律诗人的挑战中，获得它的认可/未能获得它的认可|隐藏=是|奖励=5|版本=1.2|类别=冒险任务}},default,
120,{{成就|论心不论迹|说明=与「放生帮」共同完成1次成功的放生|隐藏=是|奖励=5|版本=1.2|类别=冒险任务}},default,
121,{{成就|论迹不论心|说明=见证「放生帮」的结局|隐藏=是|奖励=5|版本=1.2|类别=冒险任务}},default,
122,{{成就|往复不止/岔路新生|说明={{颜色|描述2|'''【二选一】'''}}向克利欧讲述/隐瞒陶德一事的真相|隐藏=是|版本=1.3|奖励=5|类别=冒险任务}},default,
123,{{成就|我，龙尊，打钱|说明=在绥园收到假冒龙尊的诈骗短信|隐藏=是|版本=1.5|奖励=5|类别=探索}},default,
124,{{成就|鬼哈哈！|说明=从绥园小鬼处获得900个谜题的奖励|隐藏=是|版本=1.5|奖励=5|类别=冒险任务}},default,
125,{{成就|何不于君指上听|说明=帮助古琴上的岁阳完成琴曲|隐藏=是|版本=1.5|奖励=5|类别=冒险任务}},default,
126,{{成就|高山与流水/学徒、儿徒和逆徒！|说明='''{{颜色|描述2|【二选一】}}'''与鬼伶合唱一曲《合巹记》，完美演出/记错唱词|隐藏=是|版本=1.5|奖励=5|类别=冒险任务}},default,
127,{{成就|灵鹫宫石壁|说明=在狐眠冢，破解墓碑上的神秘传承|隐藏=是|版本=1.5|奖励=5|类别=探索}},default,
128,{{成就|闭上我的眼|说明=在狐眠冢，遭遇墓碑主人|隐藏=是|版本=1.5|奖励=5|类别=探索}},default,
129,{{成就|金色！传奇！|说明=在帝垣琼玉新玩法中开出金色奖励！|隐藏=是|版本=1.5|奖励=5|类别=探索}},default,
130,{{成就|微暗的火/致不灭的你|说明='''{{颜色|描述2|【二选一】}}'''在文远和若昔的苦苦哀求中，坚持带走岁阳/选择放过岁阳|隐藏=是|版本=1.5|奖励=5|类别=活动}},default,
131,{{成就|直到世界尽头/煞炁镇乾坤|说明='''{{颜色|描述2|【二选一】}}'''与宝烛畅游罗浮之后，将它放归宇宙/将它封入镇妖塔|隐藏=是|版本=1.5|奖励=5|类别=活动}},default,
132,{{成就|令金人巷再次繁荣！|说明=完成任务「金戺重喧•其四」，赢下金人巷商业区竞标|隐藏=是|奖励=10|版本=1.3|类别=活动}},default,
133,{{成就|草槎借箭|说明=「金人旧巷市廛喧」中，在货运星槎上码放6个金人司阍|隐藏=是|奖励=5|版本=1.3|类别=活动}},default,
134,{{成就|降维打击|说明=「金人旧巷市廛喧」中，在物流规划的界面里点击24艘货运星槎|隐藏=是|奖励=10|版本=1.3|类别=活动}},default,
135,"{{成就|聚宝盆|说明=「金人旧巷市廛喧」中，为金人巷商会赚取1,000,000商会储值金|版本=1.3|奖励=5|类别=活动}}",default,
136,{{成就|第八号商铺|说明=「金人旧巷市廛喧」中，与霍三哥建立起商业合作|版本=1.3|奖励=5|类别=活动}},default,
137,{{成就|（系统自动发送）|说明=「金人旧巷市廛喧」中，完成「鹤运物流」的客制运单|版本=1.3|奖励=5|类别=活动}},default,
138,{{成就|隔窗索唤，市食盈笛|说明=「金人旧巷市廛喧」中，完成街巷事件「谛听寻人」|版本=1.3|奖励=5|类别=活动}},default,
139,"{{成就|千金散尽还复来|说明=「金人旧巷市廛喧」中，消费1,280,000商会储值金|隐藏=是|奖励=5|版本=1.3|类别=活动}}",default,
140,{{成就|危险荷载|说明=「金人旧巷市廛喧」中，在一艘货运星槎上码放货物达到81|隐藏=是|奖励=5|版本=1.3|类别=活动}},default,
141,{{成就|夜市：天际线|说明=「金人旧巷市廛喧」中，任意一家商铺的航线规划分数达到81|隐藏=是|奖励=5|版本=1.3|类别=活动}},content,夜市
142,{{成就|鹤运物流，使命不达|说明=调查所有金人巷的特殊快递箱|隐藏=是|奖励=5|版本=1.3|类别=探索}},default,
143,{{成就|道可道，无间道|说明=见证永仁隐藏身份的故事|隐藏=是|奖励=5|版本=1.3|类别=冒险任务}},default,
144,{{成就|铁齿铜牙|说明=聆听小小西衍的节目|奖励=5|版本=1.4|类别=探索}},default,
145,{{成就|说学逗唱|说明=聆听小往小来的节目|奖励=5|版本=1.4|类别=探索}},default,
146,{{成就|你好，世界！|说明=在「罗浮杂俎」网站上发布一条帖子|隐藏=否|版本=1.5|奖励=5|类别=活动}},default,
147,{{成就|你好，新世界！|说明=在「罗浮杂俎」网站上收获100.0万粉丝|隐藏=否|版本=1.5|奖励=10|类别=活动}},default,
148,{{成就|云笈七签|说明=掌握所有驱邪之术|隐藏=否|版本=1.5|奖励=5|类别=活动}},default,
149,{{成就|枰上棋争|说明=完成降妖辑录所有的挑战|隐藏=否|版本=1.5|奖励=10|类别=活动}},default,
150,{{成就|巡猎型/神秘型/欢愉型/均衡型博主|说明='''{{颜色|描述2|【四选一】}}'''在「罗浮杂俎」网站上发布了更多「震惊头条 / 怪谈科普 / 娱乐八卦」的帖子 / 同样多不同倾向的帖子|隐藏=是|版本=1.5|奖励=5|类别=活动}},default,
151,{{成就|「给我点赞吧！」|说明=在「罗浮杂俎」网站上累计为15个帖子点赞|隐藏=否|版本=1.5|奖励=5|类别=活动}},default,
152,{{成就|密码在手中|说明=在「罗浮杂俎」网站上累计回复超过10次|隐藏=否|版本=1.5|奖励=5|类别=活动}},default,
153,{{成就|聚是一团火，散是满天星|说明=使用「降魔机巧鸟」收集了24个逸散岁阳|隐藏=是|版本=1.5|奖励=5|类别=探索}},default,
154,{{成就|永不更新|说明=在看到黑塔的手稿广告后向黑塔催更|补充说明=|奖励=5|攻略=|版本=1.6|隐藏=是|注释=|类别=探索}},default,
155,{{成就|逃离贮囊|说明=被黑塔从禁闭舱段的实验舱中救出来|补充说明=|奖励=5|攻略=|版本=1.6|隐藏=是|注释=逃离贮囊}},default,
156,{{成就|铁王座之主/国王之手|说明='''{{颜色|描述2|【二选一】}}'''在禁闭舱段选择亲自登上「王座」/扶洞悉者登上「王座」|补充说明=|奖励=5|攻略=|版本=1.6|隐藏=是|注释=|类别=探索}},default,
157,{{成就|合格的饲养员|说明=完成冒险任务「异宠拾遗」|补充说明=|奖励=5|攻略=|版本=1.6|隐藏=否|注释=|类别=活动}},default,
158,{{成就|塔麻可吉又饿了|说明=在「异宠拾遗」中收集所有稀有造物|补充说明=|奖励=5|攻略=|版本=1.6|隐藏=否|注释=[https://toy.bandai.co.jp/series/tamagotchi/ 塔麻可吉]（拓麻歌子）是万代推出的一种掌上电子宠物|类别=活动}},default,
159,{{成就|狗仗人势|说明=协助佩佩辩倒安保机器人|补充说明=|奖励=5|攻略=|版本=1.6|隐藏=是|注释=|类别=活动}},default,
160,{{成就|反欺骗的艺术|说明=在与「管家」的激辩中获胜|补充说明=|奖励=5|攻略=|版本=1.6|隐藏=是|注释=|类别=活动}},default,
161,{{成就|绿手指|说明=在禁闭舱段的植物间累计三天拔掉杂草|补充说明=|奖励=5|攻略=|版本=1.6|隐藏=是|注释=|类别=探索}},default,
162,{{成就|戴帽子的猫|说明=救出陷于「围城」与被怪物吞下的造物|补充说明=|奖励=5|攻略=|版本=1.6|隐藏=是|注释=|类别=探索}},default,
163,{{成就|成岭成峰|说明=使用不同体型的角色观察禁闭舱段的大屏幕|补充说明=|奖励=5|攻略=|版本=1.6|隐藏=是|注释=|类别=探索}},default,
164,{{成就|不在服务区|说明=在使用终端与阮•梅远程联络时，通讯无人接听|补充说明=|奖励=5|攻略=|版本=1.6|隐藏=是|注释=|类别=探索}},default,
165,{{成就|三缺一|说明=将3个「幸运点心」摆放在同一区域|补充说明=|奖励=5|攻略=|版本=1.6|隐藏=是|注释=|类别=活动}},default,
166,{{成就|午夜的孩子|说明=将3个「垃圾糕」摆放在同一区域|补充说明=|奖励=5|攻略=|版本=1.6|隐藏=是|注释=|类别=活动}},default,
167,{{成就|物肖主人形|说明=将「拉姆之友」的照片分享给阮•梅|补充说明=|奖励=5|攻略=|版本=1.6|隐藏=是|注释=|类别=活动}},default,
168,{{成就|海盗的好朋友|说明=完成冒险任务「游辞巧饰」|补充说明=|奖励=5|攻略=|版本=1.6|隐藏=否|注释=|类别=冒险任务}},default,
169,{{成就|微物之神|说明=在「异宠拾遗」活动中收集所有的造物特征|补充说明=|奖励=5|攻略=|版本=1.6|隐藏=否|注释=|类别=活动}},default,
170,{{成就|彼此的命运|说明=获得稀有造物「墨镜猫咪」|补充说明=|奖励=5|攻略=|版本=1.6|隐藏=是|注释=|类别=活动}},default,
171,{{成就|顽疾诊断书|说明=在禁闭舱段收集齐写有真理医生留言的阅读物|补充说明=|奖励=5|攻略=|版本=1.6|隐藏=是|注释=|类别=探索}},default,
172,{{成就|请勿摇晃汽水|说明=首次使用气泡弹珠|补充说明=|奖励=5|攻略=|版本=2.0|类别=探索}},default,
173,{{成就|向着明亮的那方/他也在这阳光下长大|说明='''{{颜色|描述2|【二选一】}}'''哪怕生活充满痛苦，也绝不放手/或许…放手也是正确的选择|补充说明=|奖励=5|攻略=|版本=2.0|隐藏=是|类别=冒险任务}},default,
174,{{成就|伊甸园之东|说明=见证一位转瞬即逝的银河巨星的故事|补充说明=|奖励=5|攻略=|版本=2.0|类别=冒险任务}},default,
175,{{成就|罪与罚|说明=见证一位「好人」的故事|补充说明=|奖励=5|攻略=|版本=2.0|类别=冒险任务}},default,
176,{{成就|舞会进行时|说明=完成同行任务「假面双人舞」|补充说明=|奖励=5|攻略=|版本=2.0|类别=同行任务}},default,
177,{{成就|保护人者是前世所修善行|说明=见证一位科学家挣扎曲折的一生|补充说明=|奖励=5|攻略=|版本=2.0|注释=[https://zh.wikipedia.org/zh-cn/罗伯特·奥本海默%23後世影響 奥本海默]于三位一体核试验前引用伐致呵利《三百咏》的诗句|类别=冒险任务}},default,
178,{{成就|虚构动物学家|说明=驱散5座猎犬雕像|补充说明=|奖励=5|攻略=|版本=2.0|隐藏=是|类别=探索}},default,
179,{{成就|品味感觉|说明=「钟表把戏」能带来什么？|补充说明=在梦中引导1个人的情绪|奖励=5|攻略=|版本=2.0|类别=探索}},default,
180,{{成就|感到一阵温暖|说明=「钟表把戏」能帮人找回真正的自我|补充说明=解决1次钟表把戏的突发事件|奖励=5|攻略=|版本=2.0|类别=探索}},default,
181,{{成就|心脏怦怦直跳|说明=在梦里，就连情绪都有实体|补充说明=收集1个情绪齿轮|奖励=5|攻略=|版本=2.0|类别=探索}},default,
182,{{成就|我懂你的心|说明=你能抵御心理辅导的诱惑吗？|补充说明=在梦中引导至少5个人的情绪|奖励=5|攻略=|版本=2.0|类别=探索}},default,
183,{{成就|我的爱车|说明=在「白日梦酒店」的专属车位停放车辆|补充说明=|奖励=5|攻略=|版本=2.0|隐藏=是|类别=探索}},default,
184,{{成就|回本的路|说明=委托出租车赚得足够的收入|补充说明=|奖励=5|攻略=|版本=2.0|隐藏=是|类别=探索}},default,
185,{{成就|您拨打的号码暂时无法接通|说明=总有些地方不对外开放|补充说明=打给一个不能被接通的号码|奖励=5|攻略=|版本=2.0|类别=探索}},default,
186,{{成就|城里的酒杯/磐石的心意/了不起的香槟瓶|说明='''{{颜色|描述2|【三选一】}}'''撮合水晶杯与廉价葡萄酒/朗姆酒/金色香槟酒|补充说明=|奖励=5|攻略=|版本=2.0|隐藏=是|类别=探索}},default,
187,{{成就|勿要拾起不祥之物|说明=并非所有都市传说都只是传说|补充说明=捡到了一盘诡异的磁带|奖励=5|攻略=|版本=2.0|类别=探索}},default,
188,{{成就|格拉克斯之狼|说明=找出喷钞取款机卡顿的原因|补充说明=|奖励=5|攻略=|版本=2.0|隐藏=是|类别=探索}},default,
189,{{成就|每个赌徒都有借口|说明=见证传奇赌神的结局|补充说明=|奖励=5|攻略=|版本=2.0|隐藏=是|类别=探索}},default,
190,{{成就|堕落天使|说明=知晓浔桑的真实来历|补充说明=|奖励=5|攻略=|版本=2.0|隐藏=是|类别=探索}},default,
191,{{成就|罗生门|说明=所以…是谁撞了谁？|补充说明=目睹格拉克斯大道车祸的来龙去脉|奖励=5|攻略=|版本=2.0|类别=探索}},default,
192,{{成就|魔形皮皮西|说明=皮皮西？变形怪？|补充说明=在酒店大堂识破「皮皮西」的真身|奖励=5|攻略=|版本=2.0|类别=探索}},default,
193,{{成就|盛会之星与六苜蓿币|说明=爱和梦想究竟哪个更重要？|补充说明=了解一个被梦想撕碎的家庭的故事|奖励=5|攻略=|版本=2.0|类别=探索}},default,
194,{{成就|精神卫生|说明=保护环境，从我做起|补充说明=帮助格-蕾回收梦境中的垃圾|奖励=5|攻略=|版本=2.0|类别=探索}},default,
195,{{成就|梦的解析|说明=通过窥梦电话探视7个人的梦境|补充说明=|奖励=5|攻略=|版本=2.0|隐藏=是|类别=探索}},default,
196,{{成就|四海牌友|说明=认识所有种类的贱贱广告牌|补充说明=|奖励=5|攻略=|版本=2.0|隐藏=是|类别=探索}},default,
197,{{成就|无人交响乐|说明=当欢乐的演奏家变得更欢乐会发生什么？|补充说明=麦克斯的音乐变得更加欢乐|奖励=5|攻略=|版本=2.0|类别=探索}},default,
198,{{成就|踏上「贪饕」命途…|说明=吃掉维塔利的「脆筒舞者」|补充说明=|奖励=5|攻略=|版本=2.0|隐藏=是|类别=探索}},default,
199,{{成就|跳进兔子洞|说明=在梦境中聆听多样物品的神秘低语|补充说明=|奖励=5|攻略=|版本=2.0|隐藏=是|类别=探索}},default,
200,{{成就|天空与你之间|说明=独自重游故地|补充说明=在一切结束后，回到流萤的秘密基地|奖励=5|攻略=|版本=2.0|类别=探索}},default,
201,{{成就|看见那梯子了吗？|说明=试图爬上筑梦边境的梯子|补充说明=但是爬不上去|奖励=5|攻略=|版本=2.0|类别=探索}},default,
202,{{成就|重力泉|说明=在稚子之梦中观赏奇异的瀑布|补充说明=|奖励=5|攻略=|版本=2.0|隐藏=是|类别=探索}},default,
203,{{成就|幸运条纹人|说明=累积获得超过77个艾迪恩代币|补充说明=|奖励=5|攻略=|版本=2.0|隐藏=是|类别=探索}},default,
204,{{成就|我爱这游戏|说明=发现藏在「美梦排排乐」游戏中的终极奖励|补充说明=|奖励=5|攻略=|版本=2.0|隐藏=是|类别=探索}},default,
205,{{成就|就没有皮皮西人吗？|说明=使用比切诺更矮的我方角色与她对话|补充说明=|奖励=5|攻略=|版本=2.0|隐藏=是|类别=探索}},default,
206,{{成就|既视感|说明=在梦境中邂逅熟悉的风景|补充说明=没错，是垃圾桶！|奖励=5|攻略=|版本=2.0|类别=探索}},default,
207,{{成就|垃美西斯二世|说明=挑战「白日梦」酒店、黄金的时刻、稚子的梦、筑梦边境中全部的王下一桶|补充说明=|奖励=5|攻略=|版本=2.0|隐藏=是|敌人=王下一桶|注释=拉美西斯二世是古埃及第十九王朝的第三位法老|类别=探索}},default,
208,{{成就|后窗|说明=调查酒店中所有紧锁的房间|补充说明=|奖励=5|攻略=|版本=2.0|隐藏=是|类别=探索}},default,
209,{{成就|全民公敌|说明=精准而迅速地冒犯遇见的每位皮皮西|补充说明=尝试触摸「黄金的时刻」中所有皮皮西的绒球|奖励=5|攻略=|版本=2.0|类别=探索}},default,
210,{{成就|最「糟糕」的无名客|说明=给帕姆看看某个特定的梦泡|补充说明=|奖励=5|攻略=|版本=2.0|隐藏=是|类别=探索}},default,
211,{{成就|遥星之门|说明=冒险家还是海盗？|补充说明=倾听科琳关于宇宙的故事|奖励=5|攻略=|版本=2.0|类别=探索}},default,
212,{{成就|就是这么牛|说明=见证一个「伟大的愿景」|补充说明=收集家族成员对于筑梦边境项目的评价|奖励=5|攻略=|版本=2.0|类别=探索}},default,
213,{{成就|托拉斯之梦|说明=你看见的都是我的专利！|补充说明=帮助艾默里奇完成他的计划|奖励=5|攻略=|版本=2.0|类别=探索0}},default,
214,{{成就|现实太重，梦想太轻|说明=人类终归无法相互理解|补充说明=旁听拉洛丝与芙尔拉的对话|奖励=5|攻略=|版本=2.0|类别=探索}},default,
215,{{成就|漫长的告别|说明=愿她早日告别旧时阴霾|补充说明=见证卢•阿彻的故事|奖励=5|攻略=|版本=2.0|类别=探索}},default,
216,{{成就|食不过三|说明=在「黄金的时刻」一次性吃掉太多脆筒……|补充说明=|奖励=5|攻略=|版本=2.0|隐藏=是|类别=探索}},default,
217,{{成就|奥帝经济学|说明=人人都发钱，等于没发钱|补充说明=反复触发街头的喷钞机|奖励=5|攻略=|版本=2.0|类别=探索}},default,
218,{{成就|上座率，零|说明=令光明飞车失去它的粉丝|奖励=5|攻略=|版本=2.1|隐藏=是|类别=探索}},default,
219,{{成就|鸟，艺术，人生|说明=在朝露公馆成为观鸟大师|奖励=5|攻略=|版本=2.1|隐藏=是|注释=京·麦克利尔(Kyo Maclear)《鸟，艺术，人生》|类别=探索}},default,
220,{{成就|谷多益善|说明=获得全部4款钟表小子周边|奖励=5|攻略=|版本=2.1|隐藏=是|类别=探索}},default,
221,{{成就|林中小屋|说明=在克劳克影视乐园的某处见证五人组的的离奇经历|奖励=5|攻略=|版本=2.1|隐藏=是|类别=探索}},default,
222,{{成就|证明与反驳|说明=在交谈中以高价购买某位餐车老板的商品|奖励=5|攻略=|版本=2.1|隐藏=是|类别=探索}},default,
223,{{成就|以「我」为名的变奏曲|说明=在克劳克影视乐园与一位身形奇特的「侦探」相识|奖励=5|攻略=|版本=2.1|隐藏=是|类别=探索}},default,
224,{{成就|金衣女子|说明=调查朝露公馆中某位知名艺人的画像|奖励=5|攻略=|版本=2.2|隐藏=是|类别=探索}},default,
225,{{成就|战争之王/良心发现，十年不晚/耻辱之证|说明='''{{颜色|描述2|【三选一】}}'''将奥科萨娜绳之以法/向猎犬揭发奥科萨娜/放任奥科萨娜离开|奖励=5|攻略=|版本=2.1|隐藏=是|类别=探索}},default,
226,{{成就|大人物！|说明=在「惊梦酒吧」留下属于你的特调|奖励=10|攻略=|版本=2.1|类别=活动}},default,
227,{{成就|快乐美梦速速达|说明=帮助「惊梦酒吧」里的所有怪物解决情绪困扰|奖励=5|攻略=|版本=2.1|类别=活动}},default,
228,{{成就|各饮所需|说明=为顾客提供正确饮品的次数达到10次|奖励=5|版本=2.1|隐藏=是|类别=活动}},default,
229,{{成就|Omakase|说明=为顾客提供错误饮品的次数达到5次|奖励=5|版本=2.1|类别=活动}},default,
230,{{成就|梦核朋克酒保行动|说明=完成「惊梦酒吧」全部配方推导|奖励=5|版本=2.1|类别=活动}},default,
231,{{成就|全家福/乐园打卡|说明='''{{颜色|描述2|【二选一】}}'''在克劳克影视乐园的拍照板处拍摄一张列车组全家福/合照|奖励=5|攻略=|版本=2.1|隐藏=是|类别=探索}},default,
232,{{成就|把历史装进瓶子|说明=在热砂海选会场探秘汽水地窖的四大珍藏|奖励=5|版本=2.2|隐藏=是|类别=探索}},default,
233,{{成就|糖浆药水的故事|说明=在热砂海选会场找到汽水地窖最珍贵的窖藏|奖励=5|版本=2.2|隐藏=是|类别=探索}},default,
234,{{成就|黄金与机械…表？|说明=在热砂海选会场发现钟表小子化石为金的奥秘|奖励=5|版本=2.2|隐藏=是|类别=探索}},default,
235,{{成就|只是一道行走的影子|说明=聆听匹诺康尼大剧院舞台边八位人偶的故事|奖励=5|版本=2.2|隐藏=是|类别=探索}},default,
236,{{成就|未完的筑梦诗/不如归去|说明='''{{颜色|描述2|【二选一】}}'''劝说奥尔拉从梦境中醒来/放任奥尔拉随伙伴们离开|奖励=5|版本=2.2|隐藏=是|类别=冒险任务}},default,
237,{{成就|哈努工会的诞生|说明=在《美梦往事》的广告片《哈努兄弟大劫案》中带领所有广告牌员工逃脱|奖励=5|版本=2.2|隐藏=是|类别=活动}},default,
238,{{成就|苏乐达代言人|说明=在《美梦往事》的广告片《爱汽水的钟表小子》中踏遍所有场景中的「苏乐达地板」|奖励=5|版本=2.2|隐藏=是|类别=活动}},default,
239,{{成就|美梦小镇的魔术师|说明=在《美梦往事》的广告片《美梦仙踪》中所有镜头都完美达到导演要求|奖励=5|版本=2.2|隐藏=是|类别=活动}},default,
240,{{成就|钟表小子和他的伙伴们|说明=帮助《美梦往事》的动画师制作所有动画外传|奖励=5|版本=2.2|类别=活动}},default,
241,{{成就|Railboard100|说明=成功获得知更鸟的唱片|奖励=5|版本=2.2|类别=探索}},default,
242,{{成就|怒「海」求生|说明=帮助想要成为巨星的苏乐达|奖励=5|版本=2.2|隐藏=是|类别=探索}},default,
243,{{成就|流梦学习小组|说明=为流浪者们创造一个新家|奖励=5|版本=2.2|隐藏=是|类别=探索}},default,
244,{{成就|天使的呢喃|说明=见证「桶的令使」的结局|奖励=5|版本=2.2|隐藏=是|类别=探索}},default,
245,{{成就|他落下的羽毛|说明=帮助知更鸟找到星期日的线索|奖励=5|版本=2.2|隐藏=是|类别=探索}},default,
246,{{成就|永久性车票|说明=乘坐球笼车抵达流梦礁的神秘车站|奖励=5|版本=2.2|隐藏=是|类别=探索}},default,
247,{{成就|总而言之，很酷|说明=在流梦礁找到七个特别的井盖|奖励=5|版本=2.2|隐藏=是|类别=探索}},default,
248,{{成就|前有绝景，所以悲伤|说明=在流梦礁的电梯井内找到钟表小子的痕迹|奖励=5|版本=2.2|隐藏=是|类别=探索}},default,
249,{{成就|时间何其妙|说明=完成冒险任务「曾经，在美梦小镇…」|奖励=10|版本=2.2|类别=冒险任务}},default,
250,{{成就|所有的往事|说明=在《美梦往事》中完成所有结局的剪辑|奖励=5|版本=2.2|隐藏=是|类别=活动}},default,
251,{{成就|梦境TOP100|说明=在《美梦往事》中总集篇中观众评分达到2000分|奖励=5|版本=2.2|类别=活动}},default,
252,{{成就|溢出镜头的情感|说明=在《美梦往事》中三种观众情绪同时高于50|奖励=5|版本=2.2|类别=活动}},default,
253,{{成就|迷惘的一代|说明=在《美梦往事》中进入一次特殊剧情分支|奖励=5|版本=2.2|类别=活动}},branch_content,
254,{{成就|高成本影片|说明=在《美梦往事》中同一回合至少获得3个及以上的时间骰子6|奖励=5|版本=2.2|隐藏=是|类别=活动}},default,
255,{{成就|0点妖|说明=在《美梦往事》中进行试映会评审时，所需情绪恰好等于评审要求|奖励=5|版本=2.2|隐藏=是|类别=活动}},default,
256,{{成就|Rail Road，Take Me Home|说明=在流梦礁中，通过「钟表匠」的梦泡进入稚子的梦|奖励=5|版本=2.2|隐藏=是|类别=探索}},default,
257,{{成就|米哈伊尔，你要去哪儿？|说明=应行的路，我已行尽|补充说明=一切尘埃落定后，重回稚子的赏月地|奖励=5|版本=2.2|类别=探索}},default,
258,{{成就|箱梯游戏|说明=在流梦礁登上木箱堆叠的高山|奖励=5|版本=2.2|隐藏=是|类别=探索}},default,
259,{{成就|等待戈多|说明=耐心等待幽灵列车的到来|奖励=5|版本=2.2|隐藏=是|类别=探索}},default,
260,{{成就|可以坐一下午|说明=在流梦礁的沙发上享受片刻的歇息时间|奖励=5|版本=2.2|隐藏=是|类别=探索}},default,
261,{{成就|爱遇之城|说明=帮助广告牌「爱遇见」给它的爱人传话|奖励=5|版本=2.2|隐藏=是|类别=探索}},default,
262,{{成就|贴纸，好多贴纸|说明=「梦境护照」全部页面完成度100%|奖励=10|版本=2.3|隐藏=是|类别=探索}},default,
263,{{成就|酒店内禁止执行任务|说明=完成冒险任务「退房」|奖励=5|版本=2.3|类别=冒险任务}},default,
264,{{成就|蔷薇的葬列|说明=完成冒险任务「终末鼻烟胶卷」|奖励=5|版本=2.3|类别=冒险任务}},default,
265,{{成就|我的船长我的船|说明=完成冒险任务「云帆归心」|奖励=5|版本=2.3|类别=冒险任务}},default,
266,{{成就|未曾设想的合照|说明=「折纸小鸟对对碰」活动中，拍摄大合照|奖励=10|版本=2.3|隐藏=是|类别=活动}},default,
267,{{成就|Omega Ruby|说明=「折纸小鸟对对碰」活动中，将银狼小鸟、流萤小鸟与开拓小鸟摆放在同一侧街机上|奖励=5|版本=2.3|隐藏=是|类别=活动}},default,
268,{{成就|Alpha Sapphire|说明=「折纸小鸟对对碰」活动中，将开拓小鸟与三月小鸟摆放在相邻街机上|奖励=5|版本=2.3|隐藏=是|类别=活动}},default,
269,{{成就|根本难不倒它|说明=「折纸小鸟对对碰」活动中，单局对战内触发30次小鸟技能|奖励=5|版本=2.3|隐藏=是|类别=活动}},default,
270,{{成就|愤怒的折纸小鸟|说明=「折纸小鸟对对碰」活动中，单局对战内手动触发15次炸弹组合|奖励=5|版本=2.3|隐藏=是|类别=活动}},default,
271,{{成就|鸟！鸟！鸟！|说明=「折纸小鸟对对碰」活动中，单局对战内小鸟最高战斗力达到300|奖励=5|版本=2.3|隐藏=是|类别=活动}},default,
272,{{成就|折纸动物园|说明=「折纸小鸟对对碰」活动中，在所有自由挑战中取得胜利|奖励=5|版本=2.3|隐藏=是|类别=活动}},default,
273,{{成就|一位明星的诞生|说明=在晖长石号 / 开拓之尾号 / 塔塔洛夫号 / 飞翔时针号的舞台上安排合适的表演人员|奖励=5|版本=2.3|隐藏=是|类别=探索}},default,
274,{{成就|极品飞车|说明=在晖长石号 / 开拓之尾号 / 塔塔洛夫号 / 飞翔时针号的专属车位停放车辆|奖励=5|版本=2.3|隐藏=是|类别=探索}},default,
275,{{成就|家庭影院|说明=在晖长石号 / 开拓之尾号 / 塔塔洛夫号 / 飞翔时针号上使用放映机，并邀请列车组成员前来观看|奖励=5|版本=2.3|隐藏=是|类别=探索}},default,
276,{{成就|王下十八桶|说明=在匹诺康尼完成试炼之桶的全部挑战|奖励=5|版本=2.3|隐藏=是|类别=探索}},default,
277,{{成就|幸运特快|说明=在晖长石号 / 开拓之尾号 / 塔塔洛夫号 / 飞翔时针号上签收砂金送来的包裹|奖励=5|版本=2.3|隐藏=是|类别=探索}},default,
278,{{成就|星穹列车夜现场|说明=使用黄金扭蛋币购买小小哈努兄弟电视机，并将其安装到列车车厢内|奖励=5|版本=2.3|隐藏=是|类别=探索}},default,
279,{{成就|看不见的客人|说明=变身哈努兄弟闯入其他列车组成员的房间|奖励=5|版本=2.3|隐藏=是|类别=探索}},default,
280,{{成就|自费周边|说明=获得开拓者的船长周边玩具|奖励=5|版本=2.3|隐藏=是|类别=探索}},default,
281,{{成就|影子船长|说明=与开拓者船长的广告牌对话|奖励=5|版本=2.3|隐藏=是|类别=探索}},default,
282,{{成就|黑镜之下|说明=在控制室内，激活监控，观察晖长石号 / 开拓之尾号 / 塔塔洛夫号 / 飞翔时针号船体|奖励=5|版本=2.3|隐藏=是|类别=探索}},default,
283,{{成就|重返荣耀|说明=为晖长石号更名并更换尾翼涂装|奖励=5|版本=2.3|隐藏=是|类别=探索}},default,
284,{{成就|看不见的城市|说明=在晖长石号 / 开拓之尾号 / 塔塔洛夫号 / 飞翔时针号上使用瞭望镜|奖励=5|版本=2.3|隐藏=是|类别=探索}},default,
285,{{成就|我心永恒|说明=在晖长石号 / 开拓之尾号 / 塔塔洛夫号 / 飞翔时针号的船头远望|奖励=5|版本=2.3|隐藏=是|类别=探索}},default,
286,{{成就|完整的恐怖故事|说明=使用钟表把戏阅读贝拉的所有情绪|奖励=5|版本=2.3|隐藏=是|类别=探索}},default,
287,{{成就|恶灵附身|说明=使用钟表把戏阅读塞提芬诺的欢欣情绪|奖励=5|版本=2.3|隐藏=是|类别=探索}},default,
288,{{成就|星星的金币|说明=集齐匹诺康尼的所有黄金扭蛋币|奖励=5|版本=2.3|隐藏=是|类别=探索}},default,
289,{{成就|Captain! My Captain!|说明=首次进入晖长石号 / 开拓之尾号 / 塔塔洛夫号 / 飞翔时针号船长的专属空间|奖励=5|版本=2.3|隐藏=是|类别=探索}},default,
290,{{成就|石中剑，云中人|说明=完成同行任务「铸剑为犁」|奖励=5|版本=2.4|任务=铸剑为犁|类别=同行任务}},default,
291,{{成就|四时剑意|说明=在「初花习剑录」中，领悟任意「得心应手」以上的剑法|奖励=5|版本=2.4|类别=活动}},default,
292,{{成就|三尺之水，可堪截云|说明=在「初花习剑录」中，剑术进境达到「剑心初成」|奖励=5|版本=2.4|类别=活动}},default,
293,{{成就|奥卡姆剃刀没有出鞘|说明=在「初花习剑录」中，收集完所有的结局|奖励=5|版本=2.4|类别=活动}},default,
294,"{{成就|明明超强却过分慎重|说明=在「初花习剑录」中，三月七的4项训练属性达到1000以上|奖励=5|版本=2.4|类别=活动|注释=日本作家土日月著轻小说《这个勇者明明超强却过分慎重（<span lang=""ja"">この勇者が俺TUEEEくせに慎重すぎる</span>）》}}",default,
295,{{成就|飞越平台期|说明=在「初花习剑录」中，单回合内提升训练属性达到300点|奖励=5|版本=2.4|类别=活动}},default,
296,{{成就|初花旅游录|说明=在「初花习剑录」中，练剑日程只有游历没有训练|奖励=5|版本=2.4|类别=活动}},default,
297,{{成就|只学习不玩耍，聪明三月也变傻|说明=在「初花习剑录」中，一直训练到三月七的心情为0|奖励=5|版本=2.4|类别=活动}},default,
298,{{成就|真假开拓王|说明=与变身成自己的「无相者」嘟嘟对峙，并证明自己才是开拓者|奖励=5|版本=2.4|类别=探索|隐藏=是}},default,
299,{{成就|绳网委托|说明=帮助白鸟穿过漆黑的集装箱找到正确的通路|奖励=5|版本=2.4|类别=探索|隐藏=是}},default,
300,{{成就|仙舟导游|说明=与皮皮西游客、智械游客在罗浮仙舟重逢|奖励=5|版本=2.4|类别=探索|隐藏=是}},default,
301,{{成就|人有五名，逃犯有三|说明=将藏身于幽囚狱中的逃犯找出，并见证司狱的审判|奖励=5|版本=2.4|类别=探索|隐藏=是}},default,
302,{{成就|魔阴身考在哪里|说明=找到失踪已久的《魔阴身考》，并尝试了解失踪的原因|奖励=5|版本=2.4|类别=阅读物|书籍=魔阴身考|隐藏=是}},default,
303,{{成就|影卫信条/影卫信条：叛变|说明=初次在幽囚狱上层俯瞰幽囚狱时，选择凝视深渊/暂时撤退|奖励=5|版本=2.4|类别=探索|隐藏=是}},content,影卫信条
304,{{成就|囚室巡访|说明=启动机巧鸟，并以访客身份调查3处高层的囚室|奖励=5|版本=2.4|类别=探索|隐藏=是}},default,
305,{{成就|不存在的记忆|说明=调查特殊的石门，回想起「人有五名，代价有三个…」的情景|奖励=5|版本=2.4|类别=探索|隐藏=是}},default,
306,{{成就|陵园购|说明=在幽囚狱中与「阿合马铁窗集团」任意成员完成一次交易|奖励=5|版本=2.4|类别=探索|隐藏=是}},default,
307,"{{成就|能和我转一辈子魔方吗|说明=完成幽囚狱中全部的「枘凿六合•Remake」谜题|奖励=5|版本=2.4|类别=探索|隐藏=是|注释=TV动画《BanG Dream! It's MyGO!!!!!》中高松灯的台词“能和我组一辈子乐队吗（<span lang=""ja"">一生、バンドしてくれる？</span>）”}}",default,
308,{{成就|不要熄灭熏燃的火焰|说明=即使喝彩停息，无声者的声音也不会消逝|补充说明=协助卢卡走上竞锋守擂的舞台|奖励=10|版本=2.5|类别=活动|注释=}},default,
309,{{成就|边缘决胜者|说明=协助卢卡赢得「星天演武仪典」的全部叩关赛|奖励=5|版本=2.5|类别=活动|注释=}},default,
310,{{成就|拳愿非天|说明=以往你总是亲自上阵战斗，也该试试做「幕后黑手」了|补充说明=成为卢卡的教练|奖励=5|版本=2.5|类别=活动|注释=热血格斗漫画《拳愿阿修罗》（“非天”即“阿修罗”直译）}},default,
311,{{成就|目标是演武大师|说明=在「星天演武仪典」中，掌握全部战术|奖励=5|版本=2.5|类别=活动|注释=动画《神奇宝贝》（《精灵宝可梦》）主题曲《目标是神奇宝贝大师》}},default,
312,{{成就|梦中的斗士与公牛|说明=在「星天演武仪典」中，完成梦境训练的所有挑战|奖励=5|版本=2.5|类别=活动|注释=}},default,
313,{{成就|骑士亦可败于徒手|说明=使用我方角色卢卡在「星天演武仪典」中，对战银枝时获得胜利|奖励=5|版本=2.5|类别=活动|注释=英国圆桌骑士兰斯洛特典故“骑士不徒手而亡”，兰斯洛特在与费罗特的战斗中没有带剑，用捡到的树枝打倒了敌人。}},default,
314,{{成就|Lineal Champion|说明=使用我方角色卢卡在「星天演武仪典」中，对战彦卿时获得胜利|奖励=5|版本=2.5|类别=活动|注释=“嫡系拳王”职业拳击概念，指在某一时期内，某个体重级别中唯一且最具统治力和最权威的世界拳王。该概念旨在避免由于多个拳击组织并存而导致的头衔混乱。}},default,
315,{{成就|今日方知我是我|说明=见证有情生命最伟大的力量——选择「善」的力量|补充说明=在演武仪典遇到丹轮寺的僧侣|奖励=5|版本=2.5|类别=活动|注释=出自《水浒传》中，鲁智深圆寂时所吟偈语“钱塘江上潮信来，今日方知我是我。”}},default,
316,{{成就|后真相时代|说明=在演武仪典的擂台下，直面一场舆论风波|补充说明=协助卢卡战胜铄金的「盘外招」|奖励=5|版本=2.5|类别=活动|注释=英国学者麦克唐纳《后真相时代》。“后真相”用来描绘“客观事实在形成舆论方面影响较小，而诉诸情感和个人信仰会产生更大影响”的情形。}},default,
317,{{成就|终不似，少年游|说明=在贝洛伯格历史博物馆，见证一段来自仙舟的旧忆|补充说明= 人生自古谁无死？留取丹心照汗青。|奖励=5|版本=2.5|类别=活动|注释=宋·刘过《唐多令·芦叶满汀洲》}},default,
318,{{成就|新闻女王/今日无闻|说明='''{{颜色|描述2|【二选一】}}'''在「即使喝彩停息」中，每次赛后采访都选择卡美丽提问/有任意一次赛后采访没有选择卡美丽提问|奖励=5|版本=2.5|类别=活动|隐藏=是}},default,
319,{{成就|一根藤上七朵花|说明=在竞锋舰上，见证7个身怀绝技的孙辈营救老者|奖励=5|版本=2.5|类别=探索|隐藏=是|注释=动画《葫芦娃》主题曲歌词}},default,
320,{{成就|演武仪典二十一响|说明=在竞锋舰上，帮助老白与仁科完成心愿|奖励=5|版本=2.5|类别=探索|隐藏=是|注释=礼炮二十一响起源于英国，表示国家最高的仪式礼节。《21 Guns》也是美国摇滚乐队绿日演唱的一首流行歌曲，而相关交互事件剧情或存在对电影《流浪地球》中“春节十二响”的致敬。}},branch_content,
321,{{成就|潜龙谍影|说明=在竞锋舰上，将自己伪装成行李，并成功通过传送带|奖励=5|版本=2.5|类别=探索|隐藏=是|注释=日本KONAMI发行的游戏系列，又名《合金装备》}},default,
322,{{成就|只是一介路过的武术教练|说明=在竞锋舰上，指导正在候场练习的武者完成训练|奖励=5|版本=2.5|类别=探索|隐藏=是|注释=《假面骑士decade》经典台词“我只是一个路过的假面骑士。”}},default,
323,{{成就|行于黑暗，侍奉光明|说明=在竞锋舰上，通过机巧鸟找到潜藏在阴影中的身影|奖励=5|版本=2.5|类别=探索|隐藏=是|注释=《刺客信条》经典台词}},default,
324,{{成就|一壶浊酒尽余欢|说明=在冒险任务「长亭外，古道边」中，为仙舟贵客送行，并迎接出差归来的符玄|奖励=5|版本=2.5|类别=冒险任务|注释=李叔同《送别》}},default,
325,{{成就|空中营救|说明=在竞锋舰上，经历一次想象中的舰船遇难事件|奖励=5|版本=2.5|类别=探索|隐藏=是|注释=2014年上映的悬疑动作片}},default,
326,{{成就|余料建造|说明=在竞锋舰上，开发玩具飞剑的无穷潜力|奖励=5|版本=2.5|类别=探索|注释=“余料建造”是游戏《塞尔达传说：王国之泪》中的一项能力，可以将材料或环境中的物体附加到武器、盾牌或木箭上，发挥不同作用。}},content,塞尔达传说
327,{{成就|可供交易的崇高客体|说明=用金钱换道德…这道德吗？|奖励=5|版本=2.5|类别=探索|注释=“崇高客体”是拉康理论中的一个重要概念，是“被抬到(不可能的-实在界的)原物层面的客体”。}},default,
328,{{成就|抛开世事断愁怨|说明=向北丐展示南帝的结局|奖励=5|版本=2.5|类别=探索|隐藏=是|注释=“东邪、西毒、南帝、北丐、中神通”为金庸武侠小说《射雕英雄传》中顶尖的武林高手，合称“五绝”。“抛开世事断愁怨”出自83版《射雕英雄传》电视剧主题曲《铁血丹心》歌词。}},default,
329,{{左侧目录|结束}},default,
330,</div>,default,
