﻿line_number,content,category,character
1,{{提示|蓝色|宽度=100%|如果选择选项下面对话没变不是BUG了，而是游戏本身对话就是一样的。}},option,开拓者
2,{{任务|任务名称=永冬城之夜,default,
3,|任务地区=雅利洛-Ⅵ,default,
4,|任务类型=开拓任务,default,
5,|所属版本=1.0,default,
6,|任务描述=坏消息是，你的「好哥们」桑博抛弃了你，留下你独自面对银鬃铁卫戍卫官——杰帕德•朗道；好消息是，面前这位威风凛凛的军人似乎没那么死板。<br>,default,
7,你成功说服了杰帕德，令他相信你们来自天外世界。他承诺会护送你前往贝洛伯格的大守护者之所在。<br>,default,
8,这一切看起来是那么恰到好处…别怀疑，跟着银鬃铁卫们走就是了。,default,
9,|奖励={{图标|里程|600}}{{图标|冒险记录|3}}{{图标|凝缩以太|1}}{{图标|信用点|6000}},default,
10,|任务条件=完成[[如果在冬夜，一群旅人]],default,
11,|开放等级=0,default,
12,|出场人物=杰帕德、丹恒、三月七、布洛妮娅、希露瓦、佩拉、可可利亚,default,
13,|相关道具=,default,
14,|系列任务=于枯索的冬夜里,default,
15,|任务编号=03,default,
16,|前置任务=*[[如果在冬夜，一群旅人]],default,
17,|后续任务=*[[躲得过初一，躲不过十五]],default,
18,|任务流程=*跟随杰帕德•朗道前往守护者的居所,default,
19,*参观永冬铭碑,default,
20,*拜访「永动」机械屋,default,
21,*去歌德宾馆周围看看,default,
22,*回到歌德宾馆休息,default,
23,*上床睡觉,default,
24,*调查宾馆外的骚动,default,
25,*与宾馆外的银鬃铁卫对峙,default,
26,}},default,
27,==剧情内容==,default,
28,=== 跟随杰帕德•朗道前往守护者的居所 ===,default,
29,{{任务描述|坏消息是，你的「好哥们」桑博抛弃了你，留下你独自面对银鬃铁卫戍卫官——杰帕德•朗道；好消息是，面前这位威风凛凛的军人似乎没那么死板。<br>,default,
30,你成功说服了杰帕德，令他相信你们来自天外世界。他承诺会护送你前往贝洛伯格的大守护者之所在。<br>,default,
31,这一切看起来是那么恰到好处…别怀疑，跟着银鬃铁卫们走就是了。}},default,
32,{{折叠|折叠=是|标题=距离杰帕德过远|内容=（跑太远的话，卫兵肯定会起疑心…还是跟上杰帕德吧。）}},default,
33,{{折叠|折叠=是|标题=待机文本（崇拜杰帕德的孩子）|内容=,default,
34,崇拜杰帕德的孩子：看啊，是杰帕德大人回来了！<br>,content,崇拜杰帕德的孩子
35,崇拜杰帕德的孩子：真威风啊…我以后也想成为和他一样强壮的银鬃铁卫！}},content,崇拜杰帕德的孩子
36,{{折叠|折叠=是|标题=待机文本（凑热闹的市民）|内容=,default,
37,凑热闹的市民：发生什么了？怎么这么大阵仗……<br>,content,凑热闹的市民
38,凑热闹的市民：跟在戍卫官后面那几个人是谁？快看他们的打扮啊，真稀奇……}},content,凑热闹的市民
39,*丹恒：我们在城外见到了奇怪的生物…它们来自被侵蚀的空间「裂界」，对吗？,content,丹恒
40,*杰帕德：你们居然知道…是的。寒潮以外还有许多威胁，你们见到的怪物就是其中之一。,content,杰帕德
41,*丹恒：那种生物很少走出裂界，这说明你们星球遭到的侵蚀已经很严重了。,content,丹恒
42,*杰帕德：银鬃铁卫一直在与之作战，但局势并不乐观…待面见大守护者后，我希望能就此事询问你们的意见。我们缺少情报。,content,杰帕德
43,{{折叠|折叠=是|标题=额外对话（打听的市民）|内容=,default,
44,*打听的市民：喂？之前跟你们说话的军官，是杰帕德•朗道大人吗？,content,打听的市民
45,{{剧情选项,default,
46,|选项1=没错，就是他。,option,开拓者
47,|剧情1=*打听的市民：哎，我就说是他，没敢去打招呼！要是刚才把他叫住就好了。,branch_content,打听的市民
48,*打听的市民：杰帕德大人那么英明果决，而且还出身高贵…他肯定会帮我的。,content,打听的市民
49,|选项2=他是个怎样的人？,option,开拓者
50,|剧情2=*打听的市民：杰帕德大人？他可是出身高贵的银鬃铁卫戍卫官，那个出名的朗道家的公子！,branch_content,打听的市民
51,*打听的市民：要是能把我的情况告诉他，他肯定会帮我的。}},content,打听的市民
52,*打听的市民：唉，想那么多也没用，机会已经错过了…还是接着排队吧。}},content,打听的市民
53,{{折叠|折叠=是|标题=额外对话（担忧的市民）|内容=,default,
54,*担忧的市民：怎么办，只有守护者大人能帮我了……}},content,担忧的市民
55,{{折叠|折叠=是|标题=额外对话（嚣张的市民）|内容=,default,
56,*嚣张的市民：怎么了，有事吗？要情愿就到后面排队去，别想着插队。}},content,嚣张的市民
57,{{折叠|折叠=是|标题=额外对话（抱怨的市民）|内容=,default,
58,*抱怨的市民：这大长队一动不动，到底还得等多久啊……}},content,抱怨的市民
59,----,default,
60,:{{颜色|描述|跟随杰帕德到了克里珀堡…}},default,
61,*杰帕德：到了。,content,杰帕德
62,*杰帕德：这就是克里珀堡，贝洛伯格的心脏，筑城者的总部。,content,杰帕德
63,{{剧情选项,default,
64,|选项1=克里珀堡？,option,开拓者
65,|剧情1=*杰帕德：{{注音|克里珀|星神}}是「存护」的象征。筑城者们在祂的感召下建立起了贝洛伯格，从天灾和寒潮之中保护了文明的火种。,branch_content,杰帕德
66,*杰帕德：为示尊崇，我们以那位星神为这座堡垒命名。受克里珀庇护的筑城者们也一直引领着这座城市前进，对抗来自外界的种种灾难。,content,杰帕德
67,|选项2=筑城者？,option,开拓者
68,|剧情2=*杰帕德：他们是人类的救星。早在寒潮到来之前，筑城者们顶着世人的不解和讥笑，坚持在此地建造城池，历史证明他们的选择是正确的。,branch_content,杰帕德
69,*杰帕德：筑城者以「存护」的星神克里珀为这座堡垒命名。在他们的引领下，人类抵御了外敌的攻势，挡住了寒潮，如今也在对抗来自裂隙的侵蚀。,content,杰帕德
70,}},default,
71,*杰帕德：这座堡垒也是「大守护者」的住处。,content,杰帕德
72,*三月七：「大守护者」？,content,三月七
73,*杰帕德：就是由筑城者推举任命的贝洛伯格领袖，她们世代守望这座城市，为人民提供庇护。,content,杰帕德
74,*杰帕德：现任的守护者是可可利亚•兰德大人，城市内的一切重大决策都由她颁布。,content,杰帕德
75,*三月七：喔…听上去真是位大人物啊。,content,三月七
76,*杰帕德：我这就带你们去参见可可利亚大人，各位可以预先组织一下语言。她的时间宝贵，所以偏好言简意赅的汇报。,content,杰帕德
77,*三月七：咦、咦？！这么快就要去见她了吗？我能先找个地方梳洗一下吗？,content,三月七
78,{{剧情选项,default,
79,|选项1=也带我一个。,option,开拓者
80,|剧情1=*丹恒：别浪费时间了，没人会注意到的。,branch_content,丹恒
81,|选项2=还好，发型没乱。,option,开拓者
82,|剧情2=*丹恒：不过是沾了点雪，没人会注意到的。,branch_content,丹恒
83,|选项3=有什么需要注意的礼节吗？,option,开拓者
84,|剧情3=*杰帕德：不必感到拘束，守护者大人并不在意那些繁文缛节。何况你们初来乍到，不熟悉贝洛伯格的礼数也再正常不过。,branch_content,杰帕德
85,}},default,
86,*杰帕德：我派使者提前传了话，可可利亚大人应该已经知道你们的来头了。跟我走吧。,content,杰帕德
87,----,default,
88,:{{颜色|描述|跟着杰帕德面见「大守护者」…}},default,
89,:{{颜色|描述|当你们到达时似乎有人正在面见「大守护者」…}},default,
90,*布洛妮娅：…但是，这样的牺牲毫无意义，您不可以——,content,布洛妮娅
91,*可可利亚：你可以退下了，布洛妮娅，访客到了。,content,可可利亚
92,*布洛妮娅：……,content,布洛妮娅
93,*布洛妮娅：是，母亲大人。,content,布洛妮娅
94,*杰帕德：守护者大人——我带三位「{{注音|外来者|星际旅行者}}」前来参见。,content,杰帕德
95,*可可利亚：使者已经把情况告诉我了。做得很好，杰帕德，你也可以退下了。,content,可可利亚
96,*可可利亚：欢迎，从寒潮之外…不，从天外而来的访客，对么？,content,可可利亚
97,*可可利亚：我是可可利亚•兰德，贝洛伯格的守护者。在此聆听各位的来意。,content,可可利亚
98,{{剧情选项,default,
99,|选项1=不怀疑我们的身份吗？,option,开拓者
100,|选项2=你相信我们来自天外？,option,开拓者
101,}},default,
102,*可可利亚：难道你很希望我怀疑吗？对自己声称的身份，就这么没有自信？不，我不怀疑。我看得出你们并非这个世界的人。,content,可可利亚
103,*可可利亚：「筑城者」牢记历史，方能坚定己心；我知道在遥远的过去，在寒潮降临，在「军团」入侵之前，这个世界曾经无比繁荣……,content,可可利亚
104,*可可利亚：星神将我们的星球与其它世界相连，我们得知了浩瀚银河中的无数可能，也听说了「琥珀王」克里珀——在祂的注视下，我们开始筑建城墙。,content,可可利亚
105,*可可利亚：…所以，不用惊讶。尽管七百年来「筑城者」再未得到过来自星空的消息，但我知道你们的存在。说出来意吧，我听着。,content,可可利亚
106,{{剧情选项,default,
107,|选项1=我们想帮助你们。,option,开拓者
108,|选项2=我们来开拓这颗星球。,option,开拓者
109,|剧情2=*三月七：…你说这个谁懂啦！,branch_content,三月七
110,}},default,
111,*丹恒：我们来此，是为了一颗叫做「星核」的东西。,content,丹恒
112,*可可利亚：星核？,content,可可利亚
113,*丹恒：那是一种突然降落在各个世界的物质，它的出现就意味着灾祸。我们途经的许多星球都遭受了星核的毒害。,content,丹恒
114,*丹恒：您刚刚提到了「反物质军团」入侵；它们到来后不久，这颗星球就出现了「寒潮」；而寒潮诞生时，被称为「裂界」的空间侵蚀现象就发生了，是吗？,content,丹恒
115,*可可利亚：…没错。,content,可可利亚
116,{{剧情选项,default,
117,|选项1=「毁灭」的星神播散了星核。,option,开拓者
118,|剧情1=*三月七：所以反物质军团经常与星核一同出现！被种下星核的世界就会诞生裂界，至于寒潮嘛…应该是星核根据你们星球的情况创造的灾祸。,branch_content,三月七
119,|选项2=「寒潮」是星核创造的灾祸。,option,开拓者
120,|剧情2=*三月七：星核在每个星球上制造的灾祸都不一样，但每个被种下星核的世界都会诞生裂界。,branch_content,三月七
121,|选项3=「裂界」是星核造成的现象。,option,开拓者
122,|剧情3=*三月七：星核在每个星球上制造的灾祸都不一样，但每个被种下星核的世界都会诞生裂界。,branch_content,三月七
123,}},default,
124,*三月七：你可以把我们当作进行星际旅行的热心肠人士，专门向被星核困扰的世界伸出援手！,content,三月七
125,*可可利亚：……,content,可可利亚
126,*可可利亚：你们把当前的情况分析得很清楚。没错，我们的确遭遇了这些灾祸，有些至今仍是我们的麻烦…但那与各位有什么干系？,content,可可利亚
127,*可可利亚：即使真的有这么一颗「星核」…它引来了灾厄，我也看不出这与各位的关联。我不相信有人会大费周折帮助一个与自己不相干的世界，还毫无所图。,content,可可利亚
128,*丹恒：你说的没错，我们之所以会来寻求合作，归根结底是因为大家的利益一致——如果不封印「星核」，我们也无法离开这个星球。,content,丹恒
129,{{剧情选项,default,
130,|选项1=请让我们助您一臂之力。,option,开拓者
131,|剧情1=*三月七：对，我们可是很厉害的！,branch_content,三月七
132,|选项2=请帮助我们找到星核。,option,开拓者
133,|剧情2=*三月七：只要干掉星核，你们的世界也会更安全！,branch_content,三月七
134,}},default,
135,*可可利亚：你们…有办法封印那个叫「星核」的东西？,content,可可利亚
136,*丹恒：我们有相应的手段。,content,丹恒
137,*可可利亚：好，我相信你们。如果现状真的和这所谓星核有关，各位的到来将是贝洛伯格等待了七百年的希望。我愿意提供一切可能的援助，帮各位找到星核。,content,可可利亚
138,*可可利亚：时候不早了，各位也累了吧。我安排你们入住城中最舒适的旅店休息，好好睡上一觉。明天中午我会派人邀请各位，我们好好地商议这件要事。,content,可可利亚
139,{{剧情选项,default,
140,|选项1=谢谢您，「大守护者」。,option,开拓者
141,|剧情1=*可可利亚：应是我谢谢你们，来自天外的客人。,branch_content,可可利亚
142,|选项2=我们想四处逛逛。,option,开拓者
143,|剧情2=*可可利亚：没问题，你们是贝洛伯格的贵客，拥有最高的权限。,branch_content,可可利亚
144,}},default,
145,*可可利亚：我也需要点时间，调查一下所有可能与「星核」有关的记载…恕不远送。,content,可可利亚
146,:{{颜色|描述|转身离开「大守护者」的办公室前，你回头瞥了一眼…}},default,
147,:{{颜色|描述|…而你们走后，一个晦涩难懂的声音出现，而「大守护者」竟能与之对话…}},default,
148,*？？？：……,content,
149,*可可利亚：…我当然明白。,content,可可利亚
150,*可可利亚：不必着急，我自有办法。,content,可可利亚
151,----,default,
152,:{{颜色|描述|你们离开办公室后来到广场上，见到了杰帕德…}},default,
153,*杰帕德：「大守护者」似乎对你们青睐有加。我得到命令，不必再限制你们的行动。,content,杰帕德
154,{{剧情选项,default,
155,|选项1=那位女士好威严啊。,option,开拓者
156,|剧情1=*三月七：毕竟是一城之主嘛！领袖派头十足！真酷啊。,branch_content,三月七
157,|选项2=她还挺通情达理的。,option,开拓者
158,|剧情2=*三月七：说实话，我都没想到会这么顺利。,branch_content,三月七
159,}},default,
160,*杰帕德：哈哈，我还有公务在身，马上就要返回驻区。希望你们在贝洛伯格愉快。,content,杰帕德
161,*三月七：等一下，能推荐些景点给我们吗？时间还早，咱还想在这儿多逛逛。,content,三月七
162,*杰帕德：要说值得一瞧的地方，应是黄金歌剧院和历史博物馆。不过博物馆是需要凭证件进入的……,content,杰帕德
163,*杰帕德：我建议你们先去参观永冬铭碑，它是贝洛伯格最具象征意义的地标。,content,杰帕德
164,*杰帕德：要是你们对音乐感兴趣，可以去「永动」机械屋，那里偶尔会有露天演出。演出者…唔，你们自己看吧。,content,杰帕德
165,*杰帕德：还有，要入住歌德宾馆的话，请务必记得绕开它旁边那条铁卫驻扎的巷子。那里近期受到了裂界侵蚀的影响，已经被封锁了。,content,杰帕德
166,*丹恒：侵蚀已经接近城市内部了吗…情况很严峻啊。,content,丹恒
167,*杰帕德：嗯，我们正在与之对抗…告辞了，祝你们一切顺利。,content,杰帕德
168,,default,
169,=== 拜访「永动」机械屋 ===,default,
170,{{任务描述|那位戍卫官的言语犹在耳畔：坚定的「筑城者」们建立了这永屹之城；贝洛伯格虽受风雪侵凌，却永远温暖…<br>,content,那位戍卫官的言语犹在耳畔
171,他引用典籍的奇怪语调已经深深烙进了你的脑海…但愿这不会影响你享受高档酒店的床榻。<br>,default,
172,话说回来，距离夜幕降临还有段时间，你不妨在这古老的城市中随意游览一番。}},default,
173,*三月七：「永动」机械屋到啦——哎，杰帕德不是说这里有演出吗？,content,三月七
174,*丹恒：他的原话是「偶尔会有演出」，你把最关键的两个字给屏蔽了。,content,丹恒
175,*三月七：可恶，我好感兴趣啊……,content,三月七
176,*三月七：对了，你们看那边，刚才我就想吐槽了——这个城市好怪哦，为什么要把加热器堆在屋子外面呀？,content,三月七
177,*三月七：正常来说，供暖用的设备不是都该装在室内才对嘛？,content,三月七
178,{{剧情选项,default,
179,|选项1=是想靠这玩意抵御寒潮吗？,option,开拓者
180,|剧情1=*三月七：…照你这么说，这群「筑城者」还挺天真的嘛。,branch_content,三月七
181,|选项2=屋里没准也有呢。,option,开拓者
182,|剧情2=*三月七：倒也有可能，只是感觉有点儿浪费能源。,branch_content,三月七
183,*三月七：说不定那群「筑城者」是想靠这些加热器抵御寒潮呢！,content,三月七
184,}},default,
185,*丹恒：星核带来的灾害，小小的加热器怕是无能为力。,content,丹恒
186,*打扮显眼的女人：哈，你们对着坏掉的加热器，还能聊这么久呢？,content,打扮显眼的女人
187,*三月七：哇噢，好帅气的姐姐！,content,三月七
188,{{剧情选项,default,
189,|选项1=嗨，你好。,option,开拓者
190,|剧情1=*打扮显眼的女人：你好啊。我叫希露瓦，是这家机械屋的主人。,branch_content,打扮显眼的女人
191,|选项2=坏掉了？,option,开拓者
192,|剧情2=*打扮显眼的女人：对啊，你们摸摸看就知道了。冰冰凉的，我正打算动手修理呢。,branch_content,打扮显眼的女人
193,*打扮显眼的女人：忘了自我介绍了，我叫希露瓦，是这家机械屋的主人。,content,打扮显眼的女人
194,}},default,
195,*希露瓦：有什么坏掉的设备可以找我，但我不保证有兴趣修喔。,content,希露瓦
196,*三月七：没有没有，我只是有点好奇这个加热器……,content,三月七
197,*希露瓦：加热器…好奇？这不就是个普通的地髓供暖器吗，行政区里到处都是。,content,希露瓦
198,{{剧情选项,default,
199,|选项1=我们初来乍到，看什么都新鲜。,option,开拓者
200,|剧情1=*希露瓦：…初来乍到？,branch_content,希露瓦
201,|选项2=机械屋放台坏机器，是负面宣传。,option,开拓者
202,|剧情2=*希露瓦：哈？这有什么，人人都知道我这家机械屋是什么风格……,branch_content,希露瓦
203,}},default,
204,*希露瓦：啊，我知道了！听一个嘴巴不严实的铁卫说，有几位「外来者」跟可可利亚见了一面——就是你们吧？,content,希露瓦
205,*希露瓦：这可真是稀客！来来来，加热器也好什么也好，姐姐都跟你们好好聊聊~,content,希露瓦
206,----,default,
207,:{{颜色|描述|进入机械屋…}},default,
208,*希露瓦：你们在外面看见的，是贝洛伯格最常见的地髓供暖器，别看外观不起眼，它可是人们的生命保障。,content,希露瓦
209,*希露瓦：外面的风雪这么厉害，要是没有靠谱的供暖手段，贝洛伯格上下早就变成一座死城了。,content,希露瓦
210,{{剧情选项,default,
211,|选项1=「地髓」是什么？,option,开拓者
212,|图标1=对话,default,
213,|剧情1=*希露瓦：是我们这儿特产的矿石能源，大到城市供暖，小到手里的计数器，全都是用地髓供能的。,branch_content,希露瓦
214,*希露瓦：地髓长在这颗星球的地表之下，由下层区的专业矿队开采，然后通过输运管线送到地上。相对的，上层区会通过同样的管线，把地表才有的支援物资送到地下去。,content,希露瓦
215,|选项2=贝洛伯格「上下」？,option,开拓者
216,|图标2=对话,default,
217,|剧情2=*希露瓦：你们不知道吗？贝洛伯格这座城市的结构，就像连接在一起的两个大圆盘，上层区负责行政跟贸易，下层区负责能源供给和资源开采。,branch_content,希露瓦
218,*希露瓦：不过，因为多年前的一条命令，上下层区已经很多年没有人员往来了……,content,希露瓦
219,*希露瓦：…嗐，说这些干嘛？全当我在自言自语吧。,content,希露瓦
220,|选项3=供暖器为什么在外面？,option,开拓者
221,|图标3=对话,default,
222,|剧情3=*希露瓦：这就跟生火做饭一个道理啊？如果房子是口烧菜的大锅，加热器就是锅外面的灶火。,branch_content,希露瓦
223,*三月七：听她这么形容，我居然一下想不出槽点在哪……,content,三月七
224,|选项4=谢谢你的回答。,option,开拓者
225,|剧情4=*希露瓦：小事小事，你们第一次来贝洛伯格作客，能让你们感受到这座城市的热情就好。,branch_content,希露瓦
226,*希露瓦：对了，看你们也挺闲的，要不要来帮我修这台机器？就当成手工活动好了，很有趣的。,content,希露瓦
227,*开拓者：行啊，反正也没别的事。,content,开拓者
228,*希露瓦：很好！那我先给你们做个示范。,content,希露瓦
229,}},default,
230,====帮助希露瓦修理加热器====,default,
231,:{{颜色|描述|完成一次「磁流解阈」}},default,
232,*希露瓦：不错不错，手脚挺麻利呀，悟性很高！要不要考虑当我的助手？报酬可能一般，但其它方面绝对不会亏待你的。,content,希露瓦
233,{{剧情选项,default,
234,|选项1=好的，没问题。,option,开拓者
235,|剧情1=*三月七：哈？你也太经不住诱惑了吧！,branch_content,三月七
236,|选项2=请容我拒绝。,option,开拓者
237,}},default,
238,*希露瓦：哈哈哈，开个玩笑而已，别当真。,content,希露瓦
239,*希露瓦：我得接着忙了，你们再到别处去逛逛吧。机械屋随时欢迎你们光临…当然也随时欢迎你们来消费哦。,content,希露瓦
240,,default,
241,=== 参观永冬铭碑 ===,default,
242,*三月七：看，那座冰雕的外形真奇特呀！感觉跟这座城市莫名地搭调呢。,content,三月七
243,*丹恒：不管它是什么材质，反正肯定不是冰雕。,content,丹恒
244,*三月七：说的也是，这城里其实还挺暖和的。欸，那边好像还围了很多小孩子，咱们走近点看看吧？,content,三月七
245,*身着银鬃铁卫制服的女性：自我介绍一下，我是银鬃铁卫的情报官，也是「贝洛伯格历史之旅」的临时向导，佩拉格娅•谢尔盖耶夫娜。,content,身着银鬃铁卫制服的女性
246,*佩拉：大家叫我佩拉就好。,content,佩拉
247,*小朋友们：佩~拉~姐~姐~,content,小朋友们
248,{{剧情选项,default,
249,|选项1=佩~拉~姐~姐~,option,开拓者
250,|剧情1=*佩拉：…请个别大人不要若无其事地模仿小孩子！,branch_content,佩拉
251,|选项2=佩拉格娅•谢尔盖…,option,开拓者
252,|剧情2=*佩拉：…请个别大人旁听就好，这是针对孩子的历史之旅……,branch_content,佩拉
253,|选项3=（保持沉默）}},option,开拓者
254,*佩拉：好，小朋友们请看：这就是「永冬铭碑」，它是为了纪念伟大的筑城者而竖立的。,content,佩拉
255,*佩拉：筑城者是星神克里珀的追随者。是他们预见了危机，并筑起高墙，建立贝洛伯格，存护了人类文明的火种。直到如今，他们依然在管理着这座城市。,content,佩拉
256,*佩拉：永冬铭碑的碑体由两部分构成：象征知识与工业力量的齿轮，以及象征寒潮的巨大冰晶。这两个符号紧密嵌合，齿轮束缚住了冰霜，代表着筑城者们不屈服于蛮荒自然的精神。,content,佩拉
257,*佩拉：大家还有什么问题吗~,content,佩拉
258,{{折叠|标题=额外对话（佩拉{{黑幕|姐姐}}）|内容=,default,
259,*佩拉：大家还有什么问题吗~,content,佩拉
260,{{剧情选项,default,
261,|选项1=纪念碑有什么象征含义吗？,option,开拓者
262,|图标1=对话,default,
263,|剧情1=*佩拉：纪念碑的碑体由两部分构成：象征知识与工业力量的齿轮，以及象征寒潮的巨大冰晶。这两个符号紧密嵌合，齿轮束缚住了冰霜，代表着筑城者们不屈服于蛮荒自然的精神。,branch_content,佩拉
264,|选项2=蓝色的结晶体是什么？,option,开拓者
265,|图标2=对话,default,
266,|剧情2=*佩拉：你是问材料吗？那是改变了颜色的地髓。地髓的颜色跟加工时的环境温度有关。,branch_content,佩拉
267,|选项3=筑城者是什么人？,option,开拓者
268,|图标3=对话,default,
269,|剧情3=*佩拉：筑城者们是星神克里珀的追随者。是他们预见了危机，并筑起高墙，建立贝洛伯格，存护了人类文明的火种。,branch_content,佩拉
270,*佩拉：换句话来说，筑城者们既是贝洛伯格的奠基人，也是贝洛伯格的救世主。现如今，他们依然在管理着这座城市。,content,佩拉
271,|选项4=寒潮是怎么出现的？,option,开拓者
272,|图标4=对话,default,
273,|剧情4=*佩拉：这个问题应该去问科研部的专家，虽然他们可能也没法给出准确的答案。,branch_content,佩拉
274,*佩拉：寒潮似乎并非简单的自然灾害，百年前的气象学记录也无法解释它的成因。简单来说，这是困扰了贝洛伯格科学家们好几个世纪的难题。,content,佩拉
275,|选项5=没有什么想问的了。,option,开拓者
276,|剧情5=*佩拉：小朋友们还有什么想问的吗？慢慢来，时间还有很多。}},branch_content,佩拉
277,|折叠=是}},default,
278,,default,
279,=== 去歌德宾馆周围看看 ===,default,
280,*三月七：啊，那边就是杰帕德说的，被裂界污染的巷子吧？,content,三月七
281,*三月七：居然是在离城市中心这么近的地方……,content,三月七
282,*丹恒：要是放任不管的话，这附近的商铺和旅店用不了多久就要关门大吉了吧？,content,丹恒
283,*严厉的银鬃铁卫：退后！这是最后警告！,content,严厉的银鬃铁卫
284,*慌张的市民：可是，可是…我的财产证明都在里面啊，我什么都没……,content,慌张的市民
285,*严厉的银鬃铁卫：裂界已经侵蚀了街区！你可以向筑城者提交物资夺还申请，但非铁卫成员禁止入内！,content,严厉的银鬃铁卫
286,*三月七：裂界侵蚀都蔓延到城市里了呀…怪不得那条巷道里全是士兵。,content,三月七
287,{{剧情选项,default,
288,|选项1=这个世界真是多灾多难。,option,开拓者
289,|剧情1=*三月七：可不是嘛…不过好在我们来了，封印星核后，他们就不用遭这么多罪啦。,branch_content,三月七
290,|选项2=士兵能阻止裂界入侵吗？,option,开拓者
291,|剧情2=*丹恒：不可能的，只要星核还在活动，侵蚀就会不断扩大。,branch_content,丹恒
292,*丹恒：士兵只能暂时清空裂界中的怪物，但怪物会不断诞生和增殖。,content,丹恒
293,}},default,
294,*温和的银鬃铁卫：老伯，你还是死了这条心吧。边缘通路现在很危险，我们这也是为了你的安全考虑。,content,温和的银鬃铁卫
295,*慌张的市民：要是拿不到财产证明，我跟死了有什么区别喔！你们让开，让我进去……,content,慌张的市民
296,*银鬃铁卫：唉……,content,银鬃铁卫
297,{{折叠|标题=额外对话（士兵）|内容=,default,
298,*严厉的银鬃铁卫：退后！封锁区域，非铁卫成员禁止入内！,content,严厉的银鬃铁卫
299,{{剧情选项,default,
300,|选项1=铁卫能控制局面吗？,option,开拓者
301,|图标1=对话,default,
302,|剧情1=*温和的银鬃铁卫：还好，这里刚刚遭到侵蚀，怪物还不是很多。请相信银鬃铁卫能够应付。,branch_content,温和的银鬃铁卫
303,*严厉的银鬃铁卫：要不是大部队都被调去前线了，这种小阵仗算什么！现在连攻打的兵力都没有。,content,严厉的银鬃铁卫
304,|选项2=这条巷道里是什么？,option,开拓者
305,|图标2=对话,default,
306,|剧情2=*温和的银鬃铁卫：原本是候车广场…但现在已经被封闭了。,branch_content,温和的银鬃铁卫
307,*严厉的银鬃铁卫：该死的怪物！,content,严厉的银鬃铁卫
308,|选项3=这份工作很辛苦吧？,option,开拓者
309,|图标3=对话,default,
310,|剧情3=*温和的银鬃铁卫：这是我们应该做的，银鬃铁卫必须对市民的生命安全负责。,branch_content,温和的银鬃铁卫
311,*严厉的银鬃铁卫：唉，负责是必须要负责的！上面肯定有他们的用意！我就是想起地下那些乡亲了，他们现在……,content,严厉的银鬃铁卫
312,*温和的银鬃铁卫：别说了，守护者严禁讨论下层区的事……,content,温和的银鬃铁卫
313,*严厉的银鬃铁卫：嗨，我就是个急性子，不说了不说了！,content,严厉的银鬃铁卫
314,|选项4=没有什么想问的了。,option,开拓者
315,|剧情4=*温和的银鬃铁卫：离这儿远一点吧，我们还在执行公务，被人看见闲聊就不好了。}},branch_content,温和的银鬃铁卫
316,|折叠=是}},default,
317,{{折叠|标题=额外对话（慌张的市民）|内容=,default,
318,*慌张的市民：让我进去！我不怕死！什么都没了…都没了……,content,慌张的市民
319,|折叠=是}},default,
320,,default,
321,=== 回到歌德宾馆休息 ===,default,
322,{{任务描述|经过一整天的游览，你们已经完全了解了这里的文化，距离成为贝洛伯格的公民恐怕只差去政务部摇个号了。<br>,default,
323,夜幕低垂，城中也逛无可逛，不如就此打道回府、返回歌德宾馆结束这尚可称为愉快的一天吧。}},default,
324,*三月七：哈…真累呀，我现在只想躺在软软的床上昏睡过去……,content,三月七
325,*三月七：好像咱们每次的开拓之旅，第一天都会折腾得不轻呢。是吧丹恒？,content,三月七
326,*丹恒：都是因为你精力过剩。,content,丹恒
327,----,default,
328,:{{颜色|描述|你们进入歌德宾馆…}},default,
329,*三月七：哇噢！好明亮的大堂！今晚有软和的床垫和弹弹的枕头啦！,content,三月七
330,*三月七：晚上要不要打枕头大战？要不要要不要？我觉得这酒店的枕头一定是鹅毛绒的~,content,三月七
331,*丹恒：三月，当时在克里珀堡——,content,丹恒
332,*三月七：停！我知道你要说啥：「三月啊，你当时的话太多了」「三月啊，你不该跟不信任的人透露我们的目的」…我知道啦，谁叫你们两个绕着圈打机锋，不好好说话。,content,三月七
333,*三月七：但是你看呀，现在结果不是很好嘛？我们得到了贵宾待遇，超~豪华的酒店，还有当地势力的全力支持！看来这次的开拓任务也很顺利！,content,三月七
334,*丹恒：…不，我想说的其实不是这个。,content,丹恒
335,*三月七：好吧好吧，那你说。,content,三月七
336,*丹恒：当时在克里珀堡——你注意过那位「{{注音|大守护者|可可利亚}}」吗？,content,丹恒
337,*三月七：那当然啦，跟你们冒险这么久，我的观察力被打磨得，嘿，那可不是一般的凌厉~,content,三月七
338,{{剧情选项,default,
339,|选项1=你注意到什么了！？,option,开拓者
340,|剧情1=*三月七：没，挺正常的一位女士啊。一开始有点难说话，讲完道理后还挺温柔的。,branch_content,三月七
341,|选项2=我就知道她不对劲！,option,开拓者
342,|剧情2=*三月七：哪里不对劲？挺正常的一位女士啊。一开始有点难说话，讲完道理后还挺温柔的。,branch_content,三月七
343,|选项3=只有我什么都没发现吗…,option,开拓者
344,|剧情3=*三月七：你不是一个人，我也没发现什么异样。她一开始有点难说话，讲完道理后还挺温柔的。,branch_content,三月七
345,}},default,
346,*三月七：只是…觉得她的眼神有种穿透力——就是，虽然她在和我们说话，但眼睛却好像在盯着远处的某样东西……,content,三月七
347,*丹恒：嗯，我也有类似的感觉。就像那个房间里不只有我们几个一样。,content,丹恒
348,*三月七：嗐，被你这么一说，感觉有点吓人……,content,三月七
349,{{剧情选项,default,
350,|选项1=是隐形人！,option,开拓者
351,|剧情1=*三月七：那不可能逃过丹恒的眼睛啦。,branch_content,三月七
352,|选项2=是她的卫兵！,option,开拓者
353,|剧情2=*三月七：唔，有可能吧。毕竟是那么重要的大人物，没准房间里埋伏着十几个刀斧手呢。,branch_content,三月七
354,|选项3=是你们想多了…,option,开拓者
355,|剧情3=*三月七：哈哈，也有可能啦。}},branch_content,三月七
356,*丹恒：可能是我太敏感了…她承诺要帮助我们，希望她不会食言……,content,丹恒
357,*丹恒：早点休息吧，为明天的谈判养足精神。,content,丹恒
358,===在歌德宾馆休息===,default,
359,{{任务描述|经过一整天的游览，你们已经完全了解了这里的文化，距离成为贝洛伯格的公民恐怕只差去政务部摇个号了。<br>,default,
360,你们回到了歌德宾馆，这里温暖的地髓灯光和空气中氤氲的茶香使你们感到安心。<br>,default,
361,在正式洗漱休息之前尚有时间在酒店中转转，三月七和丹恒似乎也想和你在这里聊一聊——自由安排睡前的安适时光吧。}},default,
362,:{{颜色|描述|来到房间门口…}},default,
363,*丹恒：还有没做完的事吗？明天白天就要和守护者会面，没时间逛街了。,content,丹恒
364,{{剧情选项,default,
365,|选项1=玩够了，休息吧。,option,开拓者
366,|剧情1=*三月七：这一天可真漫长呀～咱要好好洗个热水澡，再美美地睡一觉~,branch_content,三月七
367,{{剧情选项,default,
368,|选项1=大家好好休息吧！,option,开拓者
369,|剧情1=*三月七：好耶！,branch_content,三月七
370,|选项2=有种不祥的预感…,option,开拓者
371,|剧情2=*三月七：有也不要说出来！,branch_content,三月七
372,|选项3={{黑幕|仅女开拓者「星」}}说好的枕头大战呢？,option,开拓者
373,|剧情3=*三月七：好耶，还有枕头大战！,branch_content,三月七
374,}},default,
375,*丹恒：早点睡吧，保存精力，能预见未来几天都会很辛苦。,content,丹恒
376,*三月七：那我回房间啦。列车熄灯了！,content,三月七
377,|选项2=再出去走走。,option,开拓者
378,|图标2=退出}},default,
379,,default,
380,=== 上床睡觉 ===,default,
381,{{任务描述|经过一整天的游览，你们已经完全了解了这里的文化，距离成为贝洛伯格的公民恐怕只差去政务部摇个号了。<br>,default,
382,终于到了睡觉时间，你感到自己无法抑制与宾馆的柔软床榻深情相拥的欲望。<br>,default,
383,早些休息，保存精力吧，这是你应得的——列车要熄灯了！}},default,
384,:{{颜色|描述|你上床休息后，似乎梦到了什么…}},default,
385,*星核之声：可可利亚…可可利亚……,content,星核之声
386,*少女可可利亚：你…是谁？不对——你是什么？,content,少女可可利亚
387,*星核之声：我们是盟友…世代陪伴守护者的盟友。,content,星核之声
388,*少女可可利亚：你们…想要什么？,content,少女可可利亚
389,*星核之声：重筑…这个濒死的世界……,content,星核之声
390,*星核之声：帮助你…实现「愿望」。,content,星核之声
391,,default,
392,=== 调查宾馆外的骚动 ===,default,
393,{{任务描述|开拓之旅的第一晚，你睡得不似列车上那样安心。<br>,default,
394,这倒不是因为你对列车单间有什么深厚感情，而是你总能在半梦半醒中听到军靴踢踏的声音。<br>,default,
395,现在又一阵急促的敲门声传来——直觉告诉你似乎大事不妙…出门查看状况吧。}},default,
396,:{{颜色|描述|敲门声将你吵醒，你来到宾馆走廊…}},default,
397,*三月七：开拓者，你听见了吗？,content,三月七
398,*丹恒：旅店门口来了一群银鬃铁卫，但似乎来者不善。,content,丹恒
399,*三月七：如果说是来迎接我们的，那气氛也过分凝重了。,content,三月七
400,{{剧情选项,default,
401,|选项1=从那种头盔怎么看出凝重的？,option,开拓者
402,|剧情1=*三月七：感觉啦，感觉。,branch_content,三月七
403,|选项2=工作时候怎么欢快得起来呢？,option,开拓者
404,|剧情2=*三月七：你以前到底经历了什么啊？,branch_content,三月七
405,|选项3=没准不是来接咱们的呢？,option,开拓者
406,|剧情3=*三月七：这倒确实是个思维盲区…}},branch_content,三月七
407,*丹恒：先去会一会他们吧，在这里瞎猜也无济于事。,content,丹恒
408,----,default,
409,:{{颜色|描述|你们来到歌德宾馆门外，见到了这群银鬃铁卫…}},default,
410,*严厉的银鬃铁卫：你们！布洛妮娅统领在下面等着你们。快去见她，别想耍花招！,content,严厉的银鬃铁卫
411,*三月七：咱们…不会摊上什么大事了吧？,content,三月七
412,,default,
413,=== 与宾馆外的银鬃铁卫对峙 ===,default,
414,{{任务描述|开拓之旅的第一晚，你睡得不似列车上那样安心。<br>,default,
415,这倒不是因为你对列车单间有什么深厚感情，而是你总能在半梦半醒中听到军靴踢踏的声音。<br>,default,
416,现在，你知道了噪声从何而来——这无疑是面前高贵的少女和她率领的部队干的好事。<br>,default,
417,来着似乎不善，问问他们究竟想要做什么。}},default,
418,{{折叠|标题=额外对话（试图逃跑）|内容=,default,
419,*严厉的银鬃铁卫：嫌疑人，不许乱跑！去见布洛妮娅统领！,content,严厉的银鬃铁卫
420,*三月七：嫌…嫌疑人？！不妙啊……,content,三月七
421,|折叠=是}},default,
422,*三月七：咦，你是…昨天在克里珀堡的……,content,三月七
423,*布洛妮娅：我是布洛妮娅•兰德，代行银鬃铁卫统领。以尊贵无上的{{注音|琥珀王|克里珀}}之名，奉大守护者可可利亚•兰德之命，前来捉拿意图掀起叛乱的渗透者。,content,布洛妮娅
424,*布洛妮娅：在此，我以大守护者代理的身份，暂时剥夺各位行动及发言的自主权；当裁判团对你们进行审判时，你们会得到辩解的机会。,content,布洛妮娅
425,*布洛妮娅：放弃无谓的抵抗，跟我走吧。,content,布洛妮娅
426,*三月七：等、等一下！这跟说好的可不一样啊，她明明说要邀请我们一起商议要事……,content,三月七
427,*丹恒：…这是计划好的背叛，毫无疑问。,content,丹恒
428,*三月七：又要沦为阶下囚了…我发现每三个世界，这种情况就要来上一次。,content,三月七
429,*丹恒：那是因为你总是头脑一热就行动，完全没有计划。,content,丹恒
430,*三月七：我也会成长的啦！现在我就在想计划…计划…有了！,content,三月七
431,*三月七：开拓者，丹恒，你们看那边的巷道！,content,三月七
432,*丹恒：那里因为裂界的侵蚀而被封锁——我知道了，这的确是个可行的计划。,content,丹恒
433,*丹恒：开拓者，三月，做好逃跑的准备。,content,丹恒
434,*三月七：咦，真的可以吗？我随便说说的……,content,三月七
435,{{剧情选项,default,
436,|选项1=此时不跑更待何时！,option,开拓者
437,|选项2=还挺有行动力的嘛！,option,开拓者
438,|选项3=还是先跟他们走吧…}},option,开拓者
439,*丹恒：观隅反三——,content,丹恒
440,{{剧情选项,default,
441,|选项1=啊？,option,开拓者
442,|选项2=成语接龙？,option,开拓者
443,|选项3=…三心二意！}},option,开拓者
444,*三月七：嘘！这是列车团的老暗号了，数到一的时候，你就跟我们一起跑！,content,三月七
445,*丹恒：君命无二——,content,丹恒
446,*银鬃铁卫：喂，嘀咕什么呢？快跟我们走！,content,银鬃铁卫
447,*丹恒：——凭城借一！,content,丹恒
448,{{折叠|标题=过场动画|内容=,default,
449,:{{颜色|描述|丹恒拉着三月七朝裂界跑去，你拿出棒球棍挥向银鬃铁卫…}},default,
450,*三月七：诶，啊呀呀呀,content,三月七
451,:{{颜色|描述|银鬃铁卫想要开枪，但枪口被三月七用六相冰都封住了…}},default,
452,*三月七：先跳为敬啦各位！}},content,三月七
453,*佩拉：他们冲进去了！,content,佩拉
454,*布洛妮娅：…居然自己冲进了裂界，也不知道是过度自信还是自取灭亡。看来母亲的判断是正确的……,content,布洛妮娅
455,*佩拉：要回报他们已经失踪或死亡吗？,content,佩拉
456,*布洛妮娅：……,content,布洛妮娅
457,*布洛妮娅：不行，大守护者的命令是捉拿犯人，不能因为他们逃进封锁区就拒绝追击。不管是死是活，我都得亲见为证。,content,布洛妮娅
458,*佩拉：是。,content,佩拉
459,*布洛妮娅：我现在还能做到的事…就是斩除威胁贝洛伯格的恶徒。,content,布洛妮娅
460,----,default,
461,:{{颜色|描述|逃进裂界的你们…}},default,
462,*三月七：哈！瞧，他们果然没跟进来！自由啦！,content,三月七
463,*三月七：活该！哈哈，想逮住我们，还早了几百年哪！,content,三月七
464,{{剧情选项,default,
465,|选项1=太冒险了。,option,开拓者
466,|剧情1=*三月七：结果就是一切~敢冒风险的人才能获得成功~,branch_content,三月七
467,|选项2=干得漂亮！,option,开拓者
468,|剧情2=*三月七：嗨，功劳是大家的~,branch_content,三月七
469,|选项3=运气好罢了。,option,开拓者
470,|剧情3=*三月七：运气也是实力的一部分~}},branch_content,三月七
471,*丹恒：银鬃铁卫只是被我们打了个出其不意，用不了多久，他们一定会追进来的。,content,丹恒
472,*丹恒：沿着道路移动吧，先确保安全，再作下一步计划。,content,丹恒
