﻿line_number,content,category,character
1,{{提示|蓝色|宽度=100%|如果选择选项下面对话没变不是BUG了，而是游戏本身对话就是一样的。}},option,开拓者
2,{{任务,default,
3,|任务名称=竞武云巅，孺子问剑,default,
4,|任务地区=仙舟「罗浮」,default,
5,|任务类型=开拓续闻,default,
6,|角色=三月七,default,
7,|命路群像=猎野围城,default,
8,|所属版本=2.5,default,
9,|任务描述=「演武仪典」如常召开，作为确保其安全举行的保障，三月七和云璃登上竞锋舰，开始了巡视。,default,
10,|奖励={{图标|里程|200}}{{图标|星琼|30}}{{图标|漫游指南|2}}{{图标|遗失晶块|2}}{{图标|《云间游》|1}}{{图标|信用点|20000}},default,
11,|任务条件=完成任务[[围三阙一，赤血传檄]],default,
12,|开放等级=21,default,
13,|相关成就=,default,
14,|相关道具=,default,
15,|相关书籍=,default,
16,|出场人物=三月七、云璃,default,
17,|领取地点=,default,
18,|系列任务=明霄竞武试锋芒•下,default,
19,|任务编号=05,default,
20,|前置任务=*[[围三阙一，赤血传檄]],default,
21,|后续任务=*[[敛魂血轮，率兽食人]],default,
22,|任务流程=*抵达竞锋舰的安检处,default,
23,*前往选手大厅,default,
24,*打探选手们的实力,default,
25,*（可选）继续打探其他选手的实力,default,
26,*前往竞锋舰上层,default,
27,}},default,
28,,default,
29,==剧情内容==,default,
30,{{提示消息|黄色|'''正在切换至【三月七】视角…'''<br>受怀炎之命，三月七与云璃登上竞锋舰，如期参与演武仪典…}},default,
31,:{{颜色|描述|「演武仪典」即将召开，竞锋舰}},default,
32,*三月七：呜哇，竞锋舰上的礼炮声好响啊！这就是「演武仪典」的气氛吗，感觉耳朵都要震聋了。,content,三月七
33,*云璃：场面不大，又怎么能吸引别人前来观看呢。三月，你没忘记自己是来做什么的吧？,content,云璃
34,{{剧情选项,default,
35,|选项1=我…是来做什么的呢？,option,开拓者
36,|剧情1=*三月七：我是谁？我在哪？我在这儿做什么？,branch_content,三月七
37,*云璃：看看周围，想起什么来了吗？,content,云璃
38,*三月七：啊，从天而降砸在泰科铵大球馆的回忆又涌了上来，我们…是来比赛的吧。,content,三月七
39,*云璃：太好了太好了，你的脑袋终于恢复记忆了，我也放下了高高举起的「老铁」。,content,云璃
40,|选项2=我代彦卿师父守擂！,option,开拓者
41,|剧情2=*三月七：我代表罗浮仙舟，前来打败挑战者！,branch_content,三月七
42,*云璃：就是这股气势…很有精神嘛！三月，你要是能双腿打直了别发抖，那就看起来更有说服力了。,content,云璃
43,|选项3=我是来确保演武仪典安全的！,option,开拓者
44,|剧情3=*云璃：那是爷爷交托给我的任务，至于你，安心守住擂台就好。,branch_content,云璃
45,}},default,
46,*云璃：俗话说得好，「有事弟子服其劳」。记住喽，你是以罗浮剑士的身份，代替你那个不肖的彦卿师父前来守擂的。,content,云璃
47,*三月七：说起来，要是这一回台上的对手超级厉害，三两下就把我打趴了，那可怎么办呀…毕竟我只算得上剑术初学者。也不知当时哪来的信心，就这么答应了怀炎将军。,content,三月七
48,*云璃：嗨呀，不用担心。你要是趴下了，就让为师来会会你的对手咯。只是这么一来，罗浮仙舟的光彩可就全都归朱明啦，哈哈哈哈哈……,content,云璃
49,*三月七：拜托了，云璃师父，我都快要上场了，你就给我点信心吧！,content,三月七
50,*云璃：三月，想一想你们列车无名客一路旅行经历的大风大浪！你一定见识过比演武对手可怕的多的敌人吧？这么一想是不是轻松多了？,content,云璃
51,{{剧情选项,default,
52,|选项1=云璃师父，我还是退赛吧。,option,开拓者
53,|剧情1=*三月七：压力好大，我感觉自己肚子隐隐作痛，要不…我还是退赛吧？,branch_content,三月七
54,*云璃：你答应了爷爷还想跑？快走！,content,云璃
55,|选项2=要不，还是把彦卿叫回来吧！,option,开拓者
56,|剧情2=*三月七：要不要把彦卿师父给叫回来？这当师父的急流勇退…让弟子垫上刀头，这叫哪门子事啊。,branch_content,三月七
57,*云璃：三月，师父退赛，这可是你出人头地的好机会啊。,content,云璃
58,*三月七：我看是师父给我一个人头落地的好机会吧！,content,三月七
59,*云璃：哪儿来得这么多抱怨，你答应了爷爷还想跑？快走！,content,云璃
60,|选项3=咱们走吧。,option,开拓者
61,|剧情3=*三月七：这些日子我苦练剑术，也该上场证明一下自己了。咱们走。,branch_content,三月七
62,}},default,
63,,default,
64,=== 抵达竞锋舰的安检处 ===,default,
65,{{任务描述|受怀炎将军所遣，三月七与云璃登上竞锋舰参与演武仪典。除了要在擂台上争逐胜利，她们还要承担起抵御危机，戍守擂台的职责。只是，初登场的少女剑士难免心怀忐忑……|仙舟「罗浮」-竞锋舰}},default,
66,*三月七：云璃师父，我感觉我还没有准备充分……,content,三月七
67,*云璃：三月，准备永远是不充分的。,content,云璃
68,----,default,
69,{{折叠|标题=额外对话（迷茫的观众&好奇的观众）|内容=,default,
70,*迷茫的观众：这就是竞锋舰吗？虽然执勤的时候在地面上看还是挺气派的……,content,迷茫的观众
71,*迷茫的观众：但今天真的登舰了，感觉没有我想象中的…那么大？,content,迷茫的观众
72,*好奇的观众：哦豁，你想象中的「气派的竞锋舰」是什么样子的呢？那么大？还是那么大？,content,好奇的观众
73,*迷茫的观众：我想想…嗯，要是从这里去往观众席，得搭星槎换乘，坐上两个时辰吧！不然不够气派啊！,content,迷茫的观众
74,{{剧情选项,default,
75,|选项1=那不就是单纯很大而已吗？,option,开拓者
76,|剧情1=*迷茫的观众：大就是好，多就是美！我看这竞锋舰还是不够大，炮台也不够多！,branch_content,迷茫的观众
77,*好奇的观众：以前这艘舰船上的炮台还是蛮多的。,content,好奇的观众
78,|选项2=你在想一些不切实际的东西。,option,开拓者
79,|剧情2=*迷茫的观众：怎么了嘛，人还得是要有梦想的嘛！要我说啊，竞锋舰就是太小了！,branch_content,迷茫的观众
80,|选项3=其实我也觉得这里有点小。,option,开拓者
81,|剧情3=*三月七：远看这竞锋舰很小，登上一看，比想象的还要小。,branch_content,三月七
82,*迷茫的观众：你听听，这是我的同道中人。,content,迷茫的观众
83,}},default,
84,*迷茫的观众：主要是我想象中的竞锋舰是很大的，但是它和我想象的不太一样。,content,迷茫的观众
85,*好奇的观众：我说你到底走不走啊？,content,好奇的观众
86,:再次对话,default,
87,*迷茫的观众：真的，这竞锋舰不够气派！,content,迷茫的观众
88,|折叠=是}},default,
89,{{折叠|标题=额外对话（天舶司职员）|内容=,default,
90,*天舶司职员：您好，请问有什么我可以帮到您吗？,content,天舶司职员
91,*三月七：你好，我有些问题需要咨询！,content,三月七
92,*云璃：…你还有问题要问吗？,content,云璃
93,*天舶司职员：请问您是受邀参加比赛的选手，还是观赛的观众呢？,content,天舶司职员
94,{{剧情选项,default,
95,|选项1=我是参赛选手！,option,开拓者
96,|剧情1=*天舶司职员：那在此先预祝您宝剑常锋，登擂夺胜。,branch_content,天舶司职员
97,|选项2=我其实是看比赛的观众…,option,开拓者
98,|剧情2=*云璃：喂喂，还没上场就打退堂鼓了吗？你好，我们俩都是演武仪典的参赛选手。,branch_content,云璃
99,}},default,
100,*天舶司职员：那就请沿着通道继续前进，会到达安检处，那里的工作人员会指引你们前往选手大厅的。,content,天舶司职员
101,:再次对话,default,
102,*天舶司职员：请沿着通道继续前进，会到达安检处，那里的工作人员会指引你们前往选手大厅的。,content,天舶司职员
103,|折叠=是}},default,
104,{{折叠|标题=额外对话（战力评级爱好者）|内容=,default,
105,*战力评级爱好者：看到我鼻子上架着的眼镜了吗？,content,战力评级爱好者
106,*战力评级爱好者：这是我从湛蓝星那边买来的特产「定分镜」，只要盯着选手瞧，就能给对方的战斗力定个评级。,content,战力评级爱好者
107,{{剧情选项,default,
108,|选项1=朝我这儿看看？,option,开拓者
109,|剧情1=*三月七：那你看看我，我的战斗力是多少？,branch_content,三月七
110,*战力评级爱好者：…5。,content,战力评级爱好者
111,*三月七：怎么可能，你再给我好好看看嘛！是不是满分也是5？,content,三月七
112,*云璃：可怜的小三月，被机器的评分玩弄于股掌之间。别看了，快走吧！,content,云璃
113,|选项2=（快速走开）,option,开拓者
114,|图标2=退出,default,
115,|剧情2=*三月七：别别别，别往我这儿看。万一看到个打击人的数字也别说出来哈。,branch_content,三月七
116,}},default,
117,|折叠=是}},default,
118,----,default,
119,*夕葵：云璃小姐，三月小姐！两位这边走！,content,夕葵
120,----,default,
121,*夕葵：我已收到驭空大人的知会，特来接应二位。,content,夕葵
122,*夕葵：说起来，三月小姐要代彦卿骁卫守擂的事已经公示了。我刚才从选手大厅经过的时候，听见选手们正在议论纷纷，其中最多的问题就是——「三月七是谁？」,content,夕葵
123,*夕葵：他们要是问起，三月小姐该如何自我介绍，您准备好了吗？,content,夕葵
124,{{剧情选项,default,
125,|选项1=三月七，星穹列车的美少女。,option,开拓者
126,|剧情1=*三月七：三月七，一位来自星穹列车的美少女。,branch_content,三月七
127,*云璃：好啊，在别人问你的时候你不妨就这么大声说出来。,content,云璃
128,|选项2=三月七，彦卿的弟子。,option,开拓者
129,|剧情2=*三月七：我是彦卿骁卫座下弟子…这么一想也算是景元将军的徒孙。如此说来，我来头还挺不小的！,branch_content,三月七
130,*云璃：可恶，竟然把为师的名头抛到了一边…气死我了。,content,云璃
131,|选项3=三月七，无敌的三月七！,option,开拓者
132,|剧情3=*三月七：三月七，无敌的三月七！,branch_content,三月七
133,*云璃：至少下一次虚张声势的时候，底气一定要足。,content,云璃
134,|选项4=失败者不配问我的名字。,option,开拓者
135,|剧情4=*三月七：哼，失败者不配知道本姑娘的名字。,branch_content,三月七
136,*云璃：这是什么反派登场台词吗？,content,云璃
137,}},default,
138,*夕葵：哈哈哈哈，看来二位还是挺轻松的，临危受命能有这样的状态可不容易。,content,夕葵
139,*夕葵：演武仪典这边早就登记过云璃小姐的选手信息了。三月七小姐则是临时入选这场比赛，天舶司已经为你准备好相关的手续了。,content,夕葵
140,*夕葵：两位请先沿着这条路上去，选手大厅就在前方。,content,夕葵
141,*三月七：谢谢你，夕葵姐姐。,content,三月七
142,,default,
143,=== 前往选手大厅 ===,default,
144,*云璃：走，让我们去选手大厅转转。,content,云璃
145,----,default,
146,*云璃：看来这就是选手大厅了。,content,云璃
147,*三月七：好多人啊。,content,三月七
148,*云璃：三月，在「演武仪典」开始前，让为师再给你上一课。,content,云璃
149,*云璃：你知道吗，爷爷常对我说，物肖主人形。一个人的武器会反应出他的习惯和性格。,content,云璃
150,*云璃：你见过我挥动我那把{{注音|「老铁」|大剑}}的样子吧？说说看，你观察到什么了？,content,云璃
151,{{剧情选项,default,
152,|选项1=云璃师父，力气很大。,option,开拓者
153,|剧情1=*三月七：云璃师父的「老铁」看着比人都高，能挥动这样的武器，显然应该有一身怪力吧？,branch_content,三月七
154,|选项2=云璃师父，性格很暴力。,option,开拓者
155,|剧情2=*三月七：挥舞这么巨大的武器…云璃师傅比起策略更喜欢压倒性的暴力呢。,branch_content,三月七
156,*云璃：你说的不错。我的战术向来追求「简单有效」，砍就完事了。,content,云璃
157,|选项3=云璃师父，审美水平有待提高。,option,开拓者
158,|剧情3=*三月七：云璃师傅的剑看起来又粗又重，审美水平有待提高啊。,branch_content,三月七
159,*云璃：我让你猜对手的战术风格，谁让你评价我的「老铁」了。,content,云璃
160,}},default,
161,*云璃：观察对手使用的武器，判断他们擅长使用什么样的战术，又有哪些短板，这就是争取胜利的捷径。比如重量惊人的巨剑，显然不利久战，所以要选择拖延时间的战术。,content,云璃
162,*三月七：你怎么把自己的弱点告诉我了？,content,三月七
163,*云璃：这样才算是相对的公平较量嘛，毕竟为师也不想看你输在别人手里。,content,云璃
164,*云璃：眼下是个好机会，就趁现在试着学学如何评估你的对手吧，就用这个大厅里的人练练手。知己知彼，才能百战不殆。,content,云璃
165,*三月七：知己知彼…让我看看，现在问问谁好呢？,content,三月七
166,,default,
167,=== 打探选手们的实力 ===,default,
168,{{折叠|标题=额外对话（试图前往擂场）|内容=,default,
169,*云璃：先别着急去擂场，在这里了解一下你的对手吧。,content,云璃
170,|折叠=是}},default,
171,{{折叠|标题=额外对话（兴奋讨论的观众&滔滔不绝的观众）|内容=,default,
172,*兴奋讨论的观众：听说这次演武仪典有一位从朱明仙舟来的剑士将要挑战彦卿骁卫，你觉得这两边打起来谁能赢？能不能理性分析一下？,content,兴奋讨论的观众
173,*滔滔不绝的观众：那肯定是彦卿骁卫赢啊！他的剑术已臻化境，我有幸见过他在星槎海飞剑擒凶的英姿，三招两式就能……,content,滔滔不绝的观众
174,*云璃：咳，咳！,content,云璃
175,*三月七：我的天，这不是来自朱明仙舟的选手云璃小姐吗！,content,三月七
176,*滔滔不绝的观众：…三招两式就能被朱明的剑士打趴下！,content,滔滔不绝的观众
177,|折叠=是}},default,
178,----,default,
179,:{{颜色|灰|与曜青选手对话}},default,
180,*曜青选手：可恶，久闻彦卿骁卫的大名，来这儿也就是想见见他，和他切磋一下。,content,曜青选手
181,*曜青选手：谁能想到他竟然收了徒弟，还让自己的徒弟代替他守擂。这在我们曜青可是不战而逃的奇耻大辱啊！,content,曜青选手
182,*曜青选手：这个临时顶替他的三月七究竟是谁啊？,content,曜青选手
183,{{剧情选项,default,
184,|选项1=（仔细观察对方的武器）,option,开拓者
185,|剧情1=:这位来自曜青的选手除去背后的长剑外，竟还随身携带了一柄电磁手弩。,branch_content,
186,*三月七：（早、早知道能同时使用多种武器，我就带上自己的弓了。）,content,三月七
187,*曜青选手：小姑娘，你好啊。你也是来参加守擂竞锋的吗？,content,曜青选手
188,|选项2=你好，我就是三月七。,option,开拓者
189,|剧情2=,branch_content,
190,}},default,
191,*三月七：没错，我就是那个三月七。,content,三月七
192,*曜青选手：什么？！你就是三月七！！,content,曜青选手
193,*三月七：放心吧，我只是个练习剑术时长半个月的剑士。,content,三月七
194,*曜青选手：三月七，站在你面前的是…习练剑法超过两百年的云骑老战士！,content,曜青选手
195,*三月七：（扮猪吃老虎，让对方轻敌也算是一种战术吧？）,content,三月七
196,{{折叠|标题=额外对话（曜青选手）|内容=,default,
197,*曜青选手：只是个练剑不久的小丫头…为何她也会被选上？,content,曜青选手
198,|折叠=是}},default,
199,----,default,
200,:{{颜色|灰|与记者对话}},default,
201,*记者：…今天穿的这身衣服还真是有些不习惯啊。,content,记者
202,*记者：对了，你就是代替彦卿骁卫登场的三月七选手！没错吧？,content,记者
203,*三月七：没错。您是…？,content,三月七
204,*记者：如您所见，我是负责现场赛事采访的记者，没错。,content,记者
205,*云璃：天舶司作为主办方准备的还挺周全，有点意思。,content,云璃
206,*记者：是啊，像这样的大场合里，一般少不了咱们这样的人。对了，趁着比赛开始，我能问些自己感兴趣的问题吗？,content,记者
207,{{剧情选项,default,
208,|选项1=当然可以。,option,开拓者
209,|剧情1=*记者：太、太好了！,branch_content,记者
210,|选项2=其实我是来知己知彼的……,option,开拓者
211,|剧情2=*记者：知己知彼，其中就包括了解自己对吧？接受采访就能很好了解自己。,branch_content,记者
212,}},default,
213,*记者：首先是大家最关心的问题！彦卿骁卫没有出现在今天的「演武仪典」上。,content,记者
214,*记者：根据一些不可靠的小道消息，我听说彦卿骁卫现在身负重伤，请问这是真的吗？,content,记者
215,{{剧情选项,default,
216,|选项1=是真的！,option,开拓者
217,|剧情1=*记者：竟然是这样，请问他是为什么身负重伤呢？,branch_content,记者
218,{{剧情选项,default,
219,|选项1=交通事故。,option,开拓者
220,|剧情1=*记者：难道是…星槎的交通事故？真是危险！,branch_content,记者
221,|选项2=练习受伤。,option,开拓者
222,|剧情2=*记者：剑术练习还真是不容易呢。,branch_content,记者
223,|选项3=遭人暗算。,option,开拓者
224,|剧情3=*记者：竟、竟然有这种事！这可是大新闻！噗，对不起，虽然不太礼貌，但…该不会是三月小姐干的吧。,branch_content,记者
225,*三月七：讨厌，真是敏锐的直觉啊。要不然我怎么会站在这儿呢。,content,三月七
226,|选项4=让徒弟出人头地。,option,开拓者
227,|剧情4=*记者：等等，师父为了让徒弟出人头地而身受重伤退赛？哦哦，如此爱惜弟子的师父可不多见啊。,branch_content,记者
228,}},default,
229,|选项2=是假的。,option,开拓者
230,|剧情2=*记者：那真实的原因是？,branch_content,记者
231,{{剧情选项,default,
232,|选项1=消极比赛。,option,开拓者
233,|剧情1=*记者：没想到备受关注的天才少年也会有消极比赛的情况。,branch_content,记者
234,|选项2=无可奉告。,option,开拓者
235,|剧情2=*记者：怎么会这样？好吧，我也是能理解的。,branch_content,记者
236,|选项3=感情问题。,option,开拓者
237,|剧情3=*记者：竟、竟然有这种事！这可是大新闻！,branch_content,记者
238,}},default,
239,|选项3=你自己都说是小道消息了…,option,开拓者
240,|剧情3=*记者：噗，对不起，我实在表现得不太专业。看来彦卿骁卫也有自己的任务在身啊。那就让我们期待三月小姐在赛场上一展英姿吧。,branch_content,记者
241,}},default,
242,*记者：演武仪典开始后，三月七小姐将会接受来自不同世界的剑术高手挑战，这其中是否有你比较期待的对手呢？,content,记者
243,{{剧情选项,default,
244,|选项1=有的。,option,开拓者
245,|剧情1=*记者：请问是哪位选手呢？,branch_content,记者
246,{{剧情选项,default,
247,|选项1=彦卿师父。,option,开拓者
248,|剧情1=*记者：哦哦哦！果然还得是万众瞩目的彦卿骁卫！,branch_content,记者
249,|选项2=云璃师父。,option,开拓者
250,|剧情2=*记者：来自朱明仙舟的天才剑术少女云璃。很期待两位交手的盛况！,branch_content,记者
251,|选项3=飞霄将军。,option,开拓者
252,|剧情3=*记者：三月七选手无视了在场所有人，扬言要挑战曜青仙舟的「天击将军」。,branch_content,记者
253,|选项4=素裳。,option,开拓者
254,|剧情4=*记者：素、素裳…那是谁？最近好像经常在网上看到过这个名字。,branch_content,记者
255,|选项5=开拓者。,option,开拓者
256,|剧情5=*记者：呃，谁？请问…您说的这位是参赛选手吗？,branch_content,记者
257,}},default,
258,|选项2=没有。,option,开拓者
259,|剧情2=*记者：三月七选手真是太狂…呃不，太自信了！,branch_content,记者
260,}},default,
261,*记者：很感谢你接受采访，谢谢！,content,记者
262,----,default,
263,:{{颜色|灰|与执勤的士兵对话}},default,
264,*执勤的士兵：找我？嗯，你有什么想问的吗？,content,执勤的士兵
265,{{剧情选项,default,
266,|选项1=（仔细观察对方的…佩剑）,option,开拓者
267,|剧情1=*执勤的士兵：嗯…这只是普通的云骑阵刀。,branch_content,执勤的士兵
268,|选项2=你有什么弱点吗？,option,开拓者
269,|剧情2=*执勤的士兵：非要问我的弱点的话…我一开口就会导致冷场，这算是弱点吗？,branch_content,执勤的士兵
270,}},default,
271,*执勤的士兵：我明白了，三月七小姐、云璃小姐，我不是参赛选手，我是负责赛事安保的卫兵。,content,执勤的士兵
272,{{剧情选项,default,
273,|选项1=那…刚才是有些尴尬哈。,option,开拓者
274,|剧情1=*执勤的士兵：没事，我也经常不忍心看别人冷场而接话，结果导致尴尬的人变成自己。我已经习惯尴尬了，请不必在意。,branch_content,执勤的士兵
275,|选项2=有发现什么状况吗？,option,开拓者
276,|剧情2=*执勤的士兵：没什么状况，可以说是风平「狼」静。,branch_content,执勤的士兵
277,*三月七：……,content,三月七
278,*云璃：……,content,云璃
279,*执勤的士兵：果然又冷场了…你们理解笑点了吗？「浪」和「狼」同音，令人忍俊不禁。,content,执勤的士兵
280,*云璃：这个人竟然解释笑话！,content,云璃
281,*执勤的士兵：唉，开口就冷场，果然是我的弱点啊。,content,执勤的士兵
282,}},default,
283,*云璃：来客还在陆续增加，请千万小心。,content,云璃
284,*执勤的士兵：明白！,content,执勤的士兵
285,{{折叠|标题=额外对话（执勤的士兵）|内容=,default,
286,*执勤的士兵：我不是参赛选手，三月小姐请找别人聊天吧。,content,执勤的士兵
287,|折叠=是}},default,
288,----,default,
289,*云璃：「演武仪典」的第一场赛事，就快开始了。三月你还好吧？,content,云璃
290,*三月七：我？我还好。一看到这么多人聚在一块，不知怎么突然安心了起来。,content,三月七
291,{{剧情选项,default,
292,|选项1=选手们全都很可靠。,option,开拓者
293,|剧情1=*三月七：看着这些选手，我不知为何突然心不慌了。,branch_content,三月七
294,|选项2=好像…没有什么特别的感受？,option,开拓者
295,|剧情2=*云璃：你登台交手时候，维持这样的平常心就好。,branch_content,云璃
296,}},default,
297,*三月七：我明白云璃师父让我「知己知彼」的用意了，没有刚才那么紧张了！,content,三月七
298,*云璃：…怎么说，要去看看擂场了吗？,content,云璃
299,{{剧情选项,default,
300,|选项1=我打算继续知己知彼！,option,开拓者
301,|剧情1=*云璃：…也行，你去问吧。,branch_content,云璃
302,|选项2=想去看看赛场的样子！,option,开拓者
303,|剧情2=*云璃：我就知道，走吧。,branch_content,云璃
304,}},default,
305,,default,
306,=== （可选）继续打探其他选手的实力 ===,default,
307,:{{颜色|灰|与谛听对话}},default,
308,*谛听：汪汪，汪汪汪汪？,content,谛听
309,*云璃：欸…连谛听也要问？,content,云璃
310,{{剧情选项,default,
311,|选项1=（尝试翻译一下谛听说了什么）,option,开拓者
312,|剧情1=*谛听：汪汪汪汪汪汪汪。,branch_content,谛听
313,*三月七：嗯嗯，「我不是参赛选手哦」，我明白啦。,content,三月七
314,|选项2=汪汪，汪汪汪汪汪？,option,开拓者
315,|剧情2=*谛听：汪汪。,branch_content,谛听
316,}},default,
317,*云璃：看起来是问完了……,content,云璃
318,*云璃：你就别再继续知己知彼了，走吧，我想去看看擂场。,content,云璃
319,----,default,
320,:{{颜色|灰|与选手大厅的长椅对话}},default,
321,:或许是长时间和开拓者相处，让三月七产生了「可以问问长椅」的冲动。,default,
322,:但是三月七并不是开拓者，三月七的精神状况也没有…那么糟糕。,default,
323,:嗯…有什么想问的，可以抓紧问，不然「三月七的理智」就要回来了。,default,
324,{{剧情选项,default,
325,|选项1=现场有厉害的选手来过吗？,option,开拓者
326,|剧情1=:长椅沉默不语，长椅见过太多厉害的人，其中就包括曾经的罗浮剑首。,branch_content,
327,|选项2=（云璃师父正在看着，冷静！）,option,开拓者
328,|剧情2=:三月七努力收起和长椅聊天的冲动，冲云璃点了点头。,branch_content,
329,}},default,
330,:长椅看着三月七的背影，留下了一滴汗。,default,
331,*云璃：你就别再继续知己知彼了，走吧，我想去看看擂场。,content,云璃
332,,default,
333,=== 前往竞锋舰上层 ===,default,
334,*云璃：从这边走能够看到演武仪典的正式会场。,content,云璃
335,----,default,
336,*三月七：哇哦——！这就是从观众席望过去的感觉……,content,三月七
337,*云璃：你看那边，那边就是我们要登上的擂台。,content,云璃
338,*三月七：云璃师父，我、我怎么好像又紧张起来了！我真的能做到吗？,content,三月七
339,*云璃：已经来不及让你紧张了，时间就要到了！,content,云璃
340,*三月七：什么时间就要到了。,content,三月七
341,*三月七：一想到怀炎将军交代的使命，我的心就一直扑扑直跳，云璃师父，怎么办啊？,content,三月七
342,*云璃：你的心要是不跳了那才麻烦。好好感受一下气氛，做好准备吧。,content,云璃
343,*云璃：我得暂时离开，去舰上各处好好检查检查，这也是爷爷交代的使命呢。,content,云璃
344,*三月七：唉，也不知道彦卿师父那边怎么样了……,content,三月七
345,*云璃：你给我专心一点。,content,云璃
