﻿line_number,content,category,character
1,{{提示|蓝色|宽度=100%|如果选择选项下面对话没变不是BUG了，而是游戏本身对话就是一样的。}},option,开拓者
2,{{任务|任务名称=金鼎灵树，穷途梼杌,default,
3,|任务地区=仙舟「罗浮」,default,
4,|任务类型=开拓任务,default,
5,|所属版本=1.2,default,
6,|任务描述=工造司中风波平息，捷径也随之通畅。依将军嘱托，你们应当穿过此处，前往丹鼎司。,default,
7,|奖励={{图标|里程|1300}}{{图标|星琼|130}}{{图标|漫游指南|18}}{{图标|提纯以太|8}}{{图标|遗失晶块|15}}{{图标|《药王救世陀罗尼》|1}}{{图标|信用点|180000}},default,
8,|任务条件=完成[[茸客鸣呦，玉角盘虬]],default,
9,|开放等级=34,default,
10,|相关成就=通往群星的轨道#长生梦短,default,
11,|出场人物=三月七、瓦尔特、停云、符玄、丹枢、幻胧,default,
12,|相关道具=,default,
13,|相关书籍=未被销毁的信笺,default,
14,|系列任务=云树百丈蔽重楼,default,
15,|任务编号=01,default,
16,|前置任务=*[[茸客鸣呦，玉角盘虬]],default,
17,|后续任务=*[[螣蛇无穴，旧梦亡阙]],default,
18,*[[有龙矫矫，其渊渺渺]],default,
19,|任务流程=*通过工造司的捷径，前往丹鼎司,default,
20,*查看战斗的幸存者,default,
21,*与符玄率领的云骑军汇合,default,
22,*打听云骑的战况，并等待符玄归来,default,
23,*（与三月七交谈，讨论现状）,default,
24,*跟随符玄,default,
25,*关闭三座小型丹炉,default,
26,*前往太真丹室，迎战药王秘传,default,
27,*乘坐星槎进入鳞渊境,default,
28,*完成[[螣蛇无穴，旧梦亡阙]]、[[得其雨露，安其壤土]],default,
29,}},default,
30,==剧情内容==,default,
31,===通过工造司的捷径，前往丹鼎司===,default,
32,{{任务描述|工造司中风波平息，捷径也随之通畅。依将军嘱托，你们应当穿过此处，前往丹鼎司。|仙舟「罗浮」-工造司}},default,
33,:{{颜色|描述|进入丹鼎司后，你们看到地上横七竖八躺着各类尸体…}},default,
34,*三月七：战况真激烈呀……,content,三月七
35,*停云：看来我们在工造司耽搁时，太卜大人已先行开拔出征啦。,content,停云
36,{{剧情选项,default,
37,|选项1=是算得「吉时已到」了吧？,option,开拓者
38,|剧情1=*瓦尔特：兵贵神速。罗浮仙舟眼下最紧要的就是遏制星核灾变。,branch_content,瓦尔特
39,*瓦尔特：景元将军把指挥云骑的重任交给太卜，必然知道她会按卜算的结果行动。,content,瓦尔特
40,|选项2=太卜怎么会乖乖听别人的话？,option,开拓者
41,|剧情2=*瓦尔特：是啊。景元将军把指挥云骑的重任交给她，必然知道她会按卜算的结果行动。,branch_content,瓦尔特
42,}},default,
43,*三月七：幸好将军没让咱们跟着云骑…打仗和冒险真的不一样啊，这满地的人…我、我见不得这种大场面。,content,三月七
44,*停云：恩公说哪里话，这也算不得什么场面……,content,停云
45,*停云：数百年前，某「丰饶」的令使为了劫夺「建木」，率军压境罗浮，几乎摧毁半数洞天，杀得云骑军十不存一。,content,停云
46,*停云：这样的过去，对长生种来说甚至不算历史，称「昨天」也不为过。与之相比，眼前这不过是小打小闹罢了。,content,停云
47,*三月七：哇，哪有你这么安慰人的！,content,三月七
48,*瓦尔特：也不知道太卜这一仗是输是赢？,content,瓦尔特
49,{{剧情选项,default,
50,|选项1=想必是大获全胜！,option,开拓者
51,|剧情1=*三月七：我觉得也是。倒下的都没几个云骑军，这一仗仙舟应该打得很漂亮。,branch_content,三月七
52,|选项2=我看是全军覆没…,option,开拓者
53,|剧情2=*三月七：你是哪边的啊！我看倒下的都没几个云骑军，这一仗仙舟应该打得很漂亮。,branch_content,三月七
54,|选项3=保守点一比一平。,option,开拓者
55,|剧情3=*三月七：…你以为是打比赛啊还有平局？我看倒下的都没几个云骑军，这一仗仙舟应该打得很漂亮。,branch_content,三月七
56,}},default,
57,*瓦尔特：…未必。如果行军大捷，通常会留下据点和部队置后策应。但这里却没有。,content,瓦尔特
58,*瓦尔特：四下找找，或许还有线索。,content,瓦尔特
59,,default,
60,===查看战斗的幸存者===,default,
61,{{任务描述|丹鼎司中，遍地狼藉残骸，一场大战刚刚打响。正当你们想要厘清情势，猜测胜负时，远处传来幸存者的呼救。|仙舟「罗浮」-丹鼎司}},default,
62,{{折叠|折叠=是|标题=调查倒地的魔阴身士卒|内容=,default,
63,怪物僵死的身躯上，几处显眼的伤口正以肉眼能辨的速度缓缓收缩。尽管没有任何生命体征，你却觉得眼前这怪物并没有彻底死去。}},default,
64,*三月七：开拓者，当心哦。那些怪物的生命力可顽强了……,content,三月七
65,*三月七：快看，那儿有人。,content,三月七
66,----,default,
67,*三月七：这里！这里还有人活着……,content,三月七
68,*瓦尔特：……,content,瓦尔特
69,*医士着装的女子：咦，你们不是云骑啊…来这里做什么？很危险的。,content,医士着装的女子
70,*瓦尔特：我们是将军请来的援助。请问其他人都到哪儿去了？,content,瓦尔特
71,*医士着装的女子：竟把短生种搬来当救兵…嘿嘿，景元真是无人可用了。,content,医士着装的女子
72,*垂死的云骑：快逃！这家伙是…「药王秘传」！,content,垂死的云骑
73,*医士着装的女子：多嘴多舌。我若把你医好，你也会是我们中的一员啊。,content,医士着装的女子
74,*医士着装的女子：所以，你不会让他们逃走的，对不对？,content,医士着装的女子
75,:{{颜色|描述|进入战斗}},default,
76,*垂死的云骑：赶快…离开这儿…,content,垂死的云骑
77,*垂死的云骑：我控制不住我自己了——,content,垂死的云骑
78,:{{颜色|描述|击败变异为魔阴身士卒的云骑军}},default,
79,:{{颜色|描述|出现三只丰饶灵兽}},default,
80,*药王秘传信徒：短生种的寿命转眼即逝，何必自蹈死路？,content,药王秘传信徒
81,:{{颜色|描述|击败丰饶灵兽}},default,
82,:{{颜色|描述|又出现两只丰饶灵兽和{{图标|「药王秘传」器元士}}}},default,
83,*药王秘传信徒：你们来仙舟是为什么，想求得长生么？,content,药王秘传信徒
84,*药王秘传信徒：用不着看景元的脸色！「药王秘传」可以给你们想要的！,content,药王秘传信徒
85,:{{颜色|描述|击败三波敌人}},default,
86,*三月七：你、你再坚持一下，我们找人来救你……,content,三月七
87,*垂死的云骑：别浪费时间了，我已被那家伙「转变」，要不了多久……,content,垂死的云骑
88,*垂死的云骑：你们快走吧…太卜的人就在前边……,content,垂死的云骑
89,:他不再言语，仿佛耗尽了力气，又像是在等你们离开。,default,
90,*瓦尔特：…走吧。,content,瓦尔特
91,{{折叠|折叠=是|标题=额外对话（垂死的云骑）|内容=,default,
92,*垂死的云骑：……,content,垂死的云骑
93,:{{颜色|描述|经过一段时间后再次查看这名云骑，发现他已经去世了……}},default,
94,*瓦尔特：愿他安息。,content,瓦尔特
95,}},default,
96,,default,
97,===与符玄率领的云骑军汇合===,default,
98,{{任务描述|根据幸存者所言，太卜已经率军与药王秘传的叛徒先行交锋。当务之急，你们应当先前往云骑驻扎之处，与他们汇合。|仙舟「罗浮」-丹鼎司}},default,
99,*停云：潜伏已久的「药王秘传」竟在这个节骨眼现身了，不知那位太卜有没有算到这一节……,content,停云
100,*停云：恩公，你们要小心了。药王秘传信奉寿瘟祸祖「药师」，是仙舟的心腹大敌。,content,停云
101,*停云：数千年来，联盟一直想祓除这隐秘组织，始终未能如愿。选在这个时刻出世，一定不是偶然。,content,停云
102,{{折叠|折叠=是|标题=调查倒地的魔阴身士卒|内容=,default,
103,盔甲上留有刀剑的斫痕，令人惊诧的是，这些斫痕全都来自死者自己的武器。}},default,
104,{{折叠|折叠=是|标题=调查倒地的丰饶灵兽|内容=,default,
105,一头巨大的狼形孽物匍匐在地，你从它的残躯上感受不到生命，但一些细微的幼芽在它的身躯下茵开。}},default,
106,{{折叠|折叠=是|标题=调查倒地的云骑军士卒|内容=,default,
107,摘去头盔，你直视阵亡云骑的脸。<br>,default,
108,这张仙舟人特有的不辨岁月的脸旁上凝固着强烈的痛苦。你在他发鬓边找到一簇变异的枝条——他死前似乎正经历炼狱般的折磨。}},default,
109,{{折叠|折叠=是|标题=额外对话（受伤的云骑）|内容=,default,
110,:一片狼藉的战场中，某个痛苦的呻吟吸引了你们的注意。,default,
111,*受伤的云骑：帝弓庇佑，你们不是「药王秘传」的人……,content,受伤的云骑
112,*三月七：你可别再乱动了，让咱看看有什么办法能让你快点好起来。,content,三月七
113,{{剧情选项,default,
114,|选项1=（提供治疗）,option,开拓者
115,|剧情1=*三月七：来吧，服下这个，对快速恢复有帮助的。,branch_content,三月七
116,:{{颜色|描述|提交{{图标|简易抢救器}}/{{图标|生命传输器}}/{{图标|热浮羊奶}}/{{图标|岩烧洞螈}}}},default,
117,:你们手忙脚乱地从行囊里翻找出能促进伤口愈合的药物，缓缓滴进他的嘴里。,default,
118,:一时间你们竟有些忐忑，不知道对寻常人类起效的成分，是否还能作用在长生种的身体上？,default,
119,:{{颜色|描述|云骑军强撑着自己的身体站了起来。}},default,
120,*康复的云骑：你们…谢谢你们。我感觉自己好多了。,content,康复的云骑
121,*康复的云骑：幸亏遇见了你们，咱们的驻军就在前面，如果你们想找个地方暂时休整一下，我就在前面等你们。,content,康复的云骑
122,:{{颜色|描述|获得{{图标|崇高道德的赞许|1}}}},default,
123,|选项2=（暂时放弃）,option,开拓者
124,|图标2=退出,default,
125,|剧情2=*三月七：咱们手头竟然没有可以救急的东西吗？,branch_content,三月七
126,*三月七：呃，你等等，我这就去找你的同僚来救你。,content,三月七
127,*受伤的云骑：别管我了…,content,受伤的云骑
128,}}}},default,
129,{{折叠|标题=试图进入云骑守卫把守的区域|内容=,default,
130,*云骑守卫：如今外面「药王秘传」的妖人正潜伏着，到处乱走太危险了，请您在这儿暂作停留，等太卜大人的情报吧？,content,云骑守卫
131,|折叠=是}},default,
132,----,default,
133,*云骑守卫：是谁！报上来意！,content,云骑守卫
134,*云骑守卫：等等，是你们啊——几位快些进来，外边危险。,content,云骑守卫
135,*三月七：你认得咱们？,content,三月七
136,*云骑守卫：你们不是将军请来的客人吗？太卜算到了各位。她吩咐过，一定要等候几位到来。,content,云骑守卫
137,{{剧情选项,default,
138,|选项1=符玄不在这儿？,option,开拓者
139,|选项2=等我们？,option,开拓者
140,}},default,
141,*云骑守卫：是，太卜命队伍驻扎此处后，便率斥候去前方探查了。据说隐藏多年的「药王秘传」出现在附近，队伍里人心惶惶……,content,云骑守卫
142,*云骑守卫：好在各位来了。太卜说了，几位不到，云骑便不得进发。,content,云骑守卫
143,*云骑守卫：各位还请到阵中稍候，一切等太卜大人返回后再作主张。,content,云骑守卫
144,----,default,
145,*瓦尔特：云骑军驻守在此，裹足不前，看来形势并不乐观。「药王秘传」…我在哪里听过这名字，记得是潜伏在仙舟内部，阴谋颠覆联盟的丰饶秘系……,content,瓦尔特
146,*瓦尔特：星核的确引起了与丰饶有关的异象，难道药王秘传因此放弃了伪装？不应该啊，云骑的主力丝毫未损…一定有什么我们不知道的事情发生了，太卜不在，向营地里的云骑打听打听吧。,content,瓦尔特
147,*停云：那，恩公们不妨先到处看看，小女子找个地方歇歇脚。,content,停云
148,,default,
149,===打听云骑的战况，并等待符玄归来===,default,
150,{{任务描述|丹鼎司中一处市集，云骑军驻扎在此暂作休整。与此同时，符玄与斥候一同前去探查敌情。<br>眼下你们能做的只有暂时等待…或是，向云骑们打探此前的战况。|仙舟「罗浮」-丹鼎司}},default,
151,{{折叠|标题=额外对话（停云）|内容=,default,
152,*停云：恩公有没有同这些「药王秘传」的人说过话了？你觉得他们如何？,content,停云
153,{{剧情选项|选项1=还没有…}},default,
154,*停云：这些家伙到底为何要背叛罗浮呢…想不明白啊。,content,停云
155,|折叠=是}},default,
156,{{折叠|标题=额外对话（惊魂未定的云骑）|内容=,default,
157,*惊魂未定的云骑：只差一点…只差一点啊……,content,惊魂未定的云骑
158,*惊魂未定的云骑：服役三百年的老人都变成了…那种不人不鬼的模样！只差一点…只差一点我就……,content,惊魂未定的云骑
159,|折叠=是}},default,
160,{{折叠|标题=额外对话（天舶司的狐人）|内容=,default,
161,*天舶司的狐人：云骑军的训练那么严格，怎会失控成这样？,content,天舶司的狐人
162,*天舶司的狐人：人受「魔阴身」的困扰也就罢了，怎么连狐人与持明也……,content,天舶司的狐人
163,|折叠=是}},default,
164,{{折叠|标题=额外对话（低声念叨的云骑）|内容=,default,
165,*低声念叨的云骑：「药王秘传」，谁知道敌人竟是「药王秘传」……,content,低声念叨的云骑
166,*低声念叨的云骑：唉，想来太卜大人是怕打草惊蛇，才对我们秘而不宣吧。,content,低声念叨的云骑
167,|折叠=是}},default,
168,{{折叠|标题=额外对话（紧张的云骑士卒&云骑队长）|内容=,default,
169,*紧张的云骑士卒：这和以前打的仗不一样！队长，这回连自己的战友都可能是敌人……,content,紧张的云骑士卒
170,*云骑队长：战友堕入魔阴身应该怎么做，当云骑的心里都有数，不要忘记你受过的训练。,content,云骑队长
171,*紧张的云骑士卒：可、可是，这不应该啊。我们还没有到岁数，还没到魔阴身的岁数……,content,紧张的云骑士卒
172,*云骑队长：我在《云骑武经》中看过相关的记载：接触寿瘟祸祖之人，瞬间堕入魔阴…但没想到，「药王秘传」竟然真的存在，真的就在我们身边。,content,云骑队长
173,*紧张的云骑士卒：我、我、我不知道接下来咱们队伍中还会有多少人……,content,紧张的云骑士卒
174,|折叠=是}},default,
175,{{折叠|标题=额外对话（颓唐的云骑）|内容=,default,
176,*颓唐的云骑：我当时只觉…身边都是敌人。脑袋里只有恨意，想一人杀出去……,content,颓唐的云骑
177,|折叠=是}},default,
178,{{折叠|标题=额外对话（癫狂的信徒）|内容=,default,
179,:云骑看守着一个喃喃自语的犯人。,default,
180,*癫狂的信徒：我…看到了我看到我自己成了雷霆我看到自己变成风暴……,content,癫狂的信徒
181,*癫狂的信徒：丹炉中的烟气…我嗅到了未来……,content,癫狂的信徒
182,*癫狂的信徒：血肉泥犁困不住我…化身玄鹿我看到了枝叶伸展遮蔽穹窿，我将再度变化……,content,癫狂的信徒
183,*押解的云骑：咱们俘虏了几个「药王秘传」的妖人，有些人疯了。他是疯得最彻底的一个。,content,押解的云骑
184,:那名丹士的双眼失焦，分别望着不同的方向，仿佛同时看到了一条小径分岔的两端。,default,
185,|折叠=是}},default,
186,{{折叠|标题=额外对话（金人司阍）|内容=,default,
187,*金人守卫：持箓，方可行动…,content,金人守卫
188,*三月七：什么意思？,content,三月七
189,*瓦尔特：要我们出示行动命令的意思吧。,content,瓦尔特
190,|折叠=是}},default,
191,{{折叠|标题=试图进入云骑守卫把守的区域|内容=,default,
192,*云骑守卫：太卜随斥候前去探察敌情了，请您在此稍作逗留。,content,云骑守卫
193,|折叠=是}},default,
194,----,default,
195,:{{颜色|描述|与被俘的信徒对话}},default,
196,:一位云骑站在俘虏旁边。你们说明自己的身份和将军的命令后，他不再阻拦你的接近。,default,
197,*警惕的云骑：想要问话？可以。但我必须全程旁听，这部分内容要一并录入口供。,content,警惕的云骑
198,*被俘的信徒：嘻嘻，总算有个说话的伴儿了。被这群板着脸儿一声不吭的云骑押着…嘻嘻，真无聊啊～,content,被俘的信徒
199,{{剧情选项,default,
200,|选项1=关于星核…,option,开拓者
201,|图标1=对话,default,
202,|剧情1=*被俘的信徒：那颗发光的种子？哈哈，我见过呀，它可真美。望进去，里面有声音会说话哩……,branch_content,被俘的信徒
203,*三月七：开拓者，你还记不记得…可可利亚。,content,三月七
204,*开拓者：……,content,开拓者
205,*被俘的信徒：魁首说靠着这东西，我们能为「建木」注入新生。嘻嘻，我原本是不信的。,content,被俘的信徒
206,*被俘的信徒：咱们想了那么多办法，花了短生种几辈子的时间，「建木」却没有一丝活过来的迹象。,content,被俘的信徒
207,*被俘的信徒：但现在你瞧——嘻嘻，「唯有星神的力量才能再现神迹」。没错，没错，伟大的药王「丰饶」！,content,被俘的信徒
208,|选项2=关于建木…,option,开拓者
209,|图标2=对话,default,
210,|剧情2=*被俘的信徒：你也看到了，对吧！建木重生的样子，嘻嘻，何其壮绝！,branch_content,被俘的信徒
211,*被俘的信徒：在长生种都回忆不起的神降时代，药王「丰饶」将建木赐给罗浮仙舟。借着这株神木，人类实现了无数奇迹：息壤、木无患、自在应身…,content,被俘的信徒
212,*被俘的信徒：只可恨妖弓毁掉了一切，颠倒黑白，抹去了药王的一切功绩…不过要不了多久，咱们就能重归神降时代的繁华！,content,被俘的信徒
213,*被俘的信徒：你见识过和我们一起战斗的那些异兽了，对吧？这只是「建木」小小的恩赐……,content,被俘的信徒
214,*警惕的云骑：住口吧，胡言妄语的鼠辈。云骑军用不了多久就会把你们连根拔起。,content,警惕的云骑
215,|选项3=你们对那些云骑做了什么？,option,开拓者
216,|图标3=对话,default,
217,|剧情3=*被俘的信徒：做了什么？我们治好了自己的同胞啊。嘻嘻，被困在孱弱的血肉里，一定很痛苦吧……,branch_content,被俘的信徒
218,*警惕的云骑：混蛋…我真想现在就砍了他。,content,警惕的云骑
219,*被俘的信徒：哦，你们不懂…短生种不懂的。什么「魔阴身」？那是药王所赐的第二生命！消解我执，成就仙体，自由自在的生命！,content,被俘的信徒
220,*被俘的信徒：我在你的眼睛里看到了对力量的渴望。此生苦短，不是吗？嘻嘻，我可以、我可以让你……,content,被俘的信徒
221,*警惕的云骑：别被他的花言巧语蛊惑了。,content,警惕的云骑
222,*被俘的信徒：逗他们玩玩罢了，军爷。嘻嘻，没有「丰饶」的赐福，你们短生种可承受不了这种「转变」。,content,被俘的信徒
223,|选项4=问完了。,option,开拓者
224,}},default,
225,{{折叠|标题=额外对话（停云）|内容=,default,
226,*停云：恩公同「药王秘传」的人说过话了？你觉得他们如何？,content,停云
227,{{剧情选项,default,
228,|选项1=疯狂…,option,开拓者
229,|剧情1=*停云：是啊。可在丰饶之民看来——,branch_content,停云
230,*停云：无视长生种的本性，遏制心魔，假扮凡人维持文明社会，就像成年人玩小孩子过家家。这是另一种疯狂。,content,停云
231,|选项2=可怜…,option,开拓者
232,|剧情2=*停云：是咎由自取。仙舟联盟不允许有人触碰长生的禁忌。,branch_content,停云
233,*停云：这群人索求星神的力量时，就该考虑清楚，自己是否有能力支付相应的代价。,content,停云
234,|选项3=为了追求知识，可以理解…,option,开拓者
235,|剧情3=*停云：您还真是胆大呢，这话也敢当着大庭广众说…还是小声些罢，若让云骑军听到，他们可不会手软的。,branch_content,停云
236,*停云：恩公竟是个为达成目的不择手段的人呢。,content,停云
237,}},default,
238,*停云：比起害怕死亡，仙舟人对「不死」的恐惧反而更深呢。,content,停云
239,*停云：如愿以偿获得了长生，却要面对比死更恐怖的结局，那位「丰饶」之主真是开了个恶毒的玩笑啊。,content,停云
240,|折叠=是}},default,
241,----,default,
242,:{{颜色|描述|与驻守云骑对话}},default,
243,:这位驻守的云骑战士面色铁青。看到你们靠近，他点头致礼。,default,
244,*驻守云骑：长话短说吧。请见谅，兵凶战危，现下不是分神闲聊之时。,content,驻守云骑
245,{{剧情选项|选项1=战况如何？}},default,
246,*驻守云骑：我们按照太卜的军令，几个时辰前攻陷此处。之后我们才知道，原来此行的对手是信奉{{注音|寿瘟祸祖|药师}}的「药王秘传」。,content,驻守云骑
247,*驻守云骑：原本一切顺利，无论是「药王秘传」的妖人，还是受他们驱使的异兽都不是我们的对手。,content,驻守云骑
248,*驻守云骑：但没过多久，行伍里的弟兄姐妹突然不分敌我、肆意砍杀起来……,content,驻守云骑
249,{{剧情选项,default,
250,|选项1=是魔阴身…,option,开拓者
251,|剧情1=*驻守云骑：可恨！「药王秘传」到底使了什么妖法！,branch_content,驻守云骑
252,|选项2=那些怪物…,option,开拓者
253,|剧情2=*驻守云骑：不止「药王秘传」炮制的怪物，也有我的同袍……,branch_content,驻守云骑
254,|选项3={{黑幕|若与受伤的云骑对话且未能成功施救才有该选项}}有个受伤的战士没能归队…,option,开拓者
255,|剧情3=*驻守云骑：感谢各位报知，我这就派人去察看。,branch_content,驻守云骑
256,}},default,
257,*驻守云骑：仙舟人最忌讳将「魔阴身」展露人前，因为那意味着放弃为人，输给了埋藏在长生血脉中的「孽物」…也违背了帝弓的训诫。,content,驻守云骑
258,*驻守云骑：「药王秘传」所为的，是每个联盟子弟最痛恨的卑劣行径！,content,驻守云骑
259,*驻守云骑：…我对帝弓咒誓，必为同袍报仇雪恨。,content,驻守云骑
260,{{折叠|折叠=是|标题=未完成冒险任务「以盲为明，天之僇民」|内容=,default,
261,===与三月七交谈，讨论现状===,default,
262,*三月七：等太卜回来，咱们可能要面对一场硬仗了…害得我都有些紧张了。,content,三月七
263,*三月七：开拓者，你做好准备了吧？,content,三月七
264,{{剧情选项,default,
265,|选项1=准备好了。,option,开拓者
266,|剧情1={{提示|红色|宽度=100%|请注意，若未完成冒险任务[[蝮蛇鸩鸟，万寿迢迢]]和/或[[以盲为明，天之僇民]]将永久丢弃任务！<br>若放弃任务[[以盲为明，天之僇民]]将损失80星琼，并获得10星琼隐藏成就[[与你同行的回忆#雄虺蓁蓁/云骑之友|云骑之友]]，其与[[与你同行的回忆#雄虺蓁蓁/云骑之友|雄虺蓁蓁]]为二选一成就，同时大地图上会多一个NPC丹枢{{黑幕|虽然也有可能是bug}}}},branch_content,
267,|选项2=还没，得好好准备一番…,option,开拓者
268,|图标2=退出,default,
269,}}}},default,
270,----,default,
271,:{{颜色|描述|你们等待了一会后，符玄回到了云骑戍守区…}},default,
272,*云骑守卫：太卜大人，您回来了！,content,云骑守卫
273,*符玄：久等了，诸位。我已查明「药王秘传」的玄虚。,content,符玄
274,{{剧情选项,default,
275,|选项1=可让我们好等啊。,option,开拓者
276,|剧情1=*符玄：哼，本座只是客气客气。依着卜算结果，你在这里也没等多久。,branch_content,符玄
277,|选项2=何不早说药王秘传的事？,option,开拓者
278,|剧情2=*符玄：抱歉，为防机密外泄，「药王秘传」之事只有我和将军知晓。,branch_content,符玄
279,*符玄：这是一个阴谋颠覆联盟的隐秘组织。他们常年潜伏在暗处，这次星核作祟，终于忍不住露了行踪。并且，这一场灾乱与他们也有非同寻常的关系。,content,符玄
280,|选项3=你们别故弄玄虚就好…,option,开拓者
281,|剧情3=*符玄：抱歉，为防机密外泄，「药王秘传」之事只有我和将军知晓。,branch_content,符玄
282,*符玄：这是一个阴谋颠覆联盟的隐秘组织。他们常年潜伏在暗处，这次星核作祟，终于忍不住露了行踪。并且，这一场灾乱与他们也有非同寻常的关系。,content,符玄
283,}},default,
284,*瓦尔特：战事不利，太卜身先士卒，亲自探察敌情，令人钦佩。,content,瓦尔特
285,*符玄：那…那倒也没什么！演算之事，须卜者亲炙，获得一手情报方能趋近正确结果……,content,符玄
286,*符玄：等等…谁说战事不利来着？「药王秘传」蓄谋已久，手段了得，但我军也未见劣势，怎能说战事不利？,content,符玄
287,{{剧情选项,default,
288,|选项1=接下来，是想让我们上阵了？,option,开拓者
289,|剧情1=*符玄：你很机灵嘛。,branch_content,符玄
290,*三月七：看看，跟太卜待久了，咱们几个都沾上了未卜先知的毛病了。,content,三月七
291,|选项2=你等我们，怕是又有所求吧？,option,开拓者
292,|剧情2=*符玄：看来你已有准备啊。,branch_content,符玄
293,*三月七：唉，头一回见你们家驭空大人，她有句话说的可好：「这是仙舟内务，不劳各位挂怀」。,content,三月七
294,*三月七：怎么一眨眼，什么苦差事都塞给我们了？公司都没你们会差遣人。,content,三月七
295,}},default,
296,*三月七：咱猜猜，这回你打算让我们做什么？不会是打头阵…和云骑军一起…冲锋吧？,content,三月七
297,*三月七：不去不去！本姑娘晕大场面！,content,三月七
298,*符玄：谁说要让各位上战场了……,content,符玄
299,*三月七：没、没有吗？,content,三月七
300,*符玄：景元吩咐过，各位是因缘际会而来的奇兵，端得一个「奇」字。适才云骑的强攻，乃是示敌以正。用奇之时，就在此刻。,content,符玄
301,*符玄：各位，请随本座来。,content,符玄
302,,default,
303,===跟随符玄===,default,
304,{{任务描述|不多时太卜便回到阵中。按她所说，药王秘传召来了奇异孽物，并以妖术扰乱心神，令云骑们无法前进。<br>而今她已经查明原因，但要解除此厄，非得由身为短生种的你们帮助不可。|仙舟「罗浮」-丹鼎司}},default,
305,*符玄：受赐「建木」后，丹鼎司曾是罗浮仙舟最重要的司部。,content,符玄
306,*符玄：毕竟，是他们将所有仙舟人转变成了长生种…也是他们自「建木」中研究出了种种不可思议的技术。,content,符玄
307,*符玄：可到最后，丹士们仍不满足，开始以操纵生命为乐。对「建木」的研究，就像饮鸩止渴…越深入，越渴望。,content,符玄
308,----,default,
309,*符玄：「晓钟觉迷梦中梦，烟霞聚散身外身」…各位，瞧见那边了罢？,content,符玄
310,*停云：好大的丹炉，还在冒烟呢。,content,停云
311,*符玄：这是古时候丹士们阐演仙道的地方。他们在此建起丹炉，汲取「建木」之力，化奇想为现实。因为炉中烟霭不息，故得名「云霞紫府」。,content,符玄
312,*符玄：名字虽然风雅，却是兵法上的死地。只要丹炉不熄，云霞缭绕，我们便寸步难近。,content,符玄
313,*瓦尔特：这就是云骑军失控入魔的原因？,content,瓦尔特
314,*符玄：正是。「药王秘传」在这散入洞天各处的雾霭中，混入了诱发魔阴身的丹药。,content,符玄
315,*符玄：除非能闭气行军，不然云骑军将不战自溃。因为没人知道身边的战友会在什么时候堕入魔阴身。还有什么比猜忌能更好地瓦解一支军队的士气？,content,符玄
316,*瓦尔特：云骑的第一次强攻只是掩护，太卜用云骑主力吸引敌人注意，而让我们去熄灭丹炉，止住烟雾。,content,瓦尔特
317,*符玄：「药王秘传」放弃百年潜伏，选择现在示身，说明其有必胜把握；然而准备再充分，终究是冲着云骑军而来。各位的能力与存在，「药王秘传」丝毫不知，也无法防备。,content,符玄
318,{{剧情选项,default,
319,|选项1=这股烟雾对我们没有影响？,option,开拓者
320,|剧情1=*符玄：对，这妖雾是专为对付云骑军的杀手锏。,branch_content,符玄
321,*符玄：「建木」是罗浮禁忌。仙舟联盟素来独立，「药王秘传」的人怎么也料不到将军敢请外援，当然也不会为了对付短生种而作准备。,content,符玄
322,|选项2=为何不让狐人与持明去试试？,option,开拓者
323,|剧情2=*符玄：你误会了魔阴身，它不是专对人类生效的诅咒。狐人不易魔阴身，是因为他们虽为长生种，寿命却并不无限；而持明凭借「蜕鳞」抛却旧世。仅就魔阴身而言，长生种是平等的……,branch_content,符玄
324,*符玄：不过，「药王秘传」的人怎么也料不到将军敢请外援，当然也不会为了对付短生种而作准备。,content,符玄
325,}},default,
326,*瓦尔特：景元将军所说的奇兵，就是这个意思么？,content,瓦尔特
327,*符玄：本座不敢妄言。只能说，星核猎手的预言比本座的卜算更准。卡芙卡所求的未来正在一一应验。,content,符玄
328,{{剧情选项,default,
329,|选项1=我不想按他们的预言行动。,option,开拓者
330,|剧情1=*符玄：我也不想受人摆布。但人们行于命途之上并非独来独往，不受羁绊。每个人的选择除了造就自身，也将同行之人推向前方。,branch_content,符玄
331,|选项2=也只有这一条路可走了…,option,开拓者
332,|剧情2=*符玄：是「只有这条路通向了已知最好的结果」，如果可以选，没有人会选择跳下悬崖。,branch_content,符玄
333,*符玄：何况，这并非是我一人的决定……,content,符玄
334,*符玄：太卜的职责是趋吉避凶。我不想让自己的选择，令罗浮滑向糟糕的未来。,content,符玄
335,}},default,
336,*符玄：言归正传，熄灭丹炉而不受其害，这件事只有你们能办到。意下如何？,content,符玄
337,*三月七：好吧，虽然太卜这回没有说「请」，但谁教这个忙只有咱们能帮。开拓者，杨叔，我说的对吧？,content,三月七
338,:{{颜色|描述|你和瓦尔特赞同地点了点头…}},default,
339,*符玄：一旦烟雾止息，我会立刻前来，绝不让各位孤军奋战。,content,符玄
340,{{折叠|标题=额外对话（符玄）|内容=,default,
341,*符玄：……,content,符玄
342,*符玄：咳咳，现在开始练习闭气，应该不算晚……,content,符玄
343,{{剧情选项,default,
344,|选项1=你看起来没事啊…,option,开拓者
345,|图标1=对话,default,
346,|剧情1=*符玄：离丹炉还很远哩。本座虽不通药理，但也知道抛开剂量谈毒性是纸上谈兵……,branch_content,符玄
347,*符玄：哼，虽然如此…本座心里面还是怕得要死！本座还年轻，不想这么快就坠入魔阴身啊！,content,符玄
348,{{剧情选项,default,
349,|选项1=那你还是退回本阵好了。,option,开拓者
350,|剧情1=*符玄：那怎么成！景元将云骑交托给我，连身先士卒都做不到，还想继任将军…咳，还想服众吗？,branch_content,符玄
351,|选项2=万一你现在暴起发病…,option,开拓者
352,|剧情2=*符玄：本座的运势涨落在兑、乾之间，当机立断便能不受其害。所以别多说话动摇我！！,branch_content,符玄
353,*符玄：本座会竭力维持神智，剩下的便靠你们了。,content,符玄
354,}},default,
355,|选项2=那股烟雾真的对我们无害？,option,开拓者
356,|图标2=对话,default,
357,|剧情2=*符玄：信不过本座是吧！,branch_content,符玄
358,*符玄：咳…要是本座说「不知道」，你该不会立即撂挑子不干吧？,content,符玄
359,{{剧情选项,default,
360,|选项1=你居然一点把握也没有？,option,开拓者
361,|剧情1=*符玄：胡说，本座很有把握！没问题的！,branch_content,符玄
362,|选项2=算一卦吧。,option,开拓者
363,|剧情2=*符玄：不用算。本座除术数占卜外，直觉也很准！,branch_content,符玄
364,}},default,
365,*符玄：…也给诸位吃颗定心丸罢。各位还不知道「魔阴身」是什么，对么？,content,符玄
366,*符玄：医士认为，「魔阴身」与记忆有关。长生种虽有极其漫长的寿命，记忆的容量终有极限。,content,符玄
367,*符玄：数百年，上千年过去，长生种能感受的情绪阈值不断提升，记忆也在天长日久的磨蚀下稀薄和厌倦，只留下了最极端、鲜明的沉淀。那几乎必定是痛苦和悔恨的回忆残渣……,content,符玄
368,*符玄：明白么？长生种的结局，就是不再感受到快乐与幸福、只余下如伤痕般镌刻在心头的痛悔恨仇。在这些极端情绪下，身为人的自我开始崩溃…这便是「魔阴身」的开端。,content,符玄
369,*符玄：短生种不必担心这些。你安心了吗？,content,符玄
370,*三月七：啊，那我倒安心了，我正好什么都不记得。,content,三月七
371,*符玄：…不对，你还是不明白。魔阴身的病因不是记忆，而是情感的阈值被磨砺到…算了，你便当记忆听罢。,content,符玄
372,|选项3=药王秘传有多少人马？,option,开拓者
373,|图标3=对话,default,
374,|剧情3=*符玄：数目寥寥，多为受蛊惑的丹士和医者。他们虽然能驱使异兽战斗，或是以丹药自壮身躯…但说到底并不是云骑军的对手。也正因此，这些人才会想出散布妖雾的法子。,branch_content,符玄
375,*符玄：实力对比如此悬殊，可他们却结束了潜伏，举事叛乱了。这不正常，这些人在等候什么转机……,content,符玄
376,|选项4=走了，不打扰你练习了。,option,开拓者
377,|图标4=退出,default,
378,|剧情4=*符玄：一旦丹炉熄灭，烟气散去，本座立即赶来。,branch_content,符玄
379,}},default,
380,|折叠=是}},default,
381,,default,
382,===关闭三座小型丹炉===,default,
383,{{任务描述|丹鼎司深处，古老的丹炉被重新启动，吐纳烟云。此处曾因这些丹炉而得名「云霞紫府」。但如今这些炉鼎释放的烟气已由药王秘传施加毒物，能令长生种更迅速地堕入魔阴身状态。<br>但作为被星核猎手诱来此处的短生种，你们却无巧不巧地成了符玄所需要的帮手。|仙舟「罗浮」-丹鼎司}},default,
384,*三月七：唉，我总觉得，虽然长生种能活很久……,content,三月七
385,*三月七：但论烦恼和痛苦，和咱们这些短生种也没什么两样。,content,三月七
386,----,default,
387,*三月七：等等，停云小姐，你怎么还不回去！这里离丹炉很近了！,content,三月七
388,*停云：承蒙关心，小女子没事～谁叫将军命令我跟着各位呢，可不敢违抗军令呀。,content,停云
389,*瓦尔特：人命关天。停云小姐，你回去吧，将军那儿我们解释。,content,瓦尔特
390,*停云：真不必。嘻，小女子常年在宇宙中航行，别看年纪不小，实际满打满算也只有十几年阅历呢。,content,停云
391,*停云：几位恩公怕是都比我活得长些。,content,停云
392,----,default,
393,{{折叠|标题=额外对话（试图直接前进，不关闭丹炉）|内容=,default,
394,*三月七：等等，咱们还没有关闭这些丹炉呢？！,content,三月七
395,|折叠=是}},default,
396,:{{颜色|描述|关闭第一座小型丹炉}},default,
397,:炉身渐渐停止震动，不停涌出的烟霭渐渐止息。,default,
398,*三月七：烟雾似乎变淡了一点……,content,三月七
399,*瓦尔特：哪有这么快。咱们得加紧脚步了。,content,瓦尔特
400,----,default,
401,:{{颜色|描述|第二座小型丹炉并没有启用}},default,
402,{{折叠|标题=额外对话（打开原本关闭的第二座小型丹炉）|内容=,default,
403,:炉身开始震动，原本冷却的丹炉中喷涌出烟雾。,default,
404,*三月七：关…快关掉它！开拓者，你怎么把关闭的丹炉打开了？,content,三月七
405,{{折叠|标题=额外对话（关闭小型丹炉后再次打开）|内容=,default,
406,:炉鼎上的符箓黯淡无光，丹炉静默。,default,
407,:你好奇地将手放在一枚古老的篆纹之上，炉身开始震动，烟霭腾空而起。,default,
408,*三月七：你是故意的吧！,content,三月七
409,|折叠=是}},default,
410,|折叠=是}},default,
411,----,default,
412,:{{颜色|描述|关闭第三座小型丹炉}},default,
413,*三月七：好嘞，完成了！这下烟雾瞧不见了。,content,三月七
414,*符玄：好…好极了。本座这就率军前来汇合。,content,符玄
415,,default,
416,===前往太真丹室，迎战药王秘传===,default,
417,{{任务描述|丹鼎司深处，古老的丹炉被重新启动，喷吐烟云。此处曾因这些丹炉而得名「云霞紫府」。但如今这些炉鼎释放的烟气已被药王秘传施加毒物，能令长生种更迅速地堕入魔阴身状态。<br>既然只有你们能破解困局，当然没有推脱的理由。关闭丹炉后，你们随即前往迎战药王秘传。|仙舟「罗浮」-丹鼎司}},default,
418,*「药王秘传」魁首：炉鼎…熄灭了。,content,魁首
419,*「药王秘传」魁首：不要紧，该来的终究还是来了。,content,魁首
420,*符玄：是你啊，丹枢……,content,符玄
421,*「药王秘传」魁首：丹士长见过太卜大人…您好像并不意外。,content,魁首
422,*符玄：嗯，「药王秘传」必藏身丹鼎司，将军和本座心知肚明。只是捉不住把柄，没法问六司的罪，只好等你自己跳出来了。,content,符玄
423,*符玄：也好，将星核邪祟引入仙舟，重生建木，诱人堕入魔阴身…这些大罪，十王司会一条一条同你清算。,content,符玄
424,*「药王秘传」魁首：罪？如果我所为有罪，那末仙舟的先祖将与我同罪！是他们接受了「丰饶」之赐，将后裔转化成了长生种……,content,魁首
425,*「药王秘传」魁首：「药王秘传」只是走在他们曾经走过的道路上，追求超脱，何罪之有？,content,魁首
426,*「药王秘传」魁首：彼时，建木玄根包覆罗浮仙舟，宛如有生之物。我族捭阖星海，无可匹敌。人人皆能得道成仙，自在变化。丰饶神迹降于九艘仙舟，那是何等荣光的时代……,content,魁首
427,*「药王秘传」魁首：再瞧现在，仙舟沦落成了何等模样？！甘受妖弓驱使，屡遭丰饶之民涂炭，「十王司」甚至逼迫我们放弃长生……,content,魁首
428,*「药王秘传」魁首：可叹啊，我不怪你无知。因为我们没能出生在建木初降的时代，见证那时的奇迹。但现在，我们还有机会，恢复古制……,content,魁首
429,*符玄：我以为你有何高论，不过是些追求力量再不做人的老套说辞。,content,符玄
430,*符玄：仙舟先民与帝弓同战，毁弃建木，设立「十王司」划定生死，正是为了重新以人类的姿态活下去。,content,符玄
431,*符玄：仙人？仙舟之上并无仙人。什么「丰饶」神迹，什么操弄生死，你们的所作所为，不过是妖孽行止罢了！,content,符玄
432,*「药王秘传」魁首：话不投机半句也多。太卜大人，您已做出选择，您抛弃了力量…那是最愚蠢的选择。,content,魁首
433,:{{颜色|描述|进入战斗}},default,
434,*「药王秘传」魁首：太卜，容我向您展示「仙人」们曾做到的事情。,content,魁首
435,:{{颜色|描述|击败第一波敌人后，{{图标|小|承露天人}}药王秘传•魁首进入战斗}},default,
436,*「药王秘传」魁首：慈怀药王，听我呼召！,content,魁首
437,:{{颜色|描述|击败{{图标|小|承露天人}}药王秘传•魁首}},default,
438,*「药王秘传」魁首：为何…为何如此？她明明说过……,content,魁首
439,----,default,
440,*「药王秘传」魁首：「建木」降临…会带来不死的仙躯——,content,魁首
441,*「药王秘传」魁首：赐予我们星核的人…这么说……,content,魁首
442,*「药王秘传」魁首：幻胧…「药王秘传」做到了……,content,魁首
443,*「药王秘传」魁首：「绝灭大君」也该兑现承诺…快！就是现在！,content,魁首
444,*停云：啧啧，为什么要逼我亲自出手呢，这有悖我的「毁灭」美学呀…小卒子。,content,停云
445,*停云：罢了，看来要从内部崩裂仙舟，还得用别的法子……,content,停云
446,{{折叠|标题=过场动画|内容=,default,
447,:{{颜色|描述|停云（？）缓缓走向魔阴身士卒…}},default,
448,*停云（？）：真可惜,content,停云
449,*停云（？）：还想多观察一阵子呢……,content,停云
450,*停云（？）：既然领受了「丰饶」的恩赐,content,停云
451,:{{颜色|描述|停云（？）在魔阴身士卒身上轻轻一弹，便将它们变为了虚卒…}},default,
452,*停云（？）：你们应该承受得住「毁灭」的,content,停云
453,*停云（？）：祝福吧？,content,停云
454,:{{颜色|描述|停云（？）以诡异的角度扭动脖子后瘫倒在地上…}},default,
455,:{{颜色|描述|她全身散发光芒，一团金色的火焰从中升起，随后停云的身体凭空消失了…}},default,
456,*三月七：停云小姐！,content,三月七
457,*？？？：列位「恩公」,content,
458,*？？？：容我重新介绍——}},content,
459,:{{颜色|描述|进入战斗}},default,
460,*？？？：我是「绝灭大君」幻胧。,content,
461,*幻胧：我来此，乃是让这仙舟分崩离析，自灭而亡！,content,幻胧
462,*三月七：停云小姐是…军团的「绝灭大君」？！这、这到底是怎么回事啊？！,content,三月七
463,*符玄：诸位，冷静！大敌当前，切不可乱了阵脚！,content,符玄
464,:{{颜色|描述|击败两波敌人}},default,
465,*幻胧：盯上仙舟的不是「焚风」，不是「星啸」，你们很幸运哦。,content,幻胧
466,*幻胧：我嘛，是最不喜欢亲手制造毁灭的了……,content,幻胧
467,*幻胧：可惜那位将军执意要我登台，幻胧也只得献丑一番。,content,幻胧
468,*幻胧：该赴约了，请容我先行告退，希望你们能同这些戏子…玩得开心。,content,幻胧
469,:{{颜色|描述|击败所有反物质军团}},default,
470,----,default,
471,*三月七：这…这…所以，和我们一路同行的停云小姐是军团的人？！,content,三月七
472,*三月七：她身上冒出的那团火又是什么东西？停云小姐的身体…她的身体又去哪儿了？,content,三月七
473,*三月七：杨叔，你见多识广，刚才到底发生了什么？！,content,三月七
474,{{剧情选项,default,
475,|选项1=瓦尔特先生…,option,开拓者
476,|选项2=……,option,开拓者
477,}},default,
478,*瓦尔特：……,content,瓦尔特
479,*瓦尔特：那团火焰自称绝灭大君，幻胧。这个名字，我曾经从其他无名客口中听过。,content,瓦尔特
480,*瓦尔特：她是纳努克座下的七位大君之一，钟爱凡人的自毁，许多生灵被她诱入过万劫不复的深渊……,content,瓦尔特
481,*符玄：言下之意是，那位天舶司的姑娘早已遭其蛊惑，成了军团的走卒？,content,符玄
482,*瓦尔特：…我不这么认为。幻胧钟情于精神与物质双方面的毁灭，由心灵的溃败导向肉体的消亡。,content,瓦尔特
483,*瓦尔特：但停云的言谈举止却不像是受蛊惑，或被操纵，若她不是原本的停云，那更可能是幻胧的化形。,content,瓦尔特
484,{{剧情选项,default,
485,|选项1=所以停云…,option,开拓者
486,|选项2=……,option,开拓者
487,}},default,
488,*三月七：杨叔的意思是，真正的停云还……,content,三月七
489,*瓦尔特：抱歉，三月七，我无法给出肯定的答复。原本的停云身在何方，又是何时被偷梁换柱，随着那具身躯的消散，我们已无从查究。,content,瓦尔特
490,*瓦尔特：这只是我个人的猜想…和希望。如果那就是停云，幻胧为何要多此一举湮灭证据。将遗体扔于故人面前，岂不更符合她的毁灭「美学」？,content,瓦尔特
491,*瓦尔特：我相信这才是幻胧的目的——让我们因此身陷混乱和猜疑，彻底落入她的毒计。,content,瓦尔特
492,*符玄：难怪「药王秘传」兴起叛乱，原来是与军团大君暗中勾结。她伪装仙舟人的样貌，将星核送入罗浮，让我们自相毁灭……,content,符玄
493,*符玄：她的目标一定是建木！染指建木，有如夺走罗浮的根源，如此一来，覆灭仙舟轻而易举。事不宜迟，必须阻止她！,content,符玄
494,:{{颜色|描述|获得书籍[[未被销毁的信笺]]}},default,
495,,default,
496,===乘坐星槎进入鳞渊境===,default,
497,{{任务描述|变生腋肘，药王秘传的魁首濒死之际，呼唤为她带来星核之人，反物质军团的援手。而那位时刻追随你们左右的引路人「停云小姐」却以令人震悚的方式化为一团火焰，向你们宣布它的真实身份：绝灭大君，幻胧。<br>幻胧以军团爪牙阻住你们的去路，而它即将深入鳞渊境，染指仙舟人长生的起源，建木。|仙舟「罗浮」-丹鼎司}},content,向你们宣布它的真实身份
498,*符玄：登上星槎，前方便是封印建木的洞天，「鳞渊境」。,content,符玄
499,*符玄：开拓者，我们现在就出发吧？,content,符玄
500,----,default,
501,*符玄：那家伙以仙舟人的样貌潜伏行事，愚弄我等…真是可恶、可恶至极。,content,符玄
502,*符玄：更让人担心的是…还有多少反物质军团的卒子潜伏在仙舟之上？,content,符玄
503,{{剧情选项,default,
504,|选项1=关于停云…,option,开拓者
505,|图标1=对话,default,
506,|剧情1=*三月七：这一切发生的太突然了…但杨叔说得对，回过头看，停云小姐是有不少古怪的地方，尤其对「丰饶」的造物过于感兴趣了。,branch_content,三月七
507,*符玄：既然是天舶司派出的使节，显然天舶司中确有「停云」其人，放心，她的去向就由云骑军探查究竟。,content,符玄
508,*符玄：至于出现在我们身边的这位「停云」…正如瓦尔特先生所言，她表现出的阴毒与残忍正是为了扰乱我们的心神，切不可落入陷阱。,content,符玄
509,|选项2=关于鳞渊境…,option,开拓者
510,|图标2=对话,default,
511,|剧情2=*符玄：那本是持明族管理的洞天，据说是自持明故乡世界移栽而来的古海胜境。,branch_content,符玄
512,*符玄：「建木」自从在大战中被斫断后，其根系盘虬，从未真正死灭。,content,符玄
513,*符玄：联盟决议，将建木封入了鳞渊境，并交由持明龙尊世代守望，意在借助持明龙裔的力量遏制建木。,content,符玄
514,*符玄：时间过去太久了，也不知当年的封印是否仍在…就算在，恐怕也挡不住那个幽魂般的绝灭大君。,content,符玄
515,|选项3=景元去哪里了？,option,开拓者
516,|图标3=对话,default,
517,|剧情3=*符玄：我已将眼前的情况报知了神策府。,branch_content,符玄
518,*符玄：他自从在穷观阵与我通话后，便再也没有音信，说是「有机缘要事，必须亲至」。,content,符玄
519,*符玄：情况已到了危如累卵的时刻，只能相信将军了……,content,符玄
520,|选项4=（暂时停留）,option,开拓者
521,|图标4=退出,default,
522,|剧情4=*符玄：还不行动吗？再迟恐怕情势有变。,branch_content,符玄
523,}},default,
524,{{剧情选项|选项1=事不宜迟，立刻出发吧。}},default,
525,,default,
526,===完成[[螣蛇无穴，旧梦亡阙]]、[[得其雨露，安其壤土]]===,default,
