﻿line_number,content,category,character
1,{{提示|蓝色|宽度=100%|如果选择选项下面对话没变不是BUG了，而是游戏本身对话就是一样的。}},option,开拓者
2,{{任务,default,
3,|任务名称=得其雨露，安其壤土,default,
4,|任务地区=仙舟「罗浮」,default,
5,|任务类型=开拓任务,default,
6,|角色=丹恒•饮月,default,
7,|所属版本=1.2,default,
8,|任务描述=在踏入鳞渊境时，你{{黑幕|丹恒，后同}}并未想到自己会遭遇如此纷乱的局势。旧恨寻仇拦住你的去路，而追猎他行踪的少年剑士也决意不放你们二人离开。及至景元将军登场，你才明白，自己在仙舟上的过去终于还是卷土重来。<br>身为持明龙尊的转世之身，有人将你引至此处，有人要你重现过去的奇迹——唯独没有人问你，你是否接受这一切。,default,
9,|奖励=无,default,
10,|任务条件=完成任务[[螣蛇无穴，旧梦亡阙]],default,
11,|开放等级=34,default,
12,|相关成就=通往群星的轨道#饮月君临,default,
13,|相关道具=,default,
14,|相关书籍=,default,
15,|出场人物=景元、丹恒•饮月、三月七、瓦尔特、符玄,default,
16,|系列任务=云树百丈蔽重楼,default,
17,|任务编号=03,default,
18,|前置任务=*[[螣蛇无穴，旧梦亡阙]],default,
19,|后续任务=*[[有龙矫矫，其渊渺渺]],default,
20,|任务流程=*前往显龙大雩殿,default,
21,*（可选）与殿中众人交谈,default,
22,*以龙尊之力开启通往建木的「道路」,default,
23,}},default,
24,==剧情内容==,default,
25,===前往显龙大雩殿===,default,
26,{{任务描述|在踏入鳞渊境时，你{{黑幕|丹恒，后同}}并未想到自己会遭遇如此纷乱的局势。旧恨寻仇拦住你的去路，而追猎他行踪的少年剑士也决意不放你们二人离开。及至景元将军登场，你才明白，自己在仙舟上的过去终于还是卷土重来。<br>身为持明龙尊的转世之身，有人将你引至此处，有人要你重现过去的奇迹——唯独没有人问你，你是否接受这一切。|仙舟「罗浮」-鳞渊境}},default,
27,*丹恒：开拓者，三月和杨叔…你把他们带到这儿来了？！,content,丹恒
28,*景元：对，就在前方的「显龙大雩殿」上。,content,景元
29,*景元：走吧，你的朋友们在等着你呢。,content,景元
30,----,default,
31,{{折叠|标题=额外对话（调查一处地上的军团碎片）|内容=,default,
32,*景元：我提防着丰饶孽物、星核猎手、药王秘传…可千算万算，终是没料到「反物质军团」的出现。,content,景元
33,*景元：巡猎未已，又要同邪魔交战…哼哼，此役之后，不论罗浮存在与否，联盟必与军团不死不休。,content,景元
34,|折叠=是}},default,
35,{{折叠|标题=额外对话（调查另一处地上的军团碎片）|内容=,default,
36,*景元：军团从未对联盟出手。在情报里，他们是一群疯狂破坏的战争机器。大意啦，七大君各自的军团都有鲜明的风格，真不好办。,content,景元
37,*景元：「幻胧」大君喜爱事物自身的内部崩解，所以炮制了星核之乱，撺掇药王秘传走上前台。如今阴谋败露，她不得不亲自下场。不对，此举不符合她的毁灭美学。幻胧必有后着……,content,景元
38,|折叠=是}},default,
39,{{折叠|标题=额外对话（持明蜃影）|内容=,default,
40,*青年的声音：她蜕生了…抛下我独自一人。,content,青年的声音
41,*青年的声音：但我却依旧要等待蜕生降临的那一日，等上许久许久……,content,青年的声音
42,|折叠=是}},default,
43,{{折叠|标题=额外对话（调查第三处军团碎片）|内容=,default,
44,*景元：你知道吗？当初丹枫犯下重罪，十王司力主将你毁去。持明呢，半数赞同，半数反对。哈哈，因为化龙传承只完成了一半。持明长老恨极了你，却又不敢杀你。,content,景元
45,*景元：为了对十王司和天舶司有个交代，迫于压力，他们还是对丹枫执行了强制褪鳞之术，不过，故意留下了一道瑕疵。长老以为能瞒得过十王司，哼，好个如意算盘，但纸是包不住火的……,content,景元
46,|折叠=是}},default,
47,{{折叠|标题=额外对话（持明蜃影）|内容=,default,
48,*苍老的声音：依古籍所载，这泓水体是我族自故乡带出的「汤海」的一部分，无染无垢。,content,苍老的声音
49,*苍老的声音：龙祖以生命之水化育我等，赐予持明不朽。我等出于此处，亦当回归此处。,content,苍老的声音
50,|折叠=是}},default,
51,{{折叠|标题=额外对话（持明蜃影）|内容=,default,
52,*女性的声音：古海之水，澡洁吾心；古海之水，疗护吾身。,content,女性的声音
53,*女性的声音：此世善缘，俱已完纳；此生恶业，悉已净空。,content,女性的声音
54,|折叠=是}},default,
55,----,default,
56,*景元：看，你的朋友正在和军团的爪牙作战…,content,景元
57,*丹恒：加快脚步，帮他们一把。,content,丹恒
58,:{{颜色|描述|进入战斗，击败反物质军团}},default,
59,*符玄：景元！你可算是来了！,content,符玄
60,*景元：哈哈，我来迟了，这一路多亏符卿的撑持。神策府送来的战报我已收到，至于幻胧的计划么……,content,景元
61,*符玄：「建木」，最大的异象就在那里。,content,符玄
62,*符玄：据说绝灭大君幻胧的手段是令事物内乱自亡。她定是想要染指建木，广播寿瘟祸祖之力…将罗浮变成不死孽物横行的泥犁地狱。,content,符玄
63,*景元：嗯，我已有分晓。列车团的各位，我带来了一个人，你们一定想见见他。,content,景元
64,*三月七：你、你是…丹恒？！不会吧……,content,三月七
65,*三月七：你…是丹恒对吧？你头上这对角是怎么回事……,content,三月七
66,*丹恒：说来话长，三月。是我。,content,丹恒
67,*三月七：不是，你还真有隐藏的力量啊？！,content,三月七
68,*景元：好了，朋友叙旧的事且先放一放罢。,content,景元
69,*景元：诸位抵达罗浮时曾言列车团是为解决星核灾变而来，那时景元未敢应承，因为怀疑星核猎手另有图谋；如今看来，倒是我过度忧虑了。,content,景元
70,*景元：星核猎手确有图谋不假，哈哈，她把各位送来，故意把事态扩大，好让各位与仙舟并肩作战。事到如今，诸位的诚意已无可置疑…罗浮欠诸位一份感激，本不该再有索求。,content,景元
71,*景元：但诚如符卿所说，幻胧的出现令事态不再可控。身为罗浮将军，我不得不借丹恒的力量，也要请各位全力相助。,content,景元
72,*瓦尔特：罗浮之危机就算与星核无关，以我的个性也不会坐视不理。但我一人的意愿，并不能代表星穹列车。,content,瓦尔特
73,*瓦尔特：探索、了解、建立、联结…列车团奉行的开拓信条，不外乎八个字。旅途艰险，要贯彻它们却难于登天。,content,瓦尔特
74,*瓦尔特：畏惧、险境、敌人、死亡…种种阻碍横亘在旅途上，能走下去的无名客屈指可数。,content,瓦尔特
75,*瓦尔特：前进也好，离开也罢，无名客的目的地应该由他们自己选择…就像在列车上决定目的地时，亲手投出那一票一样。,content,瓦尔特
76,*三月七：丹恒，你…？,content,三月七
77,{{剧情选项,default,
78,|选项1=（伸出手）,option,开拓者
79,|剧情1=*景元：谢谢你，丹恒。,branch_content,景元
80,|选项2=（不伸出手）,option,开拓者
81,|剧情2=*丹恒：……,branch_content,丹恒
82,*景元：我不勉强，丹恒。,content,景元
83,}},default,
84,*丹恒：我并非以无名客的身份站在这里。因为此行的来去，我受人摆布，并无自由可言……,content,丹恒
85,*丹恒：但我会以持明后裔的身份，完成我对罗浮的责任。,content,丹恒
86,*三月七：好啊，大家和来时一样深明大义。那么，接下来将军有什么妙计？,content,三月七
87,*景元：妙计没有，只有赌一把。赌持明长老的半截褪鳞之术，赌丹恒还能拾回龙尊的记忆……,content,景元
88,*三月七：龙尊？,content,三月七
89,----,default,
90,:{{颜色|描述|你们走到了神似丹恒的一尊雕像前…}},default,
91,*景元：当年，「建木」虽被帝弓司命斫断，寿瘟祸祖的诅咒仍有少许残留。为了将之封印，罗浮请动「不朽」龙裔的力量，使驯服「建木」残骸成了可能。,content,景元
92,*景元：在古代龙尊的主持下，持明族导引古海之水，淹没鳞渊境洞天，将它作为封存「建木」的容器。为了纪念如此壮举和牺牲，仙舟联盟在鳞渊境中竖起显龙大雩碑，留下持明的造像。,content,景元
93,*三月七：这雕像好像丹恒啊，难道说……,content,三月七
94,*三月七：雕像上那人就是……,content,三月七
95,*三月七：丹恒的兄弟！,content,三月七
96,*景元：哈，少许相似罢了，那是很久以前的事啦。硬要说起来，历代龙尊的形象确实相差无几——本代除外。现在持明龙尊的继任者只是个袭名的小娃娃{{黑幕|白露}}，没有继承全部的力量。,content,景元
97,*景元：丹恒，你明白了吗？丹枫死后，罗浮的持明已没有能办到此事的人了。曾守望建木的你，应该能为我们开启前往「建木」的道路。,content,景元
98,*景元：接下来，就要看你的了。,content,景元
99,,default,
100,===（可选）与殿中众人交谈===,default,
101,{{任务描述|身为持明龙尊的转世之身，你{{黑幕|丹恒，后同}}的前世曾身负守望建木的职责，是众人仰止的英雄。但一桩冲动引致的罪行却改变了所有人的命运。<br>你曾决心不再重蹈覆辙，不再履踏故土，也绝不以那位龙尊的面目现身人前…可惜，一切终究只是你自己的愿望罢了。|仙舟「罗浮」-鳞渊境}},default,
102,{{折叠|标题=额外对话（试图离开）|内容=,default,
103,*云骑：将军与您还有要事相商。请留步。,content,云骑
104,|折叠=是}},default,
105,:{{颜色|描述|与三月七对话}},default,
106,*三月七：你真是吓我一跳。还以为你惹了什么麻烦，被将军逮住了呢！本来还盘算怎么搭救你，闹了半天，原来你们早就认识哇。,content,三月七
107,*三月七：之前就想问了，你怎么突然下车过来了啊。,content,三月七
108,{{剧情选项,default,
109,|选项1=我担心你们的安全。,option,开拓者
110,|剧情1=*三月七：哇，我有感动到！但有开拓者和杨叔在，你还不放心嘛！你瞧，咱们这一路帮忙，帮着帮着就快成仙舟的大英雄了。,branch_content,三月七
111,|选项2=……,option,开拓者
112,|剧情2=*三月七：我懂我懂，要是为难就不说了。谁还没点自己的秘密嘛。何况现在也不是刨根挖地满足好奇心的时候。,branch_content,三月七
113,}},default,
114,*三月七：丹恒，你能来，真是太好了！,content,三月七
115,{{折叠|标题=额外对话（三月七）|内容=,default,
116,*三月七：这么一说，这雕像和你确实没那么像……,content,三月七
117,*三月七：不过酷酷的气质倒是一脉相承，哈哈。}},content,三月七
118,----,default,
119,:{{颜色|描述|与符玄对话}},default,
120,*符玄：饮月君…的转世，丹恒，对吧？我听过你的名字。,content,符玄
121,{{剧情选项,default,
122,|选项1=不可能，我的名字被抹去了…,option,开拓者
123,|选项2=为什么要记流放者的名字？,option,开拓者
124,}},default,
125,*符玄：你的名字只是被十王司从公众面前抹去了。但身为太卜，本座知道、也应当知道罗浮上的陈年公案、旧事秘辛，以备不时之需。,content,符玄
126,*符玄：你作为「云上五骁」的英雄大放异彩时，我还没出生呢。亲眼见到当年的传奇……,content,符玄
127,{{剧情选项|选项1=怎么样？}},default,
128,*符玄：你和绘影图形里记录的样子所差无几，持明的转生真的会让人蜕变新生吗？,content,符玄
129,{{折叠|标题=额外对话（符玄）|内容=,default,
130,*符玄：虽然窥探持明的秘密有些不妥……,content,符玄
131,*符玄：但，你和绘影图形里记录的样子所差无几，持明的转生真的会让人重获新生吗？}},content,符玄
132,----,default,
133,:{{颜色|描述|与开拓者对话}},default,
134,:开拓者与你对视一眼，互相沉默了起来。,default,
135,{{剧情选项,default,
136,|选项1=你就没什么想问的吗？,option,开拓者
137,|选项2=……,option,开拓者
138,}},default,
139,:开拓者摇了摇头。他/她不想说话时，谁也没法让他/她开口。,default,
140,{{折叠|标题=额外对话（开拓者）|内容=,default,
141,*开拓者：……}},content,开拓者
142,----,default,
143,:{{颜色|描述|与瓦尔特对话}},default,
144,*瓦尔特：我知道你会来的，因为提到仙舟时，你的眼神有着强烈的悲伤。,content,瓦尔特
145,*瓦尔特：他们放逐了你，但罗浮还是你的家乡。,content,瓦尔特
146,{{剧情选项,default,
147,|选项1=多谢你们一路的照顾…,option,开拓者
148,|选项2=很抱歉，我从未提起…,option,开拓者
149,}},default,
150,*瓦尔特：你是列车组的一员，丹恒。赶紧把事情解决吧，我们还要继续旅行呢。,content,瓦尔特
151,{{折叠|标题=额外对话（瓦尔特）|内容=,default,
152,*瓦尔特：开拓者、三月一路上都在嚷嚷，要是你也在就好了。}},content,瓦尔特
153,----,default,
154,{{折叠|标题=额外对话（景元）|内容=,default,
155,*景元：来到这个地方，记忆可有松动？,content,景元
156,*景元：解开禁制吧，你身负的力量便是打开通往「建木」之路的钥匙。}},content,景元
157,,default,
158,===以龙尊之力开启通往建木的「道路」===,default,
159,:描绘龙尊形象的石雕早已历尽风蚀沧桑，靠近底座处镌刻了一行小字。,default,
160,:「为止若木苏生，孽寇侵陵，祷而引古海之水掩覆洞天，镇伏玄根。勒石铭之，垂鉴后世，万勿擅移……」,default,
161,{{剧情选项,default,
162,|选项1=感应此地的力量…,option,开拓者
163,|剧情1=:万顷波涛之下，古老的建木玄根躁动蔓生，犹如一头伏形千年，大梦初醒的兽。,branch_content,
164,:那些由历任持明龙尊所编织的禁制，那些驯驭、分散巨兽力量的缠结，构成了一张衰朽将破的罗网，脱落在即。,default,
165,:过去的记忆自黑暗中浮现，紧紧攫住了你……,default,
166,{{折叠|标题=过场动画|内容=,default,
167,:{{颜色|描述|龙尊饮月与此天地相感应…}},default,
168,:{{颜色|描述|沉于海中的宫殿重现眼前…}},default,
169,|折叠=否}},default,
170,|选项2=切断与鳞渊境的感应。,option,开拓者
171,|图标2=退出,default,
172,}},default,
