﻿line_number,content,category,character
1,{{#subobject:星穹列车一家人-短信内容,default,
2,|@category=短信头像,default,
3,|名称=星穹列车一家人,default,
4,|阵营=星穹列车,default,
5,|类型=群聊,default,
6,}},default,
7,,default,
8,{{#subobject:星穹列车一家人-开拓任务剧情短信1,branch_content,
9,|@category=短信内容,default,
10,|人物=星穹列车一家人,default,
11,|短信标题=1.0开拓任务剧情短信1,branch_content,
12,|版本=1.0,default,
13,|内容={{角色对话|模板开始|星穹列车一家人|}},default,
14,任务链接——开拓任务「[[他们有多少人已掉进深渊]]」,default,
15,{{角色对话|右|开拓者|图片|短信-星穹列车一家人-遗器.png}},default,
16,{{短信选项,option,开拓者
17,|选项1=拿到了奇怪的东西…|剧情1=,branch_content,
18,{{角色对话|右|开拓者|文本|拿到了奇怪的东西…}},default,
19,}},default,
20,{{角色对话|左|丹恒|文本|遗器。}},default,
21,{{角色对话|左|三月七|文本|遗器}},default,
22,{{角色对话|左|姬子|文本|遗器}},default,
23,{{角色对话|左|瓦尔特|文本|是遗器}},default,
24,{{短信选项,option,开拓者
25,|选项1=谢谢|剧情1=,branch_content,
26,{{角色对话|右|开拓者|文本|谢谢}},default,
27,}},default,
28,{{短信选项,option,开拓者
29,|选项1=那遗器究竟是什么呢！？|剧情1=,branch_content,
30,{{角色对话|右|开拓者|文本|那遗器究竟是什么呢！？}},default,
31,}},default,
32,{{角色对话|左|瓦尔特|文本|是一种数据流的聚合物，普遍认为它与星核和裂界化现象有关}},default,
33,{{角色对话|左|瓦尔特|文本|裂界侵蚀的物体，其数据被裂界保存后再次构造，就是所谓的遗器}},default,
34,{{短信选项,option,开拓者
35,|选项1=谢谢|剧情1=,branch_content,
36,{{角色对话|右|开拓者|文本|谢谢}},default,
37,}},default,
38,{{短信选项,option,开拓者
39,|选项1=那遗器究竟是什么呢！？|剧情1=,branch_content,
40,{{角色对话|右|开拓者|文本|那遗器究竟是什么呢！？}},default,
41,}},default,
42,{{角色对话|左|瓦尔特|文本|…你可以去问问黑塔，她是遗器研究领域的专家}},default,
43,{{角色对话|模板结束}}}},default,
44,,default,
45,{{#subobject:星穹列车一家人-开拓任务剧情短信2,branch_content,
46,|@category=短信内容,default,
47,|人物=星穹列车一家人,default,
48,|短信标题=1.0开拓任务剧情短信2,branch_content,
49,|版本=1.0,default,
50,|内容={{角色对话|模板开始|星穹列车一家人|}},default,
51,任务链接——开拓任务「[[从凶险和泥泞的沼泽中]]」,default,
52,{{角色对话|左|瓦尔特|文本|@开拓者 @三月七 @丹恒 三位，「星核」的封印已经完成，空间扭曲现象正在逐渐复原了，你们干得不错。}},default,
53,{{短信选项,option,开拓者
54,|选项1=我们很快就回来|剧情1=,branch_content,
55,{{角色对话|右|开拓者|文本|我们很快就回来}},default,
56,|选项2=我们还得再待上一阵|剧情2=,branch_content,
57,{{角色对话|右|开拓者|文本|我们还得再待上一阵}},default,
58,}},default,
59,{{角色对话|左|瓦尔特|文本|不必着急，按自己的节奏来吧。在你们返程之前，列车会一直停靠在这儿。}},default,
60,{{角色对话|左|三月七|文本|太好啦！}},default,
61,{{角色对话|左|三月七|文本|好想喝果汁啊…帕姆还欠我一杯呢！}},default,
62,{{角色对话|左|丹恒|文本|雅利洛-Ⅵ的情况还好吗？}},default,
63,{{角色对话|左|瓦尔特|文本|不大好。「星核」的影响虽然基本消退，但现存的裂界恐怕扎根太深。}},default,
64,{{角色对话|左|瓦尔特|文本|寒潮的极端气候持续了很久，也对星球的生态造成了严重影响。}},default,
65,{{角色对话|左|瓦尔特|文本|简而言之，这个星球短时间内很难恢复千年前的生机。}},default,
66,{{角色对话|左|三月七|文本|啊…怎么这样……}},default,
67,{{短信选项,option,开拓者
68,|选项1=我们能做些什么吗？|剧情1=,branch_content,
69,{{角色对话|右|开拓者|文本|我们能做些什么吗？}},default,
70,}},default,
71,{{角色对话|左|瓦尔特|文本|…我们作为「开拓者」的任务已经圆满结束了。这个世界的命运应当被交还给它的主人。}},default,
72,{{角色对话|左|瓦尔特|文本|人类曾在许多严苛的环境中挣扎求生，但最终总能战胜它；寒潮不再，裂界也失去了扩张的力量。}},default,
73,{{角色对话|左|瓦尔特|文本|雅利洛-Ⅵ会慢慢好起来的，相信人类的坚韧吧。}},default,
74,{{角色对话|左|瓦尔特|文本|我在雅利洛-Ⅵ的北方探测到了高频率的空间能量涌动，我猜你们也许有兴趣一探究竟。}},default,
75,{{角色对话|左|瓦尔特|文本|不必紧张，那股能量与星核无关，只是空间扭曲现象消退后遗留的「余响」。}},default,
76,{{角色对话|左|瓦尔特|文本|身临「余响」中时，我们平时习惯的时空概念会发生剧变。它甚至可能复制我们曾经历过的特定场景。}},default,
77,{{角色对话|左|瓦尔特|文本|如果你心血来潮，想重新体验那些铭心刻骨的冒险历程，或许可以前往「余响」现象残留的地点试试运气。}},default,
78,{{角色对话|模板结束}}}},default,
79,,default,
80,{{#subobject:星穹列车一家人-开拓任务剧情短信3,branch_content,
81,|@category=短信内容,default,
82,|人物=星穹列车一家人,default,
83,|短信标题=1.0开拓任务剧情短信3,branch_content,
84,|版本=1.0,default,
85,|内容={{角色对话|模板开始|星穹列车一家人|}},default,
86,任务链接——开拓任务「[[静静的星河]]」,default,
87,{{角色对话|左|姬子|文本|开拓者，三月，丹恒——休息得如何？}},default,
88,{{角色对话|左|姬子|文本|帕姆已经做好了发车前的例行检查，无名客已经准备好继续前往下一个世界了。你们把手上的事处理好之后就回列车上来吧}},default,
89,{{角色对话|左|姬子|文本|对了，关于和贝洛伯格大守护者的那场决战，你们心里应该也存留着很多疑问吧？我和瓦尔特做了一些浅显的分析，也许能帮你们解除一些疑惑}},default,
90,{{角色对话|左|三月七|文本|收到！我们这就准备返程啦}},default,
91,{{角色对话|模板结束}}}},default,
92,,default,
93,{{#subobject:星穹列车一家人-开拓任务剧情短信4,branch_content,
94,|@category=短信内容,default,
95,|人物=星穹列车一家人,default,
96,|短信标题=1.0开拓任务剧情短信4,branch_content,
97,|版本=1.0,default,
98,|内容={{角色对话|模板开始|星穹列车一家人|}},default,
99,任务链接——开拓任务「[[旧影婆娑，追思错落]]」,default,
100,{{角色对话|右|丹恒|文本|开拓者、三月，你们在哪儿？}},default,
101,{{短信警告|信息发送失败}},default,
102,{{短信选项,option,开拓者
103,|选项1=我来同你们汇合|剧情1=,branch_content,
104,{{角色对话|右|丹恒|文本|我来同你们汇合。}},default,
105,}},default,
106,{{短信警告|信息发送失败}},default,
107,{{角色对话|模板结束}}}},default,
108,,default,
109,{{#subobject:星穹列车一家人-开拓任务剧情短信5,branch_content,
110,|@category=短信内容,default,
111,|人物=星穹列车一家人,default,
112,|短信标题=2.0开拓任务剧情短信1,branch_content,
113,|版本=2.0,default,
114,|内容={{角色对话|模板开始|星穹列车一家人|}},default,
115,任务链接——开拓任务「[[长日入夜行]]」,default,
116,{{角色对话|左|帕姆|文本|喂喂}},default,
117,{{角色对话|左|三月七|文本|喂喂}},default,
118,{{角色对话|左|丹恒|文本|……}},default,
119,{{短信选项,option,开拓者
120,|选项1=怎么了？|剧情1=,branch_content,
121,{{角色对话|右|开拓者|文本|怎么了？}},default,
122,|选项2=喂喂。|剧情2=,branch_content,
123,{{角色对话|右|开拓者|文本|喂喂}},default,
124,}},default,
125,{{角色对话|左|瓦尔特|文本|好了好了，先听听列车长想说什么吧。}},default,
126,{{角色对话|左|姬子|文本|是不是可以出发前往下一站了？}},default,
127,{{角色对话|左|帕姆|文本|没错帕！跃迁装置已经校准好了}},default,
128,{{角色对话|左|帕姆|文本|不过出发前，列车长还有三件事要强调下}},default,
129,{{角色对话|左|帕姆|文本|所以这次列车小会，帕姆也参加}},default,
130,{{角色对话|左|三月七|文本|好耶！那就老规矩}},default,
131,{{角色对话|左|三月七|文本|观景车厢集合咯～}},default,
132,{{接取任务|开拓任务|长日入夜行}},default,
133,{{角色对话|模板结束}}}},default,
134,,default,
135,{{#subobject:星穹列车一家人-开拓任务剧情短信6,branch_content,
136,|@category=短信内容,default,
137,|人物=星穹列车一家人,default,
138,|短信标题=2.0开拓任务剧情短信2,branch_content,
139,|版本=2.0,default,
140,|内容={{角色对话|模板开始|星穹列车一家人|}},default,
141,任务链接——开拓任务「[[夜色名为温柔]]」,default,
142,{{短信警告|姬子邀请开拓者、三月七、瓦尔特加入群聊}},default,
143,{{角色对话|左|姬子|文本|各位，玩得还开心吗}},default,
144,{{角色对话|左|三月七|文本|开心是开心}},default,
145,{{角色对话|左|三月七|文本|但总觉得哪里不对…}},default,
146,{{角色对话|左|三月七|文本|有种不真实的感觉，怪怪的，说不上来}},default,
147,{{短信选项,option,开拓者
148,|选项1=毕竟是在梦里,option,开拓者
149,|剧情1={{角色对话|右|开拓者|文本|毕竟是在梦里}},branch_content,
150,|选项2=调查有些进展,option,开拓者
151,|剧情2={{角色对话|右|开拓者|文本|调查有些进展}},branch_content,
152,}},default,
153,{{角色对话|左|三月七|文本|我在拍卖会上遇见一个戴石膏头的男人，什么都没做就走了，好可疑}},default,
154,{{角色对话|左|瓦尔特|文本|我也有些不太愉快的发现。情况复杂，最好能当面讲。}},default,
155,{{角色对话|左|姬子|文本|我也是}},default,
156,{{角色对话|左|姬子|文本|看来是时候回一趟现实了}},default,
157,{{角色对话|左|姬子|文本|来我的房间集合吧}},default,
158,{{角色对话|模板结束}}}},default,
159,,default,
160,{{#subobject:星穹列车一家人-开拓任务剧情短信7,branch_content,
161,|@category=短信内容,default,
162,|人物=星穹列车一家人,default,
163,|短信标题=2.1开拓任务剧情短信1,branch_content,
164,|版本=2.1,default,
165,|内容={{角色对话|模板开始|星穹列车一家人|}},default,
166,任务链接——开拓任务「[[天鹅绒里的恶魔]]」,default,
167,{{角色对话|左|三月七|文本|开拓者}},default,
168,{{角色对话|左|三月七|文本|你还在梦境酒店吗？}},default,
169,{{角色对话|左|三月七|文本|开拓者}},default,
170,{{角色对话|左|三月七|文本|开拓者}},default,
171,{{角色对话|左|瓦尔特|文本|你们遇到什么状况了？}},default,
172,{{角色对话|左|姬子|文本|我们在忆域里分散了，不过开拓者有那位忆者随行}},default,
173,{{角色对话|左|三月七|文本|我好急}},default,
174,{{角色对话|左|三月七|文本|救命}},default,
175,{{角色对话|左|姬子|文本|小三月，稍安勿躁}},default,
176,{{角色对话|左|丹恒|文本|需要我下车么？}},default,
177,{{角色对话|左|姬子|文本|暂时不用}},default,
178,{{角色对话|左|丹恒|文本|好。如果需要，及时告诉我。}},default,
179,{{角色对话|左|瓦尔特|文本|现实中的白日梦酒店很平静，没有任何事发生。}},default,
180,{{短信警告|——以上是历史消息——}},default,
181,{{短信选项,option,开拓者
182,|选项1=我好了。,option,开拓者
183,|剧情1={{角色对话|右|开拓者|文本|我这边调查结束了}},branch_content,
184,{{角色对话|右|开拓者|文本|在哪集合？}},default,
185,|选项2=你们在哪？,option,开拓者
186,|剧情2={{角色对话|右|开拓者|文本|我这边调查结束了}},branch_content,
187,{{角色对话|右|开拓者|文本|去哪里找你们？}},default,
188,}},default,
189,{{角色对话|左|三月七|文本|开拓者！}},default,
190,{{角色对话|左|姬子|文本|开拓者，你安全就好}},default,
191,{{角色对话|左|三月七|文本|那女人没干什么坏事吧？}},default,
192,{{角色对话|左|姬子|文本|流萤小姐的事…我很遗憾}},default,
193,{{角色对话|左|姬子|文本|家族封锁了现场，我们正在和代表交涉，快结束了}},default,
194,{{角色对话|左|姬子|文本|稍后在钟表小子雕像附近见面吧}},default,
195,{{角色对话|模板结束}}}},default,
196,,default,
197,{{#subobject:星穹列车一家人-开拓任务剧情短信8,branch_content,
198,|@category=短信内容,default,
199,|人物=星穹列车一家人,default,
200,|短信标题=2.1开拓任务剧情短信2,branch_content,
201,|版本=2.1,default,
202,|内容={{角色对话|模板开始|星穹列车一家人|}},default,
203,任务链接——开拓任务「[[外邦为何争闹？]]」,default,
204,{{角色对话|右|开拓者|文本|瓦尔特先生，我们这边调查告一段落}},default,
205,{{角色对话|右|开拓者|文本|你那边进展如何？}},default,
206,{{角色对话|左|瓦尔特|文本|小有收获。我和巡海游侠一致认为，家族可能隐瞒了极其重要的信息。}},default,
207,{{角色对话|左|瓦尔特|文本|我们现在正在前往朝露公馆。}},default,
208,{{角色对话|左|三月七|文本|是那个黄泉吗？砂金不是说她很危险……}},default,
209,{{角色对话|左|瓦尔特|文本|我确认过了，她站在我们这边。}},default,
210,{{角色对话|左|瓦尔特|文本|不必担心。请大家稍作等候，一旦有发现，我会及时同步。}},default,
211,{{角色对话|模板结束}}}},default,
212,,default,
213,{{#subobject:星穹列车一家人-同行任务剧情短信,branch_content,
214,|@category=短信内容,default,
215,|人物=星穹列车一家人,default,
216,|短信标题=同行任务剧情短信,branch_content,
217,|版本=1.4,default,
218,|内容={{角色对话|模板开始|星穹列车一家人|}},default,
219,任务链接——同行任务「[[云无留迹]]」,default,
220,{{角色对话|左|开拓者|文本|丹恒，一切还好吧？}},default,
221,{{角色对话|左|三月七|文本|听说你收到一封匿名信，我和开拓者都有些担心，来找你却发现你不在资料室。}},default,
222,{{角色对话|左|三月七|文本|是不是星核猎手那个叫刃的扑克脸又找你麻烦了？}},default,
223,{{短信选项,option,开拓者
224,|选项1=我没事…|剧情1=,branch_content,
225,{{角色对话|右|丹恒|文本|不必担心，我只是暂时离开一会儿看看风景。}},default,
226,|选项2=我见到了一些老朋友。|剧情2=,branch_content,
227,{{角色对话|右|丹恒|文本|不必担心，我只是去见了几个老朋友。}},default,
228,|选项3=我把信扔了。|剧情3=,branch_content,
229,{{角色对话|右|丹恒|文本|不必担心，我把信处理掉了。}},default,
230,}},default,
231,{{角色对话|左|三月七|文本|呼呼，那咱们就放心了。}},default,
232,{{角色对话|左|三月七|文本|对了对了，记得早点回列车啊，姬子姐说，她给咱们泡了咖啡。}},default,
233,{{角色对话|模板结束}}}},default,
