﻿line_number,content,category,character
1,{{提示|蓝色|宽度=100%|如果选择选项下面对话没变不是BUG了，而是游戏本身对话就是一样的。}},option,开拓者
2,{{任务,default,
3,|任务名称=寻药溯源,default,
4,|任务地区=雅利洛-Ⅵ-磐岩镇,default,
5,|任务类型=同行任务,default,
6,|角色=娜塔莎,default,
7,|所属版本=1.0,default,
8,|任务描述=你接到了奥列格的信息，他希望你能去看看娜塔莎在忙些什么。<br>她每天都在不知疲倦地照顾病人，奥列格希望你能帮她分担一些压力。,default,
9,|奖励={{图标|里程|350}}{{图标|星琼|60}}{{图标|冒险记录|6}}{{图标|冬城盾|200}}{{图标|信用点|20000}},default,
10,|任务条件=完成开拓任务[[腐烂或燃烧]],default,
11,|开放等级=18,default,
12,|相关成就=,default,
13,|相关道具=,default,
14,|出场人物=娜塔莎,default,
15,|系列任务=炉前百态,default,
16,|任务编号=04,default,
17,|领取地点=完成开拓任务[[腐烂或燃烧]]后传送至磐岩镇收到奥列格短信接取,default,
18,|前置任务=,default,
19,|后续任务=*[[风雪免疫]],default,
20,|任务流程=*去诊所和娜塔莎谈谈,default,
21,*与第一位没去复诊的患者谈话,default,
22,*与第二位没去复诊的患者谈话,default,
23,*与第三位没去复诊的患者谈话,default,
24,*向娜塔莎汇报你的发现,default,
25,*和诊所内的病患谈话,default,
26,*和娜塔莎谈谈你对此事的看法,default,
27,*寻找「特效药」的受害者,default,
28,*和娜塔莎谈谈,default,
29,*前往铆钉镇寻找「特效药」的来源,default,
30,*前往互助会藏匿「特效药」的地点,default,
31,*回到诊所和娜塔莎谈谈,default,
32,}},default,
33,==剧情内容==,default,
34,===任务接取短信===,default,
35,{{折叠|标题=短信：奥列格<br><small>忆往昔辉煌岁月。</small>|内容=,content,短信
36,{{角色对话|左|奥列格|文本|开拓者，能收到吗？三月七给了我这个小玩意，还教了我半天——年纪大了，真是学什么都费劲！现在我勉强算是会用了。不用见面就能说话还真是方便，哈哈}},default,
37,{{剧情选项,default,
38,|选项1=学得挺快啊,option,开拓者
39,|剧情1={{角色对话|右|开拓者|文本|学得挺快啊}},branch_content,
40,{{角色对话|左|奥列格|文本|多谢你的夸奖啊，开拓者。不聊闲天了，跟你说个正事}},default,
41,|选项2=有什么事吗，头儿？,option,开拓者
42,|剧情2={{角色对话|右|开拓者|文本|有什么事吗，头儿？}},branch_content,
43,{{角色对话|左|奥列格|文本|哈哈哈，你怎么也开始这么叫我了？不聊闲天了，说说正事吧}},default,
44,}},default,
45,{{角色对话|左|奥列格|文本|我听说，娜塔莎那姑娘为了照看病人，已经连着好几天没合眼了。她可是下层区的顶梁柱，如果垮了的话我们可就全完蛋了。开拓者，我知道你之前刚帮了她一个大忙，但能麻烦你再去看看她近况如何吗？}},default,
46,{{剧情选项,default,
47,|选项1=没问题，马上就去,option,开拓者
48,|剧情1={{角色对话|右|开拓者|文本|没问题，马上就去}},branch_content,
49,{{角色对话|左|奥列格|文本|我就说，哈哈，从第一面见到你开始，我就感觉你这家伙能靠得住，看来我的判断没错。那就有劳你了，年轻人}},default,
50,|选项2=她很坚强，会没事的,option,开拓者
51,|剧情2={{角色对话|右|开拓者|文本|她很坚强，会没事的}},branch_content,
52,{{角色对话|左|奥列格|文本|哈哈，你跟我的看法一样，她是个不知疲倦的姑娘。但不管怎么说，多一双手帮忙总不是坏事。那就有劳你了，年轻人}},default,
53,}}}},default,
54,=== 去诊所和娜塔莎谈谈 ===,default,
55,{{剧情选项|选项1=娜塔莎医生，需要我的帮助吗？}},default,
56,*娜塔莎：你来得正好，开拓者，我有些事想麻烦你。,content,娜塔莎
57,*娜塔莎：根据病历簿上的记录，有一些病人最近没来复诊，说实话我有些担心——虽然类似的情况时有发生，但从来没有像最近这么频繁。,content,娜塔莎
58,*娜塔莎：…你听说过「疑难重症患者互助会」吗？,content,娜塔莎
59,{{剧情选项,default,
60,|选项1=听上去像是个公益组织。,option,开拓者
61,|剧情1=,branch_content,
62,|选项2=听上去很可疑…,option,开拓者
63,|剧情2=*娜塔莎：嗯，我也有同感。,branch_content,娜塔莎
64,}},default,
65,*娜塔莎：通常而论，在类似的互助会上，患者之间能够交流经历、互相支持鼓励，努力战胜疾病对各自的负面影响…但眼下这个「互助会」恐怕没那么单纯。,content,娜塔莎
66,*娜塔莎：我的有些患者，自从参加了「疑难重症患者互助会」之后便开始拒绝治疗——很难不让人浮想联翩。,content,娜塔莎
67,*娜塔莎：更可疑的是，不管我再怎么追问，始终没人愿意告诉我和这个「互助会」相关的细节…所以我才想向你求助。,content,娜塔莎
68,{{剧情选项,default,
69,|选项1=我明白了，你是想让我去卧底。,option,开拓者
70,|剧情1=*娜塔莎：听着有些凶险，但你要做的其实很简单。我希望你能帮我调查一下这个所谓的「互助会」，看看他们到底在鼓捣什么。,branch_content,娜塔莎
71,|选项2=我要得什么病才能混进去？,option,开拓者
72,|剧情2=*娜塔莎：…倒不需要你做到这种地步。我只是希望你能假装患者，帮我调查一下这个所谓的「互助会」，看看他们到底在鼓捣什么。,branch_content,娜塔莎
73,|选项3=我该怎么做？,option,开拓者
74,|剧情3=*娜塔莎：我希望你能假装患者，帮我调查一下这个所谓的「互助会」，看看他们到底在鼓捣什么。,branch_content,娜塔莎
75,}},default,
76,*娜塔莎：如果「互助会」是在瞒着我这个主治医生，做些可能危害到患者的事…那我坚决不能坐视不理。,content,娜塔莎
77,*娜塔莎：我可以把这个任务交给你吗，开拓者？,content,娜塔莎
78,{{剧情选项,default,
79,|选项1=没问题，包在我身上。,option,开拓者
80,|剧情1=,branch_content,
81,|选项2=你看我有拒绝过你吗？,option,开拓者
82,|剧情2=*娜塔莎：真是一如既往地贴心呢，开拓者。,branch_content,娜塔莎
83,}},default,
84,*娜塔莎：我这小小的诊所，每天都要面对大量前来问诊的病患…多亏有你帮我分担压力，我才能静下心来专心照料病人。,content,娜塔莎
85,*娜塔莎：那就拜托你了，开拓者。等你回来以后，我再好好感谢你。,content,娜塔莎
86,,default,
87,=== 与第一位没去复诊的患者谈话 ===,default,
88,{{任务描述|身为「地火」的首领以及磐岩镇唯一的医生，娜塔莎每日劳务缠身，想要踏出诊所一步都是难上加难。<br>不巧，她又碰上几位颇为顽固的病患，无论如何都不愿配合复诊。<br>帮她一个忙，去劝说那些加入了所谓「互助会」的患者吧。}},default,
89,*消沉的患者：你…我在诊所里见过你，你不是那个帮娜塔莎跑腿的家伙吗？,content,消沉的患者
90,{{剧情选项,default,
91,|选项1=卧底计划这么快就失败了…,option,开拓者
92,|剧情1=*消沉的患者：…卧什么底，你在跟谁说话呢？,branch_content,消沉的患者
93,|选项2=呃…娜塔莎是谁？,option,开拓者
94,|剧情2=*消沉的患者：…少装蒜了，我的眼神不会骗人。,branch_content,消沉的患者
95,}},default,
96,*消沉的患者：我猜猜，是娜塔莎让你来劝我去复诊的？,content,消沉的患者
97,*消沉的患者：哎…还有什么意义呢？我都已经得了绝症了 ，完蛋了，这辈子就这样了吧。,content,消沉的患者
98,{{剧情选项|选项1=这是娜塔莎的诊断结果？}},default,
99,*消沉的患者：当然不是，是我自己从书上看到的。,content,消沉的患者
100,*消沉的患者：我每看到一个书上描述的病症，就感觉自己的情况完全符合…这书才翻到一半，我就已经和十几种不治之症对上号了。,content,消沉的患者
101,*消沉的患者：像我这种情况，就算去复诊也只是浪费时间和金钱…哦，还浪费了医生开的药。,content,消沉的患者
102,{{剧情选项,default,
103,|选项1=真的假的？,option,开拓者
104,|剧情1=,branch_content,
105,|选项2=……,option,开拓者
106,|剧情2=,branch_content,
107,|选项3=不是因为参加「互助会」吗？,option,开拓者
108,|剧情3=*消沉的患者：互助会？什么互助会？,branch_content,消沉的患者
109,}},default,
110,*消沉的患者：…不和你扯了，其实我就是没钱继续看病了。虽然娜塔莎医生说我可以一直赊账，等以后有机会再还…但我这人就是脸皮薄。,content,消沉的患者
111,{{剧情选项,default,
112,|选项1=钱是小事，命是…,option,开拓者
113,|剧情1=*消沉的患者：这点道理还用你说吗？别劝我了，我已经想清楚了……,branch_content,消沉的患者
114,|选项2=面子比命重要，我懂你的意思。,option,开拓者
115,|剧情2=*消沉的患者：…你在讽刺我吗？放弃吧，激将这招对我没用。,branch_content,消沉的患者
116,}},default,
117,*消沉的患者：哎…我之前去瓦赫医生那里看病都是不用花钱的。虽然娜塔莎人也挺好，但果然在我心里，瓦赫医生才是第一位的……,content,消沉的患者
118,{{剧情选项,default,
119,|选项1=谁是瓦赫医生？,option,开拓者
120,|图标1=对话,default,
121,|剧情1=*消沉的患者：瓦赫医生就是娜塔莎的哥哥啊，以前这俩人都在铆钉镇行医。,branch_content,消沉的患者
122,*消沉的患者：听说瓦赫医生是上层区医学院的高材生，贝洛伯格的大医院都抢着要他。也不知道他为什么会跑到这穷酸的下层…可能就是纯粹的心善吧？,content,消沉的患者
123,|选项2=不收钱的医生，我信不过…,option,开拓者
124,|图标2=对话,default,
125,|剧情2=*消沉的患者：你在说啥？瓦赫医生是「穷人们的医生」，他总是给我们分发免费的药物，还会仔细询问我们吃药之后的感受。,branch_content,消沉的患者
126,*消沉的患者：下层区一直都缺乏药物资源，据说这些药都是瓦赫医生自己研制出来的。,content,消沉的患者
127,|选项3=为什么不继续去找瓦赫医生？,option,开拓者
128,|剧情3=*消沉的患者：你以为我不想吗？我听人说…瓦赫医生不在人世了。,branch_content,消沉的患者
129,*消沉的患者：那个…接下来的话，我只小声告诉你，你可不要随便外传……,content,消沉的患者
130,{{剧情选项|选项1=我保证不说出去。}},default,
131,*消沉的患者：我听人说，瓦赫医生离世跟他妹妹娜塔莎有关。说是那个女人嫉妒瓦赫医生抢走了自己的病人，所以才……,content,消沉的患者
132,{{剧情选项,default,
133,|选项1=这说法你信吗？,option,开拓者
134,|剧情1=*消沉的患者：哎呀，我也只是道听途说…我也不信娜塔莎医生能干出这种事。,branch_content,消沉的患者
135,|选项2=好像有这个可能性…,option,开拓者
136,|剧情2=*消沉的患者：…等会儿，只是个坊间传闻而已，你怎么就信了？,branch_content,消沉的患者
137,}},default,
138,*消沉的患者：哎…算了，不跟你多说了。既然娜塔莎医生特地派你来劝我，那我就姑且听她一句吧。,content,消沉的患者
139,*消沉的患者：一会儿我就去诊所再复查一次，再见……,content,消沉的患者
140,}},default,
141,*开拓者：（这个患者，因为经济拮据的原因没有去复诊……）,content,开拓者
142,*开拓者：（再找另一个患者打听一下吧……）,content,开拓者
143,,default,
144,=== 与第二位没去复诊的患者谈话 ===,default,
145,*年长的患者：…你说什么？大点声！我耳朵不好，听不清楚。,content,年长的患者
146,{{剧情选项|选项1=请问你为什么不去复诊？}},default,
147,*年长的患者：啊？为什么不去复诊？你是要问我这个吗？,content,年长的患者
148,*年长的患者：哎，娜塔莎是个好姑娘，每次给我检查都特别认真细致……,content,年长的患者
149,*年长的患者：不过…你看我这一把年纪，早就经不起折腾了。就算能治好病，也活不长了。这多浪费啊……,content,年长的患者
150,{{剧情选项,default,
151,|选项1=为了健康考虑，哪有浪费一说？,option,开拓者
152,|剧情1=*年长的患者：这话是说给年轻人听的吧？我现在的状况，早就不奢求什么身体健康了……,branch_content,年长的患者
153,|选项2=听听娜塔莎医生怎么说吧。,option,开拓者
154,|剧情2=*年长的患者：那姑娘一直劝我按时吃药，我知道她是一片好心……,branch_content,年长的患者
155,}},default,
156,*年长的患者：其实我家的老东西患了跟我一样的病，但他光让我吃药，自己却什么都不吃。,content,年长的患者
157,*年长的患者：后来有一天，老东西说是要去矿区办事儿，结果就再也没出来……,content,年长的患者
158,*年长的患者：他以前一直说，想走在我前面…哎，这老东西，真是自私……,content,年长的患者
159,*年长的患者：我唯一挂念的老伴儿都不在了，还有谁会在乎我活多久呢？,content,年长的患者
160,{{剧情选项,default,
161,|选项1=你老伴的在天之灵会在乎。,option,开拓者
162,|剧情1=*年长的患者：…他真会这么想？他难道不会希望我早点儿去陪他吗……,branch_content,年长的患者
163,*年长的患者：…哎，现在的年轻人，可真难打发……,content,年长的患者
164,|选项2=娜塔莎医生在乎。,option,开拓者
165,|剧情2=*年长的患者：…你说的倒也有几分道理。哎，那小姑娘一直都对我尽心尽力，但我一直觉得自己是她的负担……,branch_content,年长的患者
166,|选项3=我在乎。,option,开拓者
167,|剧情3=*年长的患者：…你还真是难打发啊，不过…你说话倒也挺中听的。,branch_content,年长的患者
168,}},default,
169,*年长的患者：行吧，那我就听你一回，再去娜塔莎医生那儿复诊一次……,content,年长的患者
170,*年长的患者：嗯？你又想说什么？我耳朵不太好使……,content,年长的患者
171,{{剧情选项|选项1=您听说过「互助会」吗？}},default,
172,*年长的患者：「互助」什么？,content,年长的患者
173,{{剧情选项|选项1=「互助会」！}},default,
174,*年长的患者：听到了听到了…小声点儿！没有，我才没听说过什么「互助会」……,content,年长的患者
175,*开拓者：（老人是因为自己老伴的原因没有去复诊……）,content,开拓者
176,*开拓者：（再找另一个患者打听一下吧……）,content,开拓者
177,,default,
178,=== 与第三位没去复诊的患者谈话 ===,default,
179,*怀疑的患者：你问我为什么不去复诊…你也是患者吗，还是说你是娜塔莎医生派来的？,content,怀疑的患者
180,{{剧情选项,default,
181,|选项1=为什么会这么认为？,option,开拓者
182,|剧情1=*怀疑的患者：不然呢，还有谁会关心我们这种人？,branch_content,怀疑的患者
183,|选项2=你挺敏锐的嘛。,option,开拓者
184,|剧情2=*怀疑的患者：嚯，那你就快回去吧，帮我谢谢娜塔莎医生的关心。,branch_content,怀疑的患者
185,}},default,
186,*怀疑的患者：我现在不需要娜塔莎医生的帮助，让她省点心也省点药，去救助其他人吧。,content,怀疑的患者
187,{{剧情选项,default,
188,|选项1=你和娜塔莎医生有过节？,option,开拓者
189,|剧情1=*怀疑的患者：过节？没有没有，她可是下层区唯一一个良心医生。,branch_content,怀疑的患者
190,*怀疑的患者：我只是不太认可她的做法，缺乏效率，而且太过理想主义……,content,怀疑的患者
191,|选项2=我也早看她不爽了——,option,开拓者
192,|剧情2=*怀疑的患者：啊？原来和她有过节的是你啊？,branch_content,怀疑的患者
193,*怀疑的患者：…她可是下层区唯一一个良心医生。我只是不太认可她的做法，缺乏效率，而且太过理想主义……,content,怀疑的患者
194,}},default,
195,*怀疑的患者：什么人都想救，就意味着谁也救不了——到头来只是折磨了患者，又累倒了自己。,content,怀疑的患者
196,*怀疑的患者：像我这样的矿工，根本等不起什么「漫长的疗程」——吃了药以后要是不能立刻返工赚钱，那和晾着等死差别也不大……,content,怀疑的患者
197,*怀疑的患者：你知道瓦赫医生吗？他做的特效药不仅便宜，还能立刻起效，只需要承担一点点风险……,content,怀疑的患者
198,{{剧情选项|选项1=「风险」？}},default,
199,*怀疑的患者：瓦赫医生的药很特殊，有很多人在服用之后痊愈，也有一些人在服药之后病情加剧，不幸离世——,content,怀疑的患者
200,*怀疑的患者：不过就算知道有「风险」，大家还是争着抢着想拿到这种药，你知道为什么吗？,content,怀疑的患者
201,{{剧情选项,default,
202,|选项1=他们宁愿拿生命赌博…,option,开拓者
203,|剧情1=*怀疑的患者：哼，你还挺懂道理的嘛？,branch_content,怀疑的患者
204,|选项2=我无法理解。,option,开拓者
205,|剧情2=*怀疑的患者：哼…因为你没有经历过那种穷困潦倒啊。,branch_content,怀疑的患者
206,}},default,
207,*怀疑的患者：被生活逼迫到那种地步的人，任何放在眼前的机会都不会放过…哪怕是要他们拿命去赌。,content,怀疑的患者
208,*怀疑的患者：对于我们这种人，缓慢又痛苦的疗程跟被宣判死刑也没什么两样。与其说服我们去受那种折磨…还不如来个干脆痛快的。,content,怀疑的患者
209,*怀疑的患者：咳，算了，跟你说那么多干嘛？反正瓦赫医生已经不在了……,content,怀疑的患者
210,{{剧情选项,default,
211,|选项1=该去哪里弄这种「特效药」呢？,option,开拓者
212,|剧情1=,branch_content,
213,|选项2=如果我说，我认同你的想法…,option,开拓者
214,|剧情2=,branch_content,
215,}},default,
216,*怀疑的患者：哈，怎么，你也对「特效药」起兴趣了？,content,怀疑的患者
217,*怀疑的患者：偷偷告诉你吧，「疑难重症患者互助会」现在还在卖这种药…让我告诉你他们的交易地点也不是不行，但你得遵守一条规矩……,content,怀疑的患者
218,*怀疑的患者：——一定不能把这些信息告诉娜塔莎医生，明白了吗？你要是敢违反这条规矩，后果自负！,content,怀疑的患者
219,*怀疑的患者：喏，拿着吧，这是「疑难重症患者互助会」卖药的地址。我再最后强调一遍——不许把这消息透露给娜塔莎！,content,怀疑的患者
220,*开拓者：（拿到卖「特效药」的地址了，接下来该怎么做呢…）,content,开拓者
221,*开拓者：（那个患者不让我把这件事告诉娜塔莎，该不该听他的呢？）,content,开拓者
222,{{剧情选项,default,
223,|选项1=先去告诉娜塔莎吧。,option,开拓者
224,|剧情1=,branch_content,
225,|选项2=先去调查一下卖药的地址吧。,option,开拓者
226,|剧情2=,branch_content,
227,<big>'''前往铆钉镇寻找「特效药」的来源'''</big>,default,
228,{{任务描述|不愿配合复诊的患者们各执一词，围绕着某种「特效药」的谜团也令你陷入深思。<br>但一段时间的相处使你深信娜塔莎身为医生的医德和人品，你决定先去把情况向她汇报清楚。}},default,
229,*警觉的流浪者：站住，你这是要去哪？,content,警觉的流浪者
230,{{剧情选项,default,
231,|选项1=去找「互助会」买药。,option,开拓者
232,|剧情1=*警觉的流浪者：买药？哦…明白了，你也是奔着瓦赫医生的特效药来的，是吧？,branch_content,警觉的流浪者
233,|选项2=只是散步经过…,option,开拓者
234,|剧情2=*警觉的流浪者：到裂界里散步吗？哼，别装了。,branch_content,警觉的流浪者
235,}},default,
236,*警觉的流浪者：路过这儿的穷酸流浪汉都跟你一个样——想买药的话直接跟我说就行，没必要再往前走了。,content,警觉的流浪者
237,*警觉的流浪者：哦，对了，这里只收现金，概不赊账……,content,警觉的流浪者
238,{{剧情选项,default,
239,|选项1=我听说这儿的药很便宜。,option,开拓者
240,|剧情1=*警觉的流浪者：价是「互助会」后来定的，虽然不像瓦赫医生那样接近免费送，但也比诊所那女人卖的药便宜不少。,branch_content,警觉的流浪者
241,*警觉的流浪者：…我说，你到底买不买，能不能给个痛快话？我没空跟你扯闲天。,content,警觉的流浪者
242,|选项2=万一病人手上没钱呢？,option,开拓者
243,|剧情2=*警觉的流浪者：没钱？没钱还买什么药啊，自己乖乖回家等死不行吗？,branch_content,警觉的流浪者
244,*警觉的流浪者：…我说，你是不是在试探我啊？没钱就快滚开，别耽误我卖药。,content,警觉的流浪者
245,}},default,
246,*警觉的流浪者：等会儿，你这身打扮…你是那个女医生的熟人吧？我之前去诊所的时候瞥见过你，肯定没错！,content,警觉的流浪者
247,*警觉的流浪者：走开，走开！离远点，我这儿不欢迎和那个女人有瓜葛的家伙！今天药店关门了，谁也别来烦我！,content,警觉的流浪者
248,*怕麻烦的患者：等…等一下！那我们的药怎么办？我们都等了这么久了……,content,怕麻烦的患者
249,*警觉的流浪者：散开，都散开！别废话了，你们改天再来吧！,content,警觉的流浪者
250,*开拓者：（那个卖药的家伙，好像表现得特别心虚……）,content,开拓者
251,*开拓者：（果然还是回去向娜塔莎汇报一下吧。）,content,开拓者
252,{{折叠|标题=额外对话（怕麻烦的患者）|内容=,default,
253,*怕麻烦的患者：…都、都怪你，害得我们买不上特效药了！,content,怕麻烦的患者
254,*怕麻烦的患者：你快走吧，你在这儿待着，怕是那家伙永远都不会再营业了……,content,怕麻烦的患者
255,|折叠=是}},default,
256,}},default,
257,,default,
258,=== 向娜塔莎汇报你的发现 ===,default,
259,{{任务描述|「互助会」的喽啰认出了你的身份，他们拒绝向你出售所谓的「特效药」。<br>这些家伙的态度不禁引起了你的疑心，也许他们并非什么正经的患者关怀组织。<br>你决定还是先回去找娜塔莎聊聊，将情况向她汇报清楚。}},default,
260,{{剧情选项|选项1=解释「互助会」的情报}},default,
261,{{剧情选项,default,
262,|选项1=（没有调查卖药的地址）,option,开拓者
263,|剧情1=*娜塔莎：……,branch_content,娜塔莎
264,*娜塔莎：也就是说，「互助会」找到了哥…瓦赫留下的研究成果，而且还在向一些患者出售那些所谓的「特效药」……,content,娜塔莎
265,*娜塔莎：能做出这种事…足以证明他们不是什么纯粹的「互助会」。,content,娜塔莎
266,{{剧情选项,default,
267,|选项1=患者们还希望我对你保密。,option,开拓者
268,|剧情1=*娜塔莎：这也难怪。我坚决反对他们服用所谓的「特效药」，他们肯定也知道我的态度。,branch_content,娜塔莎
269,|选项2=患者说愿意承受风险。,option,开拓者
270,|剧情2=*娜塔莎：…作为对他们的生命负责的医生，我不能接受这种说辞。我对所谓「特效药」的态度不会改变。,branch_content,娜塔莎
271,}},default,
272,*娜塔莎：瓦赫留下的那些药物…不对，那些甚至不能算「药物」，只是些实验中产生的副产品、试剂罢了。,content,娜塔莎
273,*娜塔莎：我无数次警告过那些患者，但他们还是执迷不悟…也怪不得他们不愿意把和「互助会」有关的消息透露给我。,content,娜塔莎
274,*娜塔莎：谢谢你，开拓者。即使那些人说了很多于我不利的话，你还是对我如此信任。,content,娜塔莎
275,*娜塔莎：你要是还好奇瓦赫那所谓「特效药」的效用，不如去问问诊所里的患者吧——看看他们会给你什么样的答案。,content,娜塔莎
276,|选项2=（已经调查过卖药的地址）,option,开拓者
277,|剧情2=*娜塔莎：……,branch_content,娜塔莎
278,*娜塔莎：也就是说，「互助会」找到了哥…瓦赫留下的研究成果，而且还在向一些患者出售那些所谓的「特效药」……,content,娜塔莎
279,*娜塔莎：能做出这种事…足以证明他们不是什么纯粹的「互助会」。,content,娜塔莎
280,{{剧情选项,default,
281,|选项1=患者们还希望我对你保密。,option,开拓者
282,|剧情1=*娜塔莎：这也难怪。我坚决反对他们服用所谓的「特效药」，他们肯定也知道我的态度。,branch_content,娜塔莎
283,|选项2=患者说愿意承受风险。,option,开拓者
284,|剧情2=*娜塔莎：…作为对他们的生命负责的医生，我不能接受这种说辞。我对所谓「特效药」的态度不会改变。,branch_content,娜塔莎
285,}},default,
286,*娜塔莎：瓦赫留下的那些药物…不对，那些甚至不能算「药物」，只是些实验中产生的副产品、试剂罢了。,content,娜塔莎
287,*娜塔莎：我无数次警告过那些患者，但他们还是执迷不悟…也怪不得他们不愿意把和「互助会」有关的消息透露给我。,content,娜塔莎
288,*娜塔莎：那些人应该是说了很多于我不利的话，所以你才会先去卖药的窝点一探究竟吧？,content,娜塔莎
289,*娜塔莎：我不怪你，开拓者。感谢你事后还能来找我，这份信任对我来说很重要。,content,娜塔莎
290,*娜塔莎：你如果好奇瓦赫那所谓「特效药」的效用，不如去问问诊所里的患者吧——看看他们会给你什么样的答案。,content,娜塔莎
291,}},default,
292,,default,
293,=== 和诊所内的病患谈话 ===,default,
294,{{任务描述|你将有关「特效药」的事向娜塔莎和盘托出，她也坚定了对于「互助会」倒卖药物行为的反对态度。<br>为了聆听有关「特效药」的不同意见，娜塔莎建议你去和她诊所内的患者交流一下。}},default,
295,:{{颜色|描述|与冷静的患者交流}},default,
296,*冷静的患者：有人说瓦赫医生是主动从上层区下来帮忙的大善人…但我可不这么觉得。,content,冷静的患者
297,*冷静的患者：「穷人们的医生」这种说法，纯粹是某些人在自我感动而已。瓦赫以前虽然经常发放一些免费的药物，但他其实压根不关心那些吃药的人……,content,冷静的患者
298,*冷静的患者：说得难听点，他不过是把我们当成了实验对象。病能不能治好不重要，重要的是得有人愿意傻呵呵地当他的小地鼠……,content,冷静的患者
299,*冷静的患者：…当然了，我控制不了别人怎么想，这些也只是我自己的推测。,content,冷静的患者
300,:{{颜色|描述|与激动的患者交流}},default,
301,*激动的患者：你问我瓦赫留下的药？那玩意…真的能称得上是药吗？,content,激动的患者
302,*激动的患者：虽然娜塔莎医生也在这里，但我还是得实话实说…依我看，瓦赫欠缺医德，根本算不上是个医生！,content,激动的患者
303,*激动的患者：他是有一身医生的本事，但却不肯好好用那本事治病救人——我以前去找他看病的时候，他甚至连病症都不问清楚，就给我开了所谓的「特效药」……,content,激动的患者
304,*激动的患者：换作是你，那药你敢吃吗？,content,激动的患者
305,,default,
306,=== 和娜塔莎谈谈你对此事的看法 ===,default,
307,{{任务描述|你从诊所内的病患处得知，研制出「特效药」的瓦赫医生从不关心自己的患者。<br>这与你从加入「互助会」的患者们口中得到的印象冲突巨大。<br>真相到底如何，或许只有娜塔莎知晓…毕竟他是瓦赫医生的妹妹。}},default,
308,{{剧情选项|选项1=我和患者聊完了。}},default,
309,*娜塔莎：…瓦赫的事，我还没想好该怎么向你传达。我们之间的关系…还有他在下层区做过的事，这些旧事都说来话长。,content,娜塔莎
310,*娜塔莎：关于瓦赫，你应该也已经听到许多不同的意见了。开拓者，能告诉我你的想法吗？,content,娜塔莎
311,{{剧情选项,default,
312,|选项1=他是个欠缺医德的医生。,option,开拓者
313,|剧情1=,branch_content,
314,|选项2=我难以评价。,option,开拓者
315,|剧情2=,branch_content,
316,|选项3=他是不是精神分裂？,option,开拓者
317,|剧情3=*娜塔莎：你是这么认为的吗？也难怪……,branch_content,娜塔莎
318,}},default,
319,*娜塔莎：开拓者，我想让你再去见一位病人，她也是那「特效药」的受害者——我想让你看到滥用药物给患者带来的切实后果。,content,娜塔莎
320,*娜塔莎：等你了解了她的情况以后，就再回来找我聊聊看法吧。然后…我想拜托你帮我一个忙。,content,娜塔莎
321,,default,
322,=== 寻找「特效药」的受害者 ===,default,
323,{{任务描述|与娜塔莎交流后，她希望你能去下层区探访最后一位患者。<br>据说那位患者深受瓦赫留下的「特效药」所害，或许你在和她交谈时应该倍加谨慎……}},default,
324,*落寞的女子：……,content,落寞的女子
325,*落寞的女子：…你是谁……,content,落寞的女子
326,{{剧情选项,default,
327,|选项1=我是娜塔莎医生的朋友。,option,开拓者
328,|剧情1=,branch_content,
329,|选项2=我是…从天外降临的神医。,option,开拓者
330,|剧情2=,branch_content,
331,}},default,
332,*落寞的女子：…谁？我又是…谁？,content,落寞的女子
333,{{剧情选项,default,
334,|选项1=您还没自我介绍。,option,开拓者
335,|剧情1=,branch_content,
336,|选项2=您是娜塔莎的病人，记得吗？,option,开拓者
337,|剧情2=,branch_content,
338,|选项3=……,option,开拓者
339,|剧情3=,branch_content,
340,}},default,
341,*落寞的女子：…我老公在哪里，我的孩子又在哪里……,content,落寞的女子
342,*落寞的女子：…他们在哪里？你说…你知道对不对？,content,落寞的女子
343,{{剧情选项,default,
344,|选项1=你还好吗？我真的不知道…,option,开拓者
345,|剧情1=,branch_content,
346,|选项2=请您冷静一下…,option,开拓者
347,|剧情2=,branch_content,
348,}},default,
349,*落寞的女子：…你不知道…她也不知道…大家都不知道……,content,落寞的女子
350,*落寞的女子：到哪去了…他们…到哪去了……,content,落寞的女子
351,{{剧情选项|选项1=……}},default,
352,*？？？：年轻人，来这边吧，别打扰那个可怜人了…我跟你说几句……,content,
353,*慈祥的老婆婆：真可怜啊，那个女人…她的丈夫孩子都生病去世了。,content,慈祥的老婆婆
354,{{剧情选项,default,
355,|选项1=他们之前病得很严重吗？,option,开拓者
356,|剧情1=*慈祥的老婆婆：哎…也说不上多严重，只是偶尔需要卧床治疗，耽误了工作生计。,branch_content,慈祥的老婆婆
357,|选项2=她会变成这样就是这个原因吗？,option,开拓者
358,|剧情2=*慈祥的老婆婆：是啊…在家人去世之前，她还是挺开朗的一个人。,branch_content,慈祥的老婆婆
359,*慈祥的老婆婆：她的老公和孩子都得了一种怪病，虽说症状不算太严重，但工作生计难免会受些影响。,content,慈祥的老婆婆
360,}},default,
361,*慈祥的老婆婆：为了能一次性彻底治愈，他们就去买那什么「特效药」…谁能想到，改用了那药之后，两人的病情立马变得更严重了。,content,慈祥的老婆婆
362,*慈祥的老婆婆：那副遭罪的模样，简直生不如死…过了没多久，两个人就前后脚离开了。,content,慈祥的老婆婆
363,*慈祥的老婆婆：那之后她就一直是这种状态。多亏娜塔莎医生主动帮她调养，否则的话…哎，真不敢想。,content,慈祥的老婆婆
364,{{剧情选项,default,
365,|选项1=这就是纯粹的毒药吧…,option,开拓者
366,|剧情1=*慈祥的老婆婆：那能怎么办呢？卖药的事先也都警告过了，说这疗法有风险，出了情况只能赖自己运气太差……,branch_content,慈祥的老婆婆
367,|选项2=也许真的和运气太差有关…,option,开拓者
368,|剧情2=*慈祥的老婆婆：你真这么觉得吗？在我看来啊，那些卖药的就是在明目张胆地谋财害命啊…怎么能把这种东西卖给生病的人呢？,branch_content,慈祥的老婆婆
369,}},default,
370,*慈祥的老婆婆：哎，多的话我也没力气说了。至少现在我和老伴儿还能尽力帮帮她，希望她有朝一日还能像个正常人一样生活吧……,content,慈祥的老婆婆
371,{{折叠|标题=额外对话（焦躁的男子）|内容=,default,
372,*焦躁的男子：你问我她怎么了？这已经够明显了吧，先是遭遇了医疗事故，然后精神上又受了打击……,content,焦躁的男子
373,*焦躁的男子：真是无可救药啊，我这蠢妹妹…哎……,content,焦躁的男子
374,*焦躁的男子：那个叫瓦赫的医生，简直就不是人…是披着大褂的恶魔！,content,焦躁的男子
375,*焦躁的男子：我都提醒过她好多次了，这药不能信，可是她……,content,焦躁的男子
376,{{剧情选项|选项1=…瓦赫不是已经去世了吗？}},default,
377,*焦躁的男子：…你以为他活着的时候，做的事和「互助会」的那群药贩子有什么区别？要我说，他甚至还不如那帮家伙！,content,焦躁的男子
378,*焦躁的男子：「互助会」卖药起码还会告诉买家风险自负，瓦赫那家伙则是免费把那些毒药分发给所有人，连老人和小孩都……,content,焦躁的男子
379,*焦躁的男子：可恶，可恶啊！我妹妹的命怎么就这么苦……,content,焦躁的男子
380,|折叠=是}},default,
381,,default,
382,=== 和娜塔莎谈谈 ===,default,
383,{{任务描述|瓦赫留下的「特效药」摧残了那个可怜女人的家庭。<br>你终于可以认定所谓的「互助会」就是一个倒卖假药、谋财害命的可恶组织。<br>去和娜塔莎再见一面吧，看看她决定应该采取什么样的行动。}},default,
384,{{剧情选项|选项1=我回来了。}},default,
385,*娜塔莎：你和她有过交流了吗，开拓者？,content,娜塔莎
386,*娜塔莎：看你的表情…我想你对那种所谓「特效药」的性质已经有判断了，对吗？,content,娜塔莎
387,{{剧情选项,default,
388,|选项1=推广这种药的人…是恶魔吗？,option,开拓者
389,|剧情1=,branch_content,
390,|选项2=药贩子利用了人们脆弱的一面…,option,开拓者
391,|剧情2=,branch_content,
392,}},default,
393,*娜塔莎：……,content,娜塔莎
394,*娜塔莎：嗯，不管是瓦赫还是「互助会」，他们都把下层区人们的心理拿捏得很准。,content,娜塔莎
395,*娜塔莎：我给你讲一个故事吧，开拓者。,content,娜塔莎
396,*娜塔莎：曾经，上层区有一位医术高明的医生，他同时还拥有过人的制药天赋。,content,娜塔莎
397,*娜塔莎：那位医生执意想要研制一种能够使人体不惧严寒的药物，他为自己的研究项目取名「风雪免疫」。,content,娜塔莎
398,*娜塔莎：但医生的研究一再受阻，最大的原因在于缺乏实验对象。篡改人体的免疫系统伴随着巨大的风险，而上层区没有人愿意配合他进行这种实验。,content,娜塔莎
399,*娜塔莎：于是，那位医生联络了自己在下层区的妹妹…声称他想来支援下层区的医疗工作。,content,娜塔莎
400,{{剧情选项,default,
401,|选项1=……,option,开拓者
402,|剧情1=,branch_content,
403,|选项2=然后…,option,开拓者
404,|剧情2=,branch_content,
405,}},default,
406,*娜塔莎：…得知这个消息的妹妹当然喜出望外。毕竟在医学方面，哥哥是她一直以来憧憬的目标。,content,娜塔莎
407,*娜塔莎：所以，她亲自把哥哥接到了下层，还托人给他安排了自己的诊所和实验室……,content,娜塔莎
408,*娜塔莎：…后来的事，你应该能想象得到了。,content,娜塔莎
409,{{剧情选项,default,
410,|选项1=抱歉，我之前还怀疑过你…,option,开拓者
411,|剧情1=,branch_content,
412,|选项2=那种人居然是娜塔莎的哥哥…,option,开拓者
413,|剧情2=,branch_content,
414,}},default,
415,*娜塔莎：给穷人发放免费的药物，只是瓦赫用来测试实验药剂的手段。,content,娜塔莎
416,*娜塔莎：他的这些试剂确实能在某种程度上缓解病患的痛苦…但也仅此而已。试剂的效果会让病人暂时忘记痛苦，进而疏漏了常规的治疗……,content,娜塔莎
417,*娜塔莎：结果就是…轻症的患者在虚假的「药效」陪同下痊愈，将一切归功于所谓的「特效药」；而重症患者的病情则会快速加剧，甚至提前迎来死亡。,content,娜塔莎
418,*娜塔莎：我不能接受他们把死者的境遇单纯地归结为「不幸」或是「风险」，开拓者——没有一个称职的医生能接受这种事。,content,娜塔莎
419,*娜塔莎：所以，我想正式委托你帮我回收那些「特效药」。你愿意接下这个任务吗？,content,娜塔莎
420,{{剧情选项,default,
421,|选项1=必须有人站出来做正确的事。,option,开拓者
422,|剧情1=,branch_content,
423,|选项2=虽然不是很情愿，但……,option,开拓者
424,|剧情2=*娜塔莎：但你肯定不会坐视不管，对吧？,branch_content,娜塔莎
425,}},default,
426,*娜塔莎：谢谢你，开拓者。,content,娜塔莎
427,*娜塔莎：这样做一定会让那些已经对「特效药」产生依赖的病人感到痛苦…毕竟要由我们来亲手打碎他们「虚假的希望」。,content,娜塔莎
428,*娜塔莎：但还请你不要心软，一定要将瓦赫留下的试剂悉数回收。所有的责任和后果都由我来承担，你不必为此感到焦虑。,content,娜塔莎
429,*娜塔莎：去吧，开拓者。我在这里等着你的好消息。,content,娜塔莎
430,,default,
431,=== 前往铆钉镇寻找「特效药」的来源 ===,default,
432,{{任务描述|娜塔莎已经下定决心，要借助你的力量一举捣毁倒卖假药的虚假「互助会」。<br>前往铆钉镇寻找「特效药」的源头吧，顺便将沿途遇到的「互助会」帮凶全都修理一遍。}},default,
433,*警觉的流浪者：站住！前面禁止通行！,content,警觉的流浪者
434,{{剧情选项,default,
435,|选项1=把「特效药」交出来吧。,option,开拓者
436,|剧情1=*警觉的流浪者：嚯！你倒是理直气壮啊，直接明抢是吧？,branch_content,警觉的流浪者
437,*警觉的流浪者：你这家伙，就是诊所那个女医生的跟班吧？你以为我们「互助会」没有自己的情报网吗？,content,警觉的流浪者
438,|选项2=我是来买药的。,option,开拓者
439,|剧情2=*警觉的流浪者：骗谁呢？你这家伙明明就是那个女医生的跟班，你以为我们「互助会」没有自己的情报网吗？,branch_content,警觉的流浪者
440,|选项3=我只是散步经过而已…,option,开拓者
441,|剧情3=*警觉的流浪者：到裂界里散步？别装了！,branch_content,警觉的流浪者
442,*警觉的流浪者：你这家伙，就是诊所那个女医生的跟班吧？你以为我们「互助会」没有自己的情报网吗？,content,警觉的流浪者
443,}},default,
444,*警觉的流浪者：我看那婆娘就是盯上了我们的药，特地派你来砸场子的吧？,content,警觉的流浪者
445,*警觉的流浪者：兄弟们，不用再假装客气了，把这家伙给我赶走！,content,警觉的流浪者
446,:{{颜色|描述|进入战斗并击败看守的流浪者}},default,
447,,default,
448,=== 前往互助会藏匿「特效药」的地点 ===,default,
449,{{任务描述|你打倒了「互助会」的看门小喽啰，藏匿「特效药」的地点一定就在前方不远处。}},default,
450,:{{颜色|描述|残破的储物箱里存放着按照实验编号放置的测试药剂，应该就是「互助会」提到的「特效药」了。}},default,
451,:{{颜色|描述|背后突然传来一阵脚步声……}},default,
452,*「互助会会长」：…好嘛，看看这回我撞上谁了？大名鼎鼎的外来者——没想到还是个小偷兼强盗！,content,互助会会长
453,{{剧情选项,default,
454,|选项1=你是什么人？,option,开拓者
455,|剧情1=,branch_content,
456,|选项2=我只是凑巧路过…,option,开拓者
457,|剧情2=*「互助会会长」：哦，凑巧路过，然后把我们看门的弟兄揍得落花流水？,branch_content,互助会会长
458,}},default,
459,*「互助会会长」：告诉你吧，我是「疑难重症患者互助会」的会长。你面前这些药物可是我们诸多会员的命根子啊，你确定要做触犯他们利益的事吗？,content,互助会会长
460,*「互助会会长」：多可怜啊，那些病人…好不容易找到能救命的特效药，居然还要碰上你这种强盗……,content,互助会会长
461,*「互助会会长」：据我所知，这下层区的病患之多，只靠那一家诊所早就容纳不下了吧？,content,互助会会长
462,*「互助会会长」：有我的「互助会」帮她接手那些已经走投无路的患者，你家那位医生难道不该感谢我吗？,content,互助会会长
463,{{剧情选项,default,
464,|选项1=娜塔莎不会放弃任何患者——,option,开拓者
465,|剧情1=,branch_content,
466,|选项2=——更不会容忍你这种骗子！,option,开拓者
467,|剧情2=,branch_content,
468,}},default,
469,*「互助会会长」：哼，看来你这家伙是铁了心要来砸场子啊……,content,互助会会长
470,*「互助会会长」：也罢，既然被你找到了这里，那说什么也不能让你毫发无损地离开！,content,互助会会长
471,*「互助会会长」：弟兄们，把这个偷药贼给我拿下！,content,互助会会长
472,:{{颜色|描述|进入战斗并击败会长等人}},default,
473,*「互助会会长」：可…可恶…我们和你到底什么仇什么怨，为什么要挡我们的财路……,content,互助会会长
474,*娜塔莎：…「财路」？,content,娜塔莎
475,*娜塔莎：看来你也已经承认了啊？自己干这行只是为了赚钱，而不是为了拯救患者的生命。,content,娜塔莎
476,*「互助会会长」：你、你怎么来了？该死，麻烦事一桩接一桩……,content,互助会会长
477,*娜塔莎：…你早该料到「麻烦」会找上门来，从你决定昧着良心做假药生意的那天开始。,content,娜塔莎
478,*娜塔莎：我有责任保障患者们的生命安全。换句话说…我必须铲除威胁到他们的危险因素。,content,娜塔莎
479,*「互助会会长」：你…你救不了所有人！这下层区，茫茫多的病患…你怎么救得过来？,content,互助会会长
480,*娜塔莎：没错，只靠我自己的力量救不了所有人…如果有必要，我可以放弃吃饭和睡觉的时间来为他们治病。,content,娜塔莎
481,*娜塔莎：瓦赫欠下层区的债还记在我的头上。我只能尽最大的努力帮助这里的每个人，直到我倒下为止。,content,娜塔莎
482,*「互助会会长」：……,content,互助会会长
483,*「互助会会长」：哼，真是个偏执的家伙…在这方面，你跟你那疯子哥哥没什么两样。,content,互助会会长
484,*娜塔莎：…我就当你是在夸奖我了。,content,娜塔莎
485,*娜塔莎：谢谢你，开拓者。你今天的作为能拯救许多下层区的家庭。,content,娜塔莎
486,*娜塔莎：我会找到办法处理哥哥留下的这些试剂，「互助会」再也不能打着他的旗号胡作非为了。,content,娜塔莎
487,*娜塔莎：我们回镇上去吧。我还欠那些患者一个解释……,content,娜塔莎
488,,default,
489,=== 回到诊所和娜塔莎谈谈 ===,default,
490,{{任务描述|你击败了倒卖假药的「互助会」会长和他手下的狗腿子们，粉碎了他们继续谋财害命的阴谋。<br>娜塔莎对你提供的帮助表示了感激，她邀请你回到诊所和她再聊一次。<br>这次，也许她终于能将瓦赫的故事完整地讲给你听了。}},default,
491,:{{颜色|描述|你刚走进诊所就看见娜塔莎被许多人围住…}},default,
492,*开拓者：（娜塔莎好像被患者围住了？听听他们在说什么吧…）,content,开拓者
493,*怀疑的患者：…医生，你说什么？「特效药」已经停止供应了？,content,怀疑的患者
494,*娜塔莎：对，你没听错。那批药物存在严重的隐患，相关的供应链已经被「地火」切断了。,content,娜塔莎
495,*娜塔莎：各位的病情需要合理、科学的治疗，胡乱用药只会加剧你们的症状……,content,娜塔莎
496,*怀疑的患者：哼，什么合理、科学…我看你就是嫉妒自己的病人被抢走了吧？,content,怀疑的患者
497,*年长的患者：别、别这么跟娜塔莎医生说话，太不礼貌了……,content,年长的患者
498,*怀疑的患者：…不是，老太太，你怎么还向着她啊？我们这特效药吃得好好的，现在说断就断了？凭什么——,content,怀疑的患者
499,*娜塔莎：——我明白你恼火的原因，但还请大家相信我作为主治医生的判断。,content,娜塔莎
500,*娜塔莎：我一定会想办法争取到足够的医疗资源，帮大家渡过各自的难关。如果有必要的话，我会到上层区去求助……,content,娜塔莎
501,*怀疑的患者：上层区…哼，我都快忘了，你以前还是个上层区的大小姐呢。,content,怀疑的患者
502,*年长的患者：你太不尊重娜塔莎医生了……,content,年长的患者
503,*怀疑的患者：嘁，她最好真能快点找到「特效药」的替代品！否则的话，我就把她陷害瓦赫医生的事告诉所有人。,content,怀疑的患者
504,*怀疑的患者：——走了！,content,怀疑的患者
505,*娜塔莎：……,content,娜塔莎
506,:{{颜色|描述|围住娜塔莎的病患都离开后…}},default,
507,{{剧情选项|选项1=娜塔…}},default,
508,*娜塔莎：啊…你来了，开拓者。抱歉，被你看到了尴尬的一幕。,content,娜塔莎
509,{{剧情选项,default,
510,|选项1=你没事吗？,option,开拓者
511,|剧情1=*娜塔莎：嗯…我没事。设身处地地想想，他会有那样的反应也很自然。我能做的只有尽力为这些患者治疗，消除他们的疑虑。,branch_content,娜塔莎
512,|选项2=好想修理那个嘴碎的家伙！,option,开拓者
513,|剧情2=*娜塔莎：别冲动。设身处地地想想，他会有那样的反应也很自然。我能做的只有尽力为这些患者治疗，消除他们的疑虑。,branch_content,娜塔莎
514,}},default,
515,*娜塔莎：…先不提这个了。收拾掉了瓦赫留下的烂摊子，我心里那块石头也能暂时放下。,content,娜塔莎
516,*娜塔莎：现在…我想跟你完整地讲讲有关他的事。,content,娜塔莎
517,*娜塔莎：你如果有任何想问我的事，就请现在开口吧。,content,娜塔莎
518,{{剧情选项,default,
519,|选项1=他是你的亲生哥哥吗？,option,开拓者
520,|图标1=对话,default,
521,|剧情1=*娜塔莎：不…但我一直以为，我们的关系比同父同母的兄妹更亲密。,branch_content,娜塔莎
522,*娜塔莎：我其实也是在孤儿院长大的孩子。直到被来自上层区的一家人收养以后，我的人生轨迹才发生了变化。,content,娜塔莎
523,*娜塔莎：我的养母，她一直将我视若己出。瓦赫也把我当亲妹妹一样疼爱…至少儿时如此。,content,娜塔莎
524,*娜塔莎：养父母一家是医学世家，我们俩从小就接触到了很多医学专著。长大以后，我们也都顺利进入了贝洛伯格的医学院校，走上了从医这条路。,content,娜塔莎
525,|选项2=瓦赫是个什么样的人？,option,开拓者
526,|图标2=对话,default,
527,|剧情2=*娜塔莎：温和，内向。但是一旦涉及到专业领域…他就会变得极端偏执，像是换了一副脸孔。,branch_content,娜塔莎
528,*娜塔莎：如果我在实验时犯了错误，他会用尖刻的词句苛责我…但事后又会道歉，安慰我。他就是如此矛盾的一个人。,content,娜塔莎
529,|选项3=你早就知道这药是他留下的？,option,开拓者
530,|图标3=对话,default,
531,|剧情3=*娜塔莎：我并不知道他还在铆钉镇留下了残余的试剂。刚听你说起时，我也有些震惊。,branch_content,娜塔莎
532,*娜塔莎：没能彻底斩断联系的过往…总有一天会回来敲你的门。,content,娜塔莎
533,|选项4=他…真的已经不在了？,option,开拓者
534,|剧情4=*娜塔莎：这件事得从头说起…瓦赫从小就有一个理想——研制出名为「风雪免疫」的药物。,branch_content,娜塔莎
535,*娜塔莎：他将人体的畏寒性视作疾病，希望能研制出与之对抗的药物，让人类能在寒潮中生存。那样的话，人们就可以走出贝洛伯格，在雪原中重建家园。,content,娜塔莎
536,{{剧情选项,default,
537,|选项1=你相信他的理想吗？,option,开拓者
538,|剧情1=*娜塔莎：老实说，我不知道「风雪免疫」该如何达成。但我敬佩他的理想和坚持…所以从小到大，我一直选择相信他。,branch_content,娜塔莎
539,|选项2=（适当的沉默）,option,开拓者
540,|剧情2=*娜塔莎：我敬佩他的理想和坚持，虽然我觉得「风雪免疫」是个遥不可及的理想。,branch_content,娜塔莎
541,}},default,
542,*娜塔莎：我知道他在上层的研究并不顺利，所以经常给他写信，让他到下层来看看，和孤儿院的孩子们待上一段时间——权当是一种调剂。,content,娜塔莎
543,*娜塔莎：但当时我还太年轻，还不知道长期的挫败会如何压垮一个人，给他带去可怕的影响……,content,娜塔莎
544,{{剧情选项|选项1=「可怕的影响」…？}},default,
545,*娜塔莎：在下层的那段时间，他接触到了一些受到轻微裂界侵蚀影响的患者。他们的身体对冷热的反应异于常人，这种特性让瓦赫十分着迷。,content,娜塔莎
546,*娜塔莎：他开始尝试复现轻微的裂界侵蚀效果，认为这种研究能促进「风雪免疫」的开发……,content,娜塔莎
547,*娜塔莎：这些试剂并不能治愈一切重疾——世界上不存在那种万能药。瓦赫制作出它们，只是为了在短期内稳定受研究者的症状…以便观察他们的体征变化。,content,娜塔莎
548,*娜塔莎：在我没有注意到的角落，他一直在向无辜的居民分发着这种试剂。等我注意到异常时…他的理智已经快被可怕的研究消磨殆尽了。,content,娜塔莎
549,{{剧情选项,default,
550,|选项1=他已经丧失人性了…,option,开拓者
551,|剧情1=*娜塔莎：嗯…而且这一切就发生在我的眼皮底下。想来可笑，对亲人的信任竟然蒙蔽了我的双眼……,branch_content,娜塔莎
552,|选项2=过了很久，你什么都没发现？,option,开拓者
553,|剧情2=*娜塔莎：当时的我无条件地信任瓦赫。想来真是可笑又可悲……,branch_content,娜塔莎
554,}},default,
555,*娜塔莎：他的实验被揭发以后，我和奥列格商议了很久，讨论该如何给这件事善后。,content,娜塔莎
556,*娜塔莎：当时正值封锁令颁布前夕，下层的银鬃铁卫已经近乎不见踪影，我们想了很久都找不到处置瓦赫的办法。,content,娜塔莎
557,*娜塔莎：最后，奥列格建议将他驱逐了事，并且永远禁止他再踏足下层。,content,娜塔莎
558,*娜塔莎：如果让他的受害者知道了真相，瓦赫肯定会被愤怒的下层区人撕成碎片。那时的我还很年轻、软弱，奥列格会提出那种建议，肯定也是顾及了我的感情。,content,娜塔莎
559,{{剧情选项,default,
560,|选项1=这处罚未免太轻了…,option,开拓者
561,|剧情1=*娜塔莎：现在回想起来，的确如此。他的所作所为值得更加严苛的惩罚……,branch_content,娜塔莎
562,|选项2=你们做了正确的事。,option,开拓者
563,|剧情2=*娜塔莎：…希望如此。得知真相的那天…我第一次觉得兄长的面貌如此陌生。,branch_content,娜塔莎
564,}},default,
565,*娜塔莎：我和奥列格把他带回了上层。瓦赫最后向我们提出的要求，是将他带到城市之外，他一直想要战胜的那片雪原之中。,content,娜塔莎
566,*娜塔莎：就在我的眼前，他独自走进了雪幕…从那时候起，我就不断在脑海里对自己重复一句话——「瓦赫已经死了」。,content,娜塔莎
567,*娜塔莎：抱歉，开拓者，我不太擅长讲故事。瓦赫是位糟糕透顶的兄长，更是个不称职的医生…你只要知道这点就够了。,content,娜塔莎
568,*娜塔莎：今天就聊到这里吧，谢谢你帮我处理哥哥留下的烂摊子。这是一点谢意，请你收下。,content,娜塔莎
569,}},default,
