﻿line_number,content,category,character
1,{{系列任务,default,
2,|系列任务名=星旅寻影,default,
3,|任务类型=活动任务<!-- 开拓任务、同行任务、冒险任务、日常任务、活动任务 -->,default,
4,|任务地区=空间站「黑塔」、雅利洛-Ⅵ<!-- 空间站「黑塔」、雅利洛-Ⅵ、仙舟「罗浮」 -->,default,
5,|所属版本=1.5,default,
6,|描述=在开拓之旅中，你们遭遇的奇景与趣事都被三月七拍摄了下来，但这些照片似乎出现了一些问题……,default,
7,|存在道具=是<!-- 是/否 -->,default,
8,|相关活动=「星旅寻影」,default,
9,|存在成就=<!-- 是/否 -->,default,
10,|存在书籍=<!-- 是/否 -->,default,
11,}},default,
