﻿line_number,content,category,character
1,{{面包屑|星海纪闻}}{{星海纪闻导航}},default,
2,{{引用说明|图书馆}},default,
3,{{待补充}},default,
4,"<blockquote style=border-color:gray><div class=""wiki-bot"">「探索」、「了解」、「建立」、「连结」</div></blockquote>",default,
5,<center></center>,default,
6,==简介==,default,
7,"<i><font color=#564D39>「呜！呜！排排坐，莫站立，瓦普跳跃要小心。呜！呜！安全带，随时系，餐车不是打牌地！」<br><br><div align=""right"">——《星穹列车安全指示（帕姆版）》</div></font></i><br><br>「开拓」的星神阿基维利陨落之后，祂的开拓意志被追随者「无名客」们继承，其中就包括祂曾搭乘的星穹列车。然而「万界之癌」恣肆蔓延，列车所枕银轨也未能幸免。疾疫未至时，列车就已步履维艰；道阻且塞时，便不得不悄然搁浅。<br><br>如此经年累月，不知过了多久，一位红发少女与荒废的列车相遇了。她被遗落在引擎和银轨之间无言故事所吸引，花费时间填补了裂隙、抚平了磨损，将列车上下修葺一新。于是，好奇尚异的少女踏入列车的车厢，开始了丈量宇宙的开拓之旅。<br><br>星穹列车逐站停靠，乘客也来往匆匆，不断有人加入列车的旅途，又不断有人离去。旅者们来自不同的世界，背负不同的过往，奔赴不同的终点，但只要身处列车之中，他们便共享同一段旅程。因此，即便旅客们各怀心思，甚至心怀鬼胎，列车和姬子对此也毫不介意——只要有人愿意共赴奇旅，车门便慷慨地为其开启。",default,
8,==信仰==,default,
9,===星神===,default,
10,*[[星神#「开拓」，阿基维利|「开拓」阿基维利]]：执掌「开拓」命途的星神，从孤绝世界裴伽纳出发，不断开拓未知的边界。祂走过诸界，在星海间铺下银轨，让一个又一个世界彼此相连，留下关于宇宙和探索的传奇——勇敢而好奇的人们被精彩的冒险故事吸引，纷纷追随「开拓」之神的足迹，加入探索银河的旅途。旅行者们自称「无名客」，他们搭载着阿基维利建造的列车，奔行于被银轨联结的星球之间，展开一段段扣人心弦的冒险旅程。,content,阿基维利
11,===命途===,default,
12,*[[命途#开拓|开拓]]：「探索」、「了解」、「建立」、「连结」,content,开拓
13,**「探索」未知的世界，不断拓宽前方的旅道。,default,
14,**「了解」当地的人文生态，融入其中。,default,
15,**「建立」与新世界之间的联系，为其喜乐，共其忧虑。,default,
16,**「连结」世界与世界，踏出永不断绝的道路。,default,
17,===派系===,default,
18,*[[派系#无名客|无名客]]-[[派系#星穹列车|星穹列车]],default,
19,==关于列车==,default,
20,*'''列车的过去'''：星穹列车是「开拓」阿基维利制造的工具，用于承载祂与无名客进行星际旅行。据传这样的载具不止一台，但列车里没有其它的纪录。姬子发现列车时，它的记忆体已经损坏，丢失了很多宝贵的资料。只知道：列车确实是阿基维利的造物；列车确实曾与阿基维利一同旅行。,content,列车的过去
21,*'''列车的方向'''：目前列车正沿着「开拓」曾经的旅线行驶。部分站点的名称因记忆体的损坏而丢失了，但首站和末站的名字都是「裴迦纳」——阿基维利的故乡。列车组推测星穹列车是从裴迦纳出发，沿途停靠，并最终回到起点，再次下一段旅程。但是由于星核的出现，每一站都发生了延误。,content,列车的方向
22,*'''列车的力量'''：银河里流传着“列车的核心是星神阿基维利的心脏，它提供了星穹列车穿越诸界的能力”的说法，姬子在列车上没有找到对应的证据。星穹列车很可能拥有某种机制，使它可以从开拓命途搬运力量。普通的命途行者做不到这一点。<ref>[[姬子/资料#大世界对话]]</ref>,content,列车的力量
23,**星穹列车会将一次次的「开拓」转化成维持运行的能源。理想状态下，只要开拓之旅不曾间断，列车便能获得源源不断的动力，如永动机一般持续前行。<ref>开拓任务[[异乡异客]]</ref>,default,
24,==人员组成==,default,
25,===当前列车组===,default,
26,*{{图标|帕姆}}：列车长，没有办法下车，与某人（可能是阿基维利）有“你我的开拓之旅永不停歇”的约定<ref>{{图标|风之旋}}</ref>。,content,帕姆
27,*{{图标|姬子}}：领航员，充满冒险精神的科学家，星穹列车的修复者。为了见证广阔的星空，选择与星穹列车同行。爱好是制作手调咖啡。,content,姬子
28,*{{图标|瓦尔特}}：老成持重的列车组前辈。圣方丹事件结束后，瓦尔特被迫与事件始作俑者<ref>二人由《崩坏3》穿越而来，瓦尔特与《崩坏3》中同名角色为同一人，在剧情上有所呼应</ref>去向星门另一侧，飞船失去动力后二人被姬子救出，此后瓦尔特便留在列车上，成为列车修复后最初的乘客。拥有「操纵重力」「拟态」等各类能力以及丰富的人生经历，深受大家信赖。,branch_content,瓦尔特
29,*{{图标|丹恒}}：清冷寡言的少年，持有名为「击云」的长枪，于列车漫长的开拓之旅中担任护卫和记录员。,content,丹恒
30,*{{图标|三月七}}：精灵古怪的少女，自认热衷于这个年纪的女孩子「应当热衷」的所有事，比如照相。从列车组捕获的巨型陨冰「六相冰」中苏醒，却发现自己对身世与过往都一无所知。短暂的消沉之后，她决定以重获新生的日期为自己命名。,content,三月七
31,*{{图标|开拓者}}：登上星穹列车的少女/少年，为了消除星核带来的危机，选择与星穹列车同行。,content,开拓者
32,*在剧情中，以上成员除了帕姆以外既是列车组的成员，也是可能会在某一站下车离开的乘客，过往成员也应是如此。,branch_content,
33,===历史成员===,default,
34,====历任领航员====,default,
35,"{| class=""wikitable"" style=""margin-top:0px;width:100%;""",default,
36,!  称号 !! 姓名 !! 在任时期 !! 事迹,default,
37,|-,default,
38,| 「三眼」 || 卡皮•巴巴 || 虫潮末期 || 智力极高的啮齿目水豚科生物，因其精准的「预测能力」成为列车领航员；选择航线的才能有如天眼，多次避开虫潮；喜欢在驾驶室翻看日志、绘制航图，很少见人，由精通水豚语的人类管家打理事务；修订了沿用至今的星轨航图；完成使命后荣归故里。,default,
39,|-,default,
40,| 「鸡窝头」 || 鲍勃 || 未知 || 曾是公司通缉的犯罪集团「塔兰图拉」的一员，脱身假死伪造身份成为列车护卫，被识破身份后被指派为领航员；在任期间准确解决了许多乘客的疑问；自称讨厌智械但在战乱时邀请和平的机械生命登车；在一次保卫战中英勇牺牲；是《鸡窝头侦探》的角色原型。,default,
41,|-,default,
42,| 「快枪手」 || 奥克莱 || 未知 ||起初只是一名搭车的赏金客（见[[野穗伴行的快枪手]]），因领航员与乘客消失受列车长所托临时担任领航员，多次消解蛮荒星兽的追逐进攻并将列车带回边星贸易区的安全地带；协助寻找此前失踪的人们，重新召集足够成员后悄然下车，担任领航员时间最短，约6个月零2天。,default,
43,|-,default,
44,| 「航标」 || 桑-3000 || 「大开拓时代」前 || 身为智械的她率性活泼、争强好胜，喜欢并和所有乘客掰手腕；领航众多星穹列车；列车驶入了很多包括善见天在内的前人从未去过的世界；全身机械损坏无法更换后卸任。,default,
45,|-,default,
46,| 「晶石」 || 朵莉可 || 阿基维利陨落前 ||来自提亚芙的音乐家，有着足以吸引阿基维利的如晶石般清澈高雅的嗓音；阿基维利陨落后出现不可逆的结晶化异象，在三日不绝的歌声后，她将领航员的身份交予他人，自己永远留在了星空下。,default,
47,|-,default,
48,| 「观星者」 || 我见 || 第二次繁荣末期，阿基维利陨落前后（可能被虚构史学家篡改） || 先后历经阿基维利的陨落和纳努克的诞生，在最艰辛的时代维持世界与世界的联络，其间星穹列车的乘员一度只剩下两人；卸任同一时期，宇宙中开始出现「厄兆先锋」（可能被虚构史学家篡改）。,default,
49,|-,default,
50,| 「启明」 || 法尔肯•阿蒙森 || 阿基维利陨落后，万界之癌初期（约2147纪） ||寻回离去的无名客，感召大量新生代的无名客；与众多英雄人物一同开垦被阻断的银轨；在他的带领下，星穹列车重拾往日荣光，乘员一度达到数百人；自己却在旅途伊始早早牺牲。,default,
51,|-,default,
52,| 「年轻人」 || 格兰霍姆 || 万界之癌时期 ||从17岁起终生担任领航员；欣然接纳新人；和乘员们向受灾的世界伸出援手，将无名客变成了天外英雄的代名词；最后在自己的安乐椅上永远睡去，之后不久星穹列车搁浅。,default,
53,|-,default,
54,| 「群星的探险家」|| [[姬子]] || 万界之癌时期（2157纪至今） ||经过多年努力修复搁浅许久的列车；建立了如今的列车组。,default,
55,|}<ref>[[「星间旅行」]]活动</ref>,default,
56,====拉格沃克•夏尔•米哈伊尔====,default,
57,[[文件:米哈伊尔的罗盘.png|thumb|right|150px|米哈伊尔的罗盘]],default,
58,[[文件:光锥-立绘-为了明日的旅途.png|缩略图|右|光锥-为了明日的旅途：帕姆与拉扎莉娜（左）、米哈伊尔（中）、铁尔南（右）]],content,为了明日的旅途
59,*前星穹列车机修工，[[匹诺康尼#钟表匠|匹诺康尼传奇大亨「钟表匠」]]<br>,default,
60,*他来自海洋星球露莎卡，是传奇航海家米哈伊尔-夏尔夫妇的养子。因机缘巧合登上列车，在旅途中与众多旅伴结缘，并为匹诺康尼繁荣发展做出巨大贡献。,default,
61,*在机械维修之外，他经常自称没有太多本事，只是擅长编造故事。,default,
62,*「钟表匠」，是他最伟大的谎言，而匹诺康尼的「盛会」是他最后的谎言。,default,
63,*其人不愿故星偏离自由的道路，意图巧借谎言让各异的命途在此延续长存。,default,
64,*但他未能亲眼见证匹诺康尼的结局。,default,
65,*他于2157纪在流梦礁无人的角落悄然离世，葬礼只有寥寥数人到场。,default,
66,*依照无名客的传统，他的乘员专票被归还星海。,default,
67,*与此同时，匹诺康尼依旧光辉灿烂，稚子的梦将永远延续。,default,
68,*[[#历任领航员|法尔肯•阿蒙森]]时期登上列车，[[#历任领航员|格兰霍姆]]时期下车留在阿斯德纳星系建设匹诺康尼。,default,
69,*在星穹列车上帮助法尔肯•阿蒙森修好他的怀表，被法尔肯•阿蒙森指定为列车机修工。后挺身而出修理星穹列车，为了奖励这份勇气，法尔肯•阿蒙森送给他一块怀表{{图标|开拓进行时}}。<ref>2.2版本活动《钟表小子：美梦往事》中钟表环游记-初出茅庐提及</ref>,content,钟表小子
70,*从养父手里继承了罗盘，下车时从格兰霍姆手中继承了阿蒙森的帽子（后通过米沙将其转交给玩家，即[[开拓者•同谐]]立绘中的礼帽）。,default,
71,*{{图标|米沙}}是其人生缩影，最初居住于其留下的梦泡中。,default,
72,*相关装备{{图标|机心戏梦的钟表匠}}{{图标|为了明日的旅途}},default,
73,,default,
74,====拉扎莉娜•简•艾丝黛拉====,default,
75,[[文件:盛会之星无名英雄.jpg|缩略图|100px|右|拉扎莉娜与铁尔南]],default,
76,*前星穹列车测绘师，一位充满活力与好奇心的少女学者。,default,
77,*她来自受「记忆」启蒙、学阀独裁的卓瑞娜-乌尔德星系，专攻忆质动力学。,default,
78,*她为寻求更广阔的学术天地，随星穹列车投身建设阿斯德纳，展开有关忆质的研究。,default,
79,*独立战争末期，她为探明原初梦境的秘密，独自驾驶穿梭机消失在忆域中。,default,
80,*她的研究成果是匹诺康尼得以发展至今的理论基础，对后世繁荣产生了深远影响。,default,
81,*她是[[匹诺康尼#拉扎莉娜|「梦想之地」真正意义上的奠基人]]。,default,
82,====博雷克林•铁尔南====,default,
83,*前星穹列车护卫，一位武艺高超的枪手。,default,
84,*他来自边陲世界弗拉提，崇拜当地传说中的快枪手[[#历任领航员|奥克莱]]，因为她的事迹登上列车。,default,
85,*他是[[匹诺康尼#铁尔南|匹诺康尼战时杰出将领之一]]，象征最高荣誉的猎牙勋章唯一持有人，由哈努努亲自授勋。,default,
86,*内乱期间，他随灯蛾家系一同重新开辟银轨，途中遭虫群袭击失踪，后为巡海游侠所救。自此再未能回到匹诺康尼。,default,
87,*他参与讨伐绝灭大君「诛罗」，并成为那场惨烈战役的幸存者，自此销声匿迹，实为看护巡海游侠同袍留下的「血罪灵」直至死后自己也留下「血罪灵」。,default,
88,*最终{{图标|黄泉}}将其引渡并带回其遗物。他是一名真正纯粹、高尚且无私的伟大战士。,default,
89,,default,
90,====其他成员====,default,
91,*阿基维利,default,
92,*阿哈：曾变成凡人埋伏在列车上一整年，最终将半辆列车和一颗星球炸成粉末。,content,阿哈
93,,default,
94,==参考链接==,default,
