﻿line_number,content,category,character
1,{{提示|蓝色|宽度=100%|如果选择选项下面对话没变不是BUG了，而是游戏本身对话就是一样的。}},option,开拓者
2,{{任务,default,
3,|任务名称=初花剑客行•泄火,default,
4,|任务地区=仙舟「罗浮」,default,
5,|任务类型=活动任务,default,
6,|所属版本=2.4,default,
7,|任务描述=多亏了椒丘的协助，三月七剑术进步了不少…椒丘贡献了曜青的灵药，让斯科特在最后的战斗中实力大减。<br>这一招确实是卑鄙，希望斯科特不要留下太多心理阴影。,default,
8,|时间=<!-- 限时任务填写，可留空 -->,default,
9,|奖励={{图标|星琼|10}}{{图标|遗失晶块|2}}{{图标|信用点|20000}},default,
10,|任务条件=完成任务[[初花剑客行]],default,
11,|开放等级=21,default,
12,|相关活动=「初花习剑录」,default,
13,|相关成就=<!-- 合集名#成就名 顿号分隔 -->,default,
14,|相关道具=,default,
15,|相关书籍=,default,
16,|出场人物=三月七、椒丘、灵砂、白露,default,
17,|领取地点=,default,
18,|系列任务=初花习剑录,default,
19,|任务编号=05,default,
20,|前置任务=*[[初花剑客行]],default,
21,|后续任务=,default,
22,|任务流程=*与椒丘等人交谈,default,
23,*前往金人巷，参加约定的决斗,default,
24,}},default,
25,,default,
26,==剧情内容==,default,
27,:{{颜色|描述|时间回到三月七与斯科特立下赌约之后。<br>三月七需严格按照日程练习剑术，十五日内通过三次试剑……}},default,
28,:{{颜色|灰|这次在椒丘的帮助下完成了训练…}},default,
29,,default,
30,=== 与椒丘等人交谈 ===,default,
31,{{任务描述|经过十五日的剑术练习与奇遇，三月七与你所想一致，仅仅是剑斗胜利已经不能满足了。<br>十五日中，你们多次与椒丘一同经历「江湖奇遇」，也许可以向椒丘寻求一点建议。|仙舟「罗浮」-星槎海中枢}},default,
32,*三月七：哎…马上就要和斯科特决战了，我怎么觉得自己的武艺还没什么决定性的进步呢！这样真的能打败斯科特吗？担忧！,content,三月七
33,*三月七：难道没有那种，可以在短时间内打通经脉、提升修为、强身健体的仙丹吗？就是那种，只要吃一颗，立刻能成为绝世邪剑仙的丹药！,content,三月七
34,{{剧情选项,default,
35,|选项1=你是药王秘传吗？,option,开拓者
36,|剧情1=*三月七：唉唉唉！当着这几位医士的面可不敢这么乱说，我怕被扭送地衡司！,branch_content,三月七
37,*椒丘：虽然这个想法很危险，但三月小姐终于学会不择手段赢得胜利了，我心甚慰。,content,椒丘
38,*三月七：这夸奖我听了一点也不开心！,content,三月七
39,|选项2=怎么可能会有那种丹药啦！,option,开拓者
40,|剧情2=*三月七：怎么不可能？西衍先生的《开拓豪侠传》里不是就有吗？吃下那个「九转升天丹」能暴打幻胧，暴打个斯科特不过分吧？,branch_content,三月七
41,*白露：《开拓豪侠传》写得靠不靠谱，难道你自己不知道吗？,content,白露
42,}},default,
43,*灵砂：仙舟上可没有那么方便的药物啦。不过如果只是为了在赛前让自己的体力短暂提升，那也不是做不到。,content,灵砂
44,*白露：三月小姐，我给你熬了一碗「松茸龙眼山白竹雀汤」，又滋养又大补，吃完以后保准你浑身都是劲儿。,content,白露
45,{{剧情选项,default,
46,|选项1=我也要喝！我也要喝！,option,开拓者
47,|剧情1=*白露：去去去，你别凑热闹！这药膳是大补之物，若稍后没有大运动量消耗，反而对身体有害。,branch_content,白露
48,|选项2=赛前灌个水饱真的好吗？,option,开拓者
49,|剧情2=*白露：放心吧，身体会提醒你速战速决的～,branch_content,白露
50,}},default,
51,*三月七：那我能不能先喝一半，剩下一半？万一被斯科特打败了，拿来补身体……,content,三月七
52,*白露：三月小姐这么缺乏自信吗？唔…我本来还等着给公司的人治伤看诊，收三倍诊金呢。,content,白露
53,*三月七：小神医你是不知道，那公司的机甲，打起人来可疼了！,content,三月七
54,*灵砂：只是怕疼，妾身倒是有办法……,content,灵砂
55,*灵砂：此药名唤「押不芦」，只消吃上三钱，就能屏蔽人体感官，让人不觉疼痛。,content,灵砂
56,*灵砂：云骑军某些丹药中也有微量此成分。战阵之上，人人都难免因疼痛而怯懦，所以只要屏蔽疼痛，那自然胜券在握。,content,灵砂
57,*三月七：哇～还有这种神药！但…不会有什么副作用吧？,content,三月七
58,*灵砂：那不会。丹鼎司做手术都用它，能有什么副作用？只不过……,content,灵砂
59,*三月七：只不过？,content,三月七
60,*灵砂：只不过，痛觉是人体的警告信号，无视痛觉，一意孤行战斗下去…那很有可能，受了致命伤却不自知啊。,content,灵砂
61,*灵砂：妾身曾接诊过一名患者，此人与人决斗前服用该药，打完了架才发现…他已经只剩下上半身了……,content,灵砂
62,*三月七：噫！快别说了，我不吃了，疼就疼吧！,content,三月七
63,*白露：我们都在出主意想办法，怎么只有椒丘大夫一直都不说话？,content,白露
64,*白露：椒丘大夫，椒丘！三月小姐马上就要去和斯科特决战了，你在干什么呢！,content,白露
65,*椒丘：啊，不好意思。刚听闻三月小姐准备靠「丹药」解决斯科特，就稍微做了些安排。,content,椒丘
66,*椒丘：唉，诸位的医道理论仍然不尽完善啊。战斗能力提升是个相对概念，其实只要敌弱我强就行，请诸位将思路打开。,content,椒丘
67,*三月七：莫非曜青的医术里有什么秘方能助我一臂之力？,content,三月七
68,*椒丘：没错，这是曜青「染指派」医食同源之术的秘中之秘！若不是为三月小姐出战，我是绝不外传的。,content,椒丘
69,*三月七：你…难道你准备给斯科特下泻药？？？,content,三月七
70,*椒丘：…你是怎么知道的？哼，鄙人的城府还是不够深啊。,content,椒丘
71,{{剧情选项,default,
72,|选项1=太伟大了，仙舟医学。,option,开拓者
73,|剧情1=*灵砂：别把这家伙和我们相提并论。,branch_content,灵砂
74,|选项2=太卑鄙了，「鄙人」医生。,option,开拓者
75,|剧情2=*椒丘：你们称之为「卑鄙」，而我称之为「高效」。,branch_content,椒丘
76,}},default,
77,*三月七：那个…椒丘大夫，这是不是不太好？我们是不是应该堂堂正正一点…要不还是别这么做了吧？,content,三月七
78,*椒丘：啊？你不同意啊？可是现在已经晚了，貊泽已经把事情办妥了。,content,椒丘
79,*三月七：难道你刚才低头玩手机就是在安排貊泽…你们曜青人行动力都这么强的吗！,content,三月七
80,*椒丘：诶呀，已经到决战的时间了，快去和斯科特先生决一死战吧！我还有事，先走一步。,content,椒丘
81,:{{颜色|灰|椒丘离开了}},default,
82,*三月七：他跑了！啊这这这，这怎么办……,content,三月七
83,*白露：木已成舟，三月小姐，只能上了。,content,白露
84,*灵砂：别担心，我们会抢救斯科特的。希望人没事。,content,灵砂
85,*三月七：走吧…开拓者。,content,三月七
86,,default,
87,=== 前往金人巷，参加约定的决斗 ===,default,
88,{{任务描述|按照椒丘的「卑鄙」计划，你们只需要去和斯科特决斗，斯科特必然会因为泻药的淫威倒下。<br>椒丘，你好卑鄙。木已成舟，你们该去金人巷了。|仙舟「罗浮」-金人巷}},default,
89,*斯科特：三月七，你终于来了！你都不知道吧，你在这金人巷已经非常不得人心了！,content,斯科特
90,*三月七：不得人心？你说什么呢，这金人巷里谁不喜欢我活泼可爱的小三月？,content,三月七
91,*斯科特：哈哈，我都听人说了，他们只是慑于彦卿和云璃的淫威，敢怒不敢言罢了！,content,斯科特
92,*斯科特：我告诉你，刚才有一位勇士偷偷找到我，鼓励我勇敢战胜你，为金人巷的乡亲们狠狠出一口恶气。,content,斯科特
93,*斯科特：不仅如此，他还送了我和兄弟们一大锅药膳汤，让我们喝完药膳，再精神百倍地对付你。,content,斯科特
94,*三月七：哈哈，那还真是…古道热肠的勇士啊……,content,三月七
95,{{剧情选项,default,
96,|选项1=那你们喝完了吗？,option,开拓者
97,|剧情1=*斯科特：当然喝完了。那药膳汤真是美味极了！没想到在人心冷漠的罗浮，还能喝到这样滚热肠胃的汤，真是出人意料啊。,branch_content,斯科特
98,|选项2=那个汤里有泻药。,option,开拓者
99,|剧情2=*斯科特：你当我不知道吗？你说这话就是想分化瓦解我们和金人巷有识之士之间因共同利益和阶级感情所结成的攻守同盟并以此达成击败我的目的。,branch_content,斯科特
100,*三月七：你这长难句我愣是没听懂。,content,三月七
101,}},default,
102,*斯科特：行了，废话说够多了。兄弟们，上吧！让百姓们悉心烹饪的药膳汤带给我们更多力量！绝不能输！,content,斯科特
103,*三月七：你们几个别太逞强啊！撑不住了就赶紧撤！,content,三月七
104,*斯科特：不用你操心！！！,content,斯科特
105,:{{颜色|灰|进入战斗}},default,
106,*公司员工甲：呃啊…肚子好疼…怎么回事…,content,公司员工甲
107,*公司员工乙：我…我肚子也疼，难道那碗药膳真的有问题？,content,公司员工乙
108,*斯科特：卑鄙的仙舟人！,content,斯科特
109,*斯科特：总之，坚持一下！先打倒这个小妮子再说！,content,斯科特
110,*公司员工甲：不行了，我感觉自己昨天的晚餐要离我而去！,content,公司员工甲
111,*公司员工甲：去…去个卫生间！再见！,content,公司员工甲
112,*斯科特：混账，不许跑！,content,斯科特
113,*公司员工乙：对不起！我也撑不住了，真的要、要、要…,content,公司员工乙
114,*斯科特：好了不要再说下去了！快滚！滚啊！,content,斯科特
115,*斯科特：好疼…眼前出现了幻觉…,content,斯科特
116,*斯科特：星穹列车正在向外…奔跑…,content,斯科特
117,*斯科特：可恶啊！可恶的星穹列车！不许发车！,content,斯科特
118,:{{颜色|灰|获得了<s>不光彩的</s>胜利}},default,
119,:{{黑幕|如果输掉比试会直接重新开始比试}},default,
120,*斯科特：我输了。我输了。三月七，你太卑鄙了。,content,斯科特
121,*三月七：你还是快去卫生间吧……,content,三月七
122,*斯科特：不，已经不用去了。,content,斯科特
123,*三月七：……,content,三月七
124,*斯科特：……,content,斯科特
125,{{剧情选项,default,
126,|选项1=学猪叫环节呢？,option,开拓者
127,|剧情1=*三月七：他都这样了，就算了吧。,branch_content,三月七
128,|选项2=我们确实有点卑鄙了。,option,开拓者
129,|剧情2=*三月七：…但内心深处有点痛快。这是不是堕入黑暗面的开始？,branch_content,三月七
130,}},default,
131,*斯科特：三月七…我还有最后一句话。,content,斯科特
132,*三月七：你要是想骂我的话就骂吧！这一招我也觉得有点过分……,content,三月七
133,*斯科特：我认可你了。,content,斯科特
134,*三月七：啊？？？,content,三月七
135,*斯科特：三月七，你是我认识的第一个，和我一样卑鄙无耻、残酷无情、不择手段的人。这一次，是你更卑鄙无耻、更残酷无情，更不择手段！我输得心服口服！,content,斯科特
136,*斯科特：也许有一天，我们会成为真正的朋友。如果你想来公司工作，我也一定会为你写推荐信。,content,斯科特
137,*三月七：听你夸奖完，我真的好生气。开拓者，我可以趁他站不起来，再打他一顿吗？,content,三月七
138,{{剧情选项,default,
139,|选项1=动手吧。,option,开拓者
140,|剧情1=*斯科特：动手吧，毕竟，我已经没有还手之力了。,branch_content,斯科特
141,:一滴冰冷的泪珠，终于裹挟着强忍不住的悲伤，从男人的眼角，滑落。,default,
142,*三月七：算了，我不会乘人之危的。,content,三月七
143,|选项2=放过他吧。,option,开拓者
144,|剧情2=*斯科特：放过我吧。毕竟，我已经没有还手之力了。,branch_content,斯科特
145,:一滴冰冷的泪珠，终于裹挟着强忍不住的悲伤，从男人的眼角，滑落。,default,
146,*三月七：不行，不能放过。因为我很卑鄙。,content,三月七
147,}},default,
148,*斯科特：弟兄们！弟兄们！还有能动的弟兄吗！快来救我！,content,斯科特
149,:{{颜色|描述|几个尚能活动的公司员工冲进人群，七手八脚地抬走了斯科特专员。}},default,
150,*彦卿：三月小姐…下次还是用些堂堂正正的办法吧。,content,彦卿
151,*三月七：不是我的主意！是那个粉毛狐狸自作主张的！我这最多只能算是…算是…无限制剑斗流？,content,三月七
152,:{{颜色|描述|一段小插曲结束了，而三月七的剑术学习还将继续。}},default,
